{
  "page_likes_v2": [
    {
      "name": "Sellers Group",
      "timestamp": 1605764435
    },
    {
      "name": "May PLC",
      "timestamp": 1588035854
    },
    {
      "name": "Smith, Green and Long",
      "timestamp": 1618916309
    },
    {
      "name": "Dean Ltd",
      "timestamp": 1579494630
    },
    {
      "name": "Phillips and Sons",
      "timestamp": 1615220299
    },
    {
      "name": "Navarro, Ellis and Williams",
      "timestamp": 1610746091
    },
    {
      "name": "Lopez Ltd",
      "timestamp": 1615411486
    },
    {
      "name": "Porter-Nelson",
      "timestamp": 1620710920
    },
    {
      "name": "Castillo, Briggs and Williams",
      "timestamp": 1616541841
    },
    {
      "name": "Leonard, Williams and Austin",
      "timestamp": 1609869443
    },
    {
      "name": "Thompson-Harris",
      "timestamp": 1593425966
    },
    {
      "name": "Weber-Mullen",
      "timestamp": 1617831390
    },
    {
      "name": "Hoover-Garcia",
      "timestamp": 1619498555
    },
    {
      "name": "Bell Inc",
      "timestamp": 1621853217
    },
    {
      "name": "Haley, Carroll and Olson",
      "timestamp": 1620962186
    },
    {
      "name": "Peterson-Garza",
      "timestamp": 1592067510
    },
    {
      "name": "Mcmahon, Garcia and Andrews",
      "timestamp": 1608592014
    },
    {
      "name": "Gray-Manning",
      "timestamp": 1590822002
    },
    {
      "name": "Valentine-Moore",
      "timestamp": 1621975954
    },
    {
      "name": "Barker Inc",
      "timestamp": 1610598691
    }
  ]
}