{
  "reactions_v2": [
    {
      "timestamp": 1581086168,
      "data": [
        {
          "reaction": {
            "reaction": "LIKE",
            "actor": "charlesthompson"
          }
        }
      ],
      "title": "charlesthompson likes Monica Brown's post."
    },
    {
      "timestamp": 1602854891,
      "data": [
        {
          "reaction": {
            "reaction": "LIKE",
            "actor": "charlesthompson"
          }
        }
      ],
      "title": "charlesthompson likes Roy Medina's post."
    },
    {
      "timestamp": 1595667310,
      "data": [
        {
          "reaction": {
            "reaction": "LIKE",
            "actor": "charlesthompson"
          }
        }
      ],
      "title": "charlesthompson likes James Sanchez's post."
    },
    {
      "timestamp": 1597551543,
      "data": [
        {
          "reaction": {
            "reaction": "LIKE",
            "actor": "charlesthompson"
          }
        }
      ],
      "title": "charlesthompson likes Michael Thomas's post."
    },
    {
      "timestamp": 1578623720,
      "data": [
        {
          "reaction": {
            "reaction": "LOVE",
            "actor": "charlesthompson"
          }
        }
      ],
      "title": "charlesthompson likes Melinda Paul's post."
    },
    {
      "timestamp": 1621315697,
      "data": [
        {
          "reaction": {
            "reaction": "LIKE",
            "actor": "charlesthompson"
          }
        }
      ],
      "title": "charlesthompson likes Miguel Zuniga's post."
    },
    {
      "timestamp": 1588200886,
      "data": [
        {
          "reaction": {
            "reaction": "LIKE",
            "actor": "charlesthompson"
          }
        }
      ],
      "title": "charlesthompson likes Jessica Campbell's post."
    },
    {
      "timestamp": 1584981871,
      "data": [
        {
          "reaction": {
            "reaction": "LIKE",
            "actor": "charlesthompson"
          }
        }
      ],
      "title": "charlesthompson likes Julie Rivera's post."
    },
    {
      "timestamp": 1581215484,
      "data": [
        {
          "reaction": {
            "reaction": "LIKE",
            "actor": "charlesthompson"
          }
        }
      ],
      "title": "charlesthompson likes Howard Brown's post."
    },
    {
      "timestamp": 1583511126,
      "data": [
        {
          "reaction": {
            "reaction": "LIKE",
            "actor": "charlesthompson"
          }
        }
      ],
      "title": "charlesthompson likes Isaiah Ali's post."
    },
    {
      "timestamp": 1610047902,
      "data": [
        {
          "reaction": {
            "reaction": "LIKE",
            "actor": "charlesthompson"
          }
        }
      ],
      "title": "charlesthompson likes April Murphy's post."
    },
    {
      "timestamp": 1619898410,
      "data": [
        {
          "reaction": {
            "reaction": "LOVE",
            "actor": "charlesthompson"
          }
        }
      ],
      "title": "charlesthompson likes Scott Young's post."
    },
    {
      "timestamp": 1596939673,
      "data": [
        {
          "reaction": {
            "reaction": "LOVE",
            "actor": "charlesthompson"
          }
        }
      ],
      "title": "charlesthompson likes Jennifer Lowe's post."
    },
    {
      "timestamp": 1598926408,
      "data": [
        {
          "reaction": {
            "reaction": "LIKE",
            "actor": "charlesthompson"
          }
        }
      ],
      "title": "charlesthompson likes Carlos Carter's post."
    },
    {
      "timestamp": 1619311090,
      "data": [
        {
          "reaction": {
            "reaction": "LIKE",
            "actor": "charlesthompson"
          }
        }
      ],
      "title": "charlesthompson likes Daniel Day's post."
    },
    {
      "timestamp": 1614626735,
      "data": [
        {
          "reaction": {
            "reaction": "LIKE",
            "actor": "charlesthompson"
          }
        }
      ],
      "title": "charlesthompson likes Juan Miller's post."
    },
    {
      "timestamp": 1583413548,
      "data": [
        {
          "reaction": {
            "reaction": "LOVE",
            "actor": "charlesthompson"
          }
        }
      ],
      "title": "charlesthompson likes Kyle Thompson's post."
    },
    {
      "timestamp": 1591255673,
      "data": [
        {
          "reaction": {
            "reaction": "LIKE",
            "actor": "charlesthompson"
          }
        }
      ],
      "title": "charlesthompson likes Jonathan King's post."
    },
    {
      "timestamp": 1611143687,
      "data": [
        {
          "reaction": {
            "reaction": "LIKE",
            "actor": "charlesthompson"
          }
        }
      ],
      "title": "charlesthompson likes Stephanie Mckinney's post."
    },
    {
      "timestamp": 1584668568,
      "data": [
        {
          "reaction": {
            "reaction": "LIKE",
            "actor": "charlesthompson"
          }
        }
      ],
      "title": "charlesthompson likes Denise Scott's post."
    }
  ]
}