{
  "page_likes": [
    {
      "name": "Williams, Baker and Wood",
      "timestamp": 1591002189
    },
    {
      "name": "Thompson-Weaver",
      "timestamp": 1595186279
    },
    {
      "name": "Johnson-Padilla",
      "timestamp": 1591420640
    },
    {
      "name": "Conley Ltd",
      "timestamp": 1596481393
    },
    {
      "name": "Williams, Allen and Benson",
      "timestamp": 1597139121
    },
    {
      "name": "Anderson Group",
      "timestamp": 1600220454
    },
    {
      "name": "Gonzalez, Pena and Taylor",
      "timestamp": 1601214963
    },
    {
      "name": "Morrison-Ortega",
      "timestamp": 1606244716
    },
    {
      "name": "Rodriguez, Smith and Adams",
      "timestamp": 1582976776
    },
    {
      "name": "Espinoza, Cook and Leonard",
      "timestamp": 1604122376
    },
    {
      "name": "Parks and Sons",
      "timestamp": 1604808731
    },
    {
      "name": "Newton-Watts",
      "timestamp": 1594169921
    },
    {
      "name": "Little-Brown",
      "timestamp": 1588132990
    },
    {
      "name": "Gomez-Stewart",
      "timestamp": 1594927006
    },
    {
      "name": "May-Frazier",
      "timestamp": 1606927694
    },
    {
      "name": "Perez-Robinson",
      "timestamp": 1596550557
    },
    {
      "name": "Williams-White",
      "timestamp": 1594644213
    },
    {
      "name": "Velez Ltd",
      "timestamp": 1587044168
    },
    {
      "name": "Moon Group",
      "timestamp": 1595078430
    },
    {
      "name": "Tyler, Johnson and Jackson",
      "timestamp": 1586822994
    }
  ]
}