{
  "reactions": [
    {
      "timestamp": 1610104584,
      "data": [
        {
          "reaction": {
            "reaction": "LIKE",
            "actor": "jennifer87"
          }
        }
      ],
      "title": "jennifer87 likes Jerry Boone's post."
    },
    {
      "timestamp": 1586733711,
      "data": [
        {
          "reaction": {
            "reaction": "LIKE",
            "actor": "jennifer87"
          }
        }
      ],
      "title": "jennifer87 likes John Murphy's post."
    },
    {
      "timestamp": 1609152352,
      "data": [
        {
          "reaction": {
            "reaction": "LIKE",
            "actor": "jennifer87"
          }
        }
      ],
      "title": "jennifer87 likes Joseph White's post."
    },
    {
      "timestamp": 1590378841,
      "data": [
        {
          "reaction": {
            "reaction": "LIKE",
            "actor": "jennifer87"
          }
        }
      ],
      "title": "jennifer87 likes Amy Wise's post."
    },
    {
      "timestamp": 1585539421,
      "data": [
        {
          "reaction": {
            "reaction": "LIKE",
            "actor": "jennifer87"
          }
        }
      ],
      "title": "jennifer87 likes Robert Tran's post."
    },
    {
      "timestamp": 1583457160,
      "data": [
        {
          "reaction": {
            "reaction": "LIKE",
            "actor": "jennifer87"
          }
        }
      ],
      "title": "jennifer87 likes Jordan Henry's post."
    },
    {
      "timestamp": 1601660447,
      "data": [
        {
          "reaction": {
            "reaction": "LIKE",
            "actor": "jennifer87"
          }
        }
      ],
      "title": "jennifer87 likes Kenneth Mills's post."
    },
    {
      "timestamp": 1598563600,
      "data": [
        {
          "reaction": {
            "reaction": "LIKE",
            "actor": "jennifer87"
          }
        }
      ],
      "title": "jennifer87 likes Isaac Shaw's post."
    },
    {
      "timestamp": 1590318609,
      "data": [
        {
          "reaction": {
            "reaction": "LIKE",
            "actor": "jennifer87"
          }
        }
      ],
      "title": "jennifer87 likes Jeffrey Davenport's post."
    },
    {
      "timestamp": 1604608207,
      "data": [
        {
          "reaction": {
            "reaction": "LIKE",
            "actor": "jennifer87"
          }
        }
      ],
      "title": "jennifer87 likes Katie Baker's post."
    },
    {
      "timestamp": 1586148605,
      "data": [
        {
          "reaction": {
            "reaction": "LIKE",
            "actor": "jennifer87"
          }
        }
      ],
      "title": "jennifer87 likes James Larson's post."
    },
    {
      "timestamp": 1601334700,
      "data": [
        {
          "reaction": {
            "reaction": "LIKE",
            "actor": "jennifer87"
          }
        }
      ],
      "title": "jennifer87 likes Stephanie Baker's post."
    },
    {
      "timestamp": 1596908532,
      "data": [
        {
          "reaction": {
            "reaction": "LIKE",
            "actor": "jennifer87"
          }
        }
      ],
      "title": "jennifer87 likes Travis Nunez's post."
    },
    {
      "timestamp": 1604808089,
      "data": [
        {
          "reaction": {
            "reaction": "LIKE",
            "actor": "jennifer87"
          }
        }
      ],
      "title": "jennifer87 likes Lonnie Rhodes's post."
    },
    {
      "timestamp": 1591967366,
      "data": [
        {
          "reaction": {
            "reaction": "LOVE",
            "actor": "jennifer87"
          }
        }
      ],
      "title": "jennifer87 likes Eric Martin's post."
    },
    {
      "timestamp": 1604079106,
      "data": [
        {
          "reaction": {
            "reaction": "LIKE",
            "actor": "jennifer87"
          }
        }
      ],
      "title": "jennifer87 likes Jamie Weber's post."
    },
    {
      "timestamp": 1605071765,
      "data": [
        {
          "reaction": {
            "reaction": "LIKE",
            "actor": "jennifer87"
          }
        }
      ],
      "title": "jennifer87 likes Michael Taylor's post."
    },
    {
      "timestamp": 1604887641,
      "data": [
        {
          "reaction": {
            "reaction": "LIKE",
            "actor": "jennifer87"
          }
        }
      ],
      "title": "jennifer87 likes Kristy Kirby's post."
    },
    {
      "timestamp": 1583023190,
      "data": [
        {
          "reaction": {
            "reaction": "LIKE",
            "actor": "jennifer87"
          }
        }
      ],
      "title": "jennifer87 likes Elizabeth Green's post."
    },
    {
      "timestamp": 1587958954,
      "data": [
        {
          "reaction": {
            "reaction": "LIKE",
            "actor": "jennifer87"
          }
        }
      ],
      "title": "jennifer87 likes Brooke Dawson's post."
    }
  ]
}