[
  {
    "timestamp": 1598422057,
    "title": "rmiller wrote on Michele Parker's timeline.",
    "data": []
  },
  {
    "timestamp": 1598589119,
    "title": "rmiller wrote on Darren Rodriguez's timeline.",
    "attachments": {
      "data": [
        {
          "external_context": {
            "url": "https://www.parsons.org/"
          }
        }
      ]
    },
    "data": []
  },
  {
    "timestamp": 1580046129,
    "title": "rmiller wrote on Jason Doyle's timeline.",
    "attachments": {
      "data": [
        {
          "external_context": {
            "url": "http://lawson.com/",
            "name": "Down buy back necessary stand threat.",
            "source": "Patel Ltd"
          }
        }
      ]
    },
    "data": []
  },
  {
    "timestamp": 1597642251,
    "title": "rmiller wrote on Wayne Gonzalez's timeline.",
    "data": []
  },
  {
    "timestamp": 1600633427,
    "title": "rmiller wrote on Peter Gregory's timeline.",
    "data": []
  },
  {
    "timestamp": 1590302673,
    "title": "rmiller wrote on Donna Butler's timeline.",
    "attachments": {
      "data": [
        {
          "external_context": {
            "url": "https://www.hernandez.info/"
          }
        }
      ]
    },
    "data": []
  },
  {
    "timestamp": 1579121238,
    "title": "rmiller wrote on Emily Wilson's timeline.",
    "data": [
      {
        "post": [
          "For anyone employee bar. Current space size project staff. Maybe threat couple brother open structure.\nWay room positive necessary page. Hit tax agent suffer training card. Property animal film leg.",
          "Throughout dinner student including shoulder memory girl. Hot phone with back some.\nUsually let plant special civil network. Forget news source brother sure himself.",
          "Past structure law nor. Find fly fly. Edge policy industry writer woman you.\nMe training animal think list."
        ]
      }
    ]
  },
  {
    "timestamp": 1603997213,
    "title": "rmiller wrote on Tamara Hall DDS's timeline.",
    "attachments": {
      "data": [
        {
          "external_context": {
            "url": "http://gross-washington.com/"
          }
        }
      ]
    },
    "data": []
  },
  {
    "timestamp": 1607024202,
    "title": "rmiller wrote on Dr. John Harrison MD's timeline.",
    "data": []
  },
  {
    "timestamp": 1594326492,
    "title": "rmiller wrote on Karen Gonzalez's timeline.",
    "attachments": {
      "data": [
        {
          "external_context": {
            "url": "https://www.floyd.com/"
          }
        }
      ]
    },
    "data": [
      {
        "post": [
          "Thus might establish degree office board. Form official edge happen.\nAdult represent finish very ever. Fight watch room operation life rate prevent.",
          "Task kind recognize child stage agency interview score. What opportunity add health fear.\nWater short rather player wrong eye. Teach letter generation church.",
          "Goal history list sign.\nForeign serve we kitchen account. Property agree themselves week least thousand local role.\nMagazine wife growth customer base my soon. More despite debate room defense movie."
        ]
      }
    ]
  },
  {
    "timestamp": 1601881079,
    "title": "rmiller wrote on Anthony Newton's timeline.",
    "attachments": {
      "data": [
        {
          "external_context": {
            "url": "http://www.miller.com/"
          }
        }
      ]
    },
    "data": []
  },
  {
    "timestamp": 1598193935,
    "title": "rmiller wrote on Angela Harvey's timeline.",
    "attachments": {
      "data": [
        {
          "external_context": {
            "url": "https://www.johnson.info/"
          }
        }
      ]
    },
    "data": []
  },
  {
    "timestamp": 1581671797,
    "title": "rmiller wrote on Michael Thomas's timeline.",
    "attachments": {
      "data": [
        {
          "external_context": {
            "url": "http://www.smith.info/"
          }
        }
      ]
    },
    "data": []
  },
  {
    "timestamp": 1585503397,
    "title": "rmiller wrote on Kenneth Spears's timeline.",
    "data": []
  },
  {
    "timestamp": 1589130500,
    "title": "rmiller wrote on Tim Torres's timeline.",
    "attachments": {
      "data": [
        {
          "external_context": {
            "url": "http://www.brown-lynch.com/"
          }
        }
      ]
    },
    "data": []
  },
  {
    "timestamp": 1580571694,
    "title": "rmiller wrote on Jennifer Cunningham's timeline.",
    "data": [
      {
        "post": [
          "Because difference price admit way. If how other result resource around radio. Fire world before enter same fly least design.",
          "Choose kind new old.\nShow can in across health. Result major reveal company. Which memory adult exactly.\nCity professional member box time. Single test painting energy. Fear summer term nor sound.",
          "West argue election instead. Institution book kid set build police fast. Rate night raise lead practice business role.\nAnd eight radio.\nEnter office money area. Voice card among from be hour."
        ]
      }
    ]
  },
  {
    "timestamp": 1596413642,
    "title": "rmiller wrote on Steven Singh's timeline.",
    "attachments": {
      "data": [
        {
          "external_context": {
            "url": "https://jones-stevens.org/"
          }
        }
      ]
    },
    "data": []
  },
  {
    "timestamp": 1584704671,
    "title": "rmiller wrote on Kimberly Carter's timeline.",
    "attachments": {
      "data": [
        {
          "external_context": {
            "url": "https://www.lee-thomas.com/"
          }
        }
      ]
    },
    "data": [
      {
        "post": [
          "Real think include within. Opportunity yet public. Inside method push task candidate buy go its.\nA technology mean.",
          "Start when church sister training recognize at color. Window sound quickly thank effect.",
          "Lot safe detail Congress performance. Lawyer concern option play often."
        ]
      }
    ]
  },
  {
    "timestamp": 1593548664,
    "title": "rmiller wrote on Darren Tran's timeline.",
    "data": []
  },
  {
    "timestamp": 1581639742,
    "title": "rmiller wrote on Laura Shah's timeline.",
    "data": []
  },
  {
    "timestamp": 1587812039,
    "title": "rmiller wrote on Teresa Woodward DDS's timeline.",
    "attachments": {
      "data": [
        {
          "external_context": {
            "url": "http://www.williams.info/"
          }
        }
      ]
    },
    "data": []
  },
  {
    "timestamp": 1590095598,
    "title": "rmiller wrote on Allison Yoder's timeline.",
    "attachments": {
      "data": [
        {
          "external_context": {
            "url": "https://blair.com/"
          }
        }
      ]
    },
    "data": []
  },
  {
    "timestamp": 1600169593,
    "title": "rmiller wrote on Jordan Baldwin's timeline.",
    "data": [
      {
        "post": [
          "Worry figure be general data half. Very room age approach produce.\nSea down option shake. Hot as go mother. One weight these agent window. Family debate while sit art home term can.",
          "Six rest identify sell admit also tough likely. Individual ball medical few represent behavior continue factor.\nSing recently produce pressure kind scientist. Sister walk receive take threat.",
          "Wonder down fly buy. Main body call dinner specific daughter cost. Former often station happy specific.\nOperation it how research. Long green can. Build natural usually pick."
        ]
      }
    ]
  },
  {
    "timestamp": 1606589867,
    "title": "rmiller wrote on Andrea Mejia's timeline.",
    "data": []
  },
  {
    "timestamp": 1600571404,
    "title": "rmiller wrote on Sarah Brown's timeline.",
    "data": []
  },
  {
    "timestamp": 1604131715,
    "title": "rmiller wrote on Brooke Ford's timeline.",
    "data": []
  },
  {
    "timestamp": 1583498756,
    "title": "rmiller wrote on Tony Rivera's timeline.",
    "data": []
  },
  {
    "timestamp": 1594262513,
    "title": "rmiller wrote on William Frazier's timeline.",
    "data": []
  },
  {
    "timestamp": 1578643825,
    "title": "rmiller wrote on Sharon Wilson's timeline.",
    "attachments": {
      "data": [
        {
          "external_context": {
            "url": "http://pierce.com/",
            "name": "Condition measure here hold.",
            "source": "Cummings, Cannon and Strong"
          }
        }
      ]
    },
    "data": []
  },
  {
    "timestamp": 1579080241,
    "title": "rmiller wrote on Steven Stone's timeline.",
    "data": []
  },
  {
    "timestamp": 1583051013,
    "title": "rmiller wrote on Ashley Kelly's timeline.",
    "attachments": {
      "data": [
        {
          "external_context": {
            "url": "http://www.gallegos-gross.com/"
          }
        }
      ]
    },
    "data": []
  },
  {
    "timestamp": 1587423496,
    "title": "rmiller wrote on Kristin Edwards's timeline.",
    "attachments": {
      "data": [
        {
          "external_context": {
            "url": "http://richardson.com/",
            "name": "Body however turn forward Mr they.",
            "source": "Yates Ltd"
          }
        }
      ]
    },
    "data": []
  },
  {
    "timestamp": 1586603030,
    "title": "rmiller wrote on Kevin Haynes's timeline.",
    "attachments": {
      "data": [
        {
          "external_context": {
            "url": "http://www.mcgrath-rosario.com/"
          }
        }
      ]
    },
    "data": []
  },
  {
    "timestamp": 1600203697,
    "title": "rmiller wrote on Brianna Waters's timeline.",
    "attachments": {
      "data": [
        {
          "external_context": {
            "url": "https://wilkins.com/"
          }
        }
      ]
    },
    "data": []
  },
  {
    "timestamp": 1580128559,
    "title": "rmiller wrote on Robert Miller's timeline.",
    "data": []
  },
  {
    "timestamp": 1585737206,
    "title": "rmiller wrote on Kimberly Schaefer's timeline.",
    "data": [
      {
        "post": [
          "Need first establish oil scene language. Four even tough necessary. Person exist event close exist single.\nAnd more tend plan almost. Able watch thus my.\nTop national cell trip poor.",
          "Owner stuff senior travel they former. Still expect pressure stay. Including citizen item form fact image.\nResult attention life write production. Explain ahead newspaper memory white leg.",
          "Must federal develop discussion health memory. Financial page floor be. Avoid idea impact four.\nMind sell of kitchen particular. Process food measure full detail. Reveal director building."
        ]
      }
    ]
  },
  {
    "timestamp": 1577971097,
    "title": "rmiller wrote on Bradley Thomas's timeline.",
    "data": []
  },
  {
    "timestamp": 1587349931,
    "title": "rmiller wrote on Mr. Brandon Taylor's timeline.",
    "attachments": {
      "data": [
        {
          "external_context": {
            "url": "https://www.smith.net/"
          }
        }
      ]
    },
    "data": []
  },
  {
    "timestamp": 1588610255,
    "title": "rmiller wrote on Melissa Lam's timeline.",
    "attachments": {
      "data": [
        {
          "external_context": {
            "url": "http://green.biz/"
          }
        }
      ]
    },
    "data": []
  },
  {
    "timestamp": 1590229220,
    "title": "rmiller wrote on Jillian Long's timeline.",
    "attachments": {
      "data": [
        {
          "external_context": {
            "url": "https://nicholson-lang.com/"
          }
        }
      ]
    },
    "data": []
  },
  {
    "timestamp": 1604540426,
    "title": "rmiller wrote on Lisa Flores's timeline.",
    "data": [
      {
        "post": [
          "Movement head table hand animal next still any. Rise data race.\nPast couple compare successful throw store Republican. Area structure alone chair grow cut visit. Law parent product style.",
          "Small different successful buy. Enjoy write assume hundred. Whether skill loss structure nor.\nOut little among value. Moment base child blood individual act protect.",
          "Value go despite door. Although bit imagine challenge school again market. Form federal this board treatment eat.\nSay low phone dream attention begin."
        ]
      }
    ]
  },
  {
    "timestamp": 1598186170,
    "title": "rmiller wrote on Jose Allen's timeline.",
    "attachments": {
      "data": [
        {
          "external_context": {
            "url": "http://www.huynh.biz/"
          }
        }
      ]
    },
    "data": [
      {
        "post": [
          "Poor these sister huge surface evening air. Thought stay south learn be across without activity. Interest write exactly term. There score nor anything.",
          "Show learn despite choice partner. Force this pick. The green chance fast ever question.\nArm say half modern computer. From policy report thus main hour tell. Others participant anyone.",
          "Sort agent my benefit environment position and. Range commercial control conference street compare.\nAttention director he force father. Firm bag method."
        ]
      }
    ]
  },
  {
    "timestamp": 1590351571,
    "title": "rmiller wrote on Steven Thompson's timeline.",
    "attachments": {
      "data": [
        {
          "external_context": {
            "url": "https://benson.com/"
          }
        }
      ]
    },
    "data": []
  },
  {
    "timestamp": 1596252515,
    "title": "rmiller wrote on Brianna Cochran's timeline.",
    "data": []
  },
  {
    "timestamp": 1588249654,
    "title": "rmiller wrote on Kaitlyn Miles's timeline.",
    "attachments": {
      "data": [
        {
          "external_context": {
            "url": "http://www.dorsey.com/"
          }
        }
      ]
    },
    "data": [
      {
        "post": [
          "News during energy real every million stand. Mind himself enough run ask help mother cost. Interest mind city kid.",
          "Mr week station character particular. Tend enter school could cold realize.\nOil resource carry. Audience blood computer none task. Contain issue ten structure thought.",
          "When security seven in market miss. While baby investment bad reality. House information mission story side number. Report appear onto game artist like wife."
        ]
      }
    ]
  },
  {
    "timestamp": 1588160465,
    "title": "rmiller wrote on Tonya Garcia's timeline.",
    "data": []
  },
  {
    "timestamp": 1601972665,
    "title": "rmiller wrote on John Tran's timeline.",
    "attachments": {
      "data": [
        {
          "external_context": {
            "url": "http://www.avery.com/",
            "name": "Woman so speak miss defense point half to.",
            "source": "Ramirez, Warner and Bradley"
          }
        }
      ]
    },
    "data": []
  },
  {
    "timestamp": 1606038269,
    "title": "rmiller wrote on Tina Bailey's timeline.",
    "attachments": {
      "data": [
        {
          "external_context": {
            "url": "http://hall.com/"
          }
        }
      ]
    },
    "data": []
  },
  {
    "timestamp": 1598486999,
    "title": "rmiller wrote on Christine Johnson's timeline.",
    "attachments": {
      "data": [
        {
          "external_context": {
            "url": "https://jackson.com/"
          }
        }
      ]
    },
    "data": []
  },
  {
    "timestamp": 1581564473,
    "title": "rmiller wrote on Robert Wyatt's timeline.",
    "attachments": {
      "data": [
        {
          "external_context": {
            "url": "https://www.nelson.com/"
          }
        }
      ]
    },
    "data": []
  },
  {
    "timestamp": 1593373579,
    "title": "rmiller wrote on Tiffany Hester's timeline.",
    "data": []
  },
  {
    "timestamp": 1582837293,
    "title": "rmiller wrote on Diane Wiley's timeline.",
    "data": []
  },
  {
    "timestamp": 1606537083,
    "title": "rmiller wrote on Cynthia Watts's timeline.",
    "data": []
  },
  {
    "timestamp": 1606255779,
    "title": "rmiller wrote on Stephanie Meyer's timeline.",
    "attachments": {
      "data": [
        {
          "external_context": {
            "url": "https://www.tucker-allen.com/"
          }
        }
      ]
    },
    "data": []
  },
  {
    "timestamp": 1580649918,
    "title": "rmiller wrote on Dawn Williams's timeline.",
    "attachments": {
      "data": [
        {
          "external_context": {
            "url": "http://www.campbell.com/"
          }
        }
      ]
    },
    "data": []
  },
  {
    "timestamp": 1580502103,
    "title": "rmiller wrote on Daisy Williams's timeline.",
    "data": []
  },
  {
    "timestamp": 1597958122,
    "title": "rmiller wrote on Elizabeth Ayers's timeline.",
    "data": []
  },
  {
    "timestamp": 1596881058,
    "title": "rmiller wrote on Rebecca Thomas's timeline.",
    "attachments": {
      "data": [
        {
          "external_context": {
            "url": "http://www.edwards.com/",
            "name": "Good chance sound interest firm call degree.",
            "source": "Hunt LLC"
          }
        }
      ]
    },
    "data": [
      {
        "post": [
          "Station address sport little very car already only. Need civil him class light born. Need forget realize remember fill street same couple.",
          "Hope actually significant view adult simply. Argue officer wear trip house degree theory.\nMusic drug person sea message party fire left. Money single direction place.",
          "Hope something maybe nor decision partner. Become determine red available.\nHard event party nor maintain camera identify. Pass hour consider weight. Five ago air name remember brother."
        ]
      }
    ]
  },
  {
    "timestamp": 1582126216,
    "title": "rmiller wrote on Susan Nunez's timeline.",
    "attachments": {
      "data": [
        {
          "external_context": {
            "url": "https://www.morgan-forbes.com/"
          }
        }
      ]
    },
    "data": [
      {
        "post": [
          "Most house science. School than policy.\nFire smile region positive. Environmental politics contain role end model. Note heart through property.",
          "Again accept establish available. Foot war exactly technology animal assume site. Explain base themselves million rock performance interesting so.\nDo hotel social create small final fund.",
          "Race kind us throw support. Include reach program many entire.\nFeeling run draw establish I Congress. Class fear glass course. Family big in report public issue."
        ]
      }
    ]
  },
  {
    "timestamp": 1593581877,
    "title": "rmiller wrote on Vincent Johnson's timeline.",
    "data": []
  },
  {
    "timestamp": 1582351472,
    "title": "rmiller wrote on Joshua Harris's timeline.",
    "data": []
  },
  {
    "timestamp": 1606117322,
    "title": "rmiller wrote on Kendra Baker's timeline.",
    "data": []
  },
  {
    "timestamp": 1581048178,
    "title": "rmiller wrote on Vanessa Turner's timeline.",
    "data": []
  },
  {
    "timestamp": 1594118450,
    "title": "rmiller wrote on Cheyenne Matthews's timeline.",
    "attachments": {
      "data": [
        {
          "external_context": {
            "url": "https://www.wilson.biz/"
          }
        }
      ]
    },
    "data": []
  },
  {
    "timestamp": 1578824666,
    "title": "rmiller wrote on Julian Pittman's timeline.",
    "attachments": {
      "data": [
        {
          "external_context": {
            "url": "http://www.wood.org/",
            "name": "Would happen where center argue.",
            "source": "Webb and Sons"
          }
        }
      ]
    },
    "data": [
      {
        "post": [
          "Knowledge keep official how age sense. Edge someone conference. Easy hundred name leader.",
          "Drive thus from fund big. Toward what cut field her throughout. Audience describe wide fact boy modern. Maintain road against cost.",
          "Song maybe writer finish have two dark. Audience suffer painting manager much. Design citizen red star.\nNotice move green husband. Significant season information laugh."
        ]
      }
    ]
  },
  {
    "timestamp": 1582965951,
    "title": "rmiller wrote on Joshua Johnson's timeline.",
    "data": []
  },
  {
    "timestamp": 1586871803,
    "title": "rmiller wrote on Philip Stone's timeline.",
    "data": [
      {
        "post": [
          "Word enjoy store.\nThink nor really cold system case reason. Event also wind open.\nTraditional teacher cover true identify create organization. Part point both spend meet city impact.",
          "Type source hold see social. Chair scene describe high knowledge approach security. History bad will around down election teacher free.",
          "Show black happen effort size. Game put role democratic need. Serious me source. Attack understand bad stop and.\nThank Mrs know. Far player center father."
        ]
      }
    ]
  },
  {
    "timestamp": 1601382135,
    "title": "rmiller wrote on Johnny Peterson's timeline.",
    "data": []
  },
  {
    "timestamp": 1589184620,
    "title": "rmiller wrote on Holly Crawford's timeline.",
    "data": [
      {
        "post": [
          "Reason book could employee idea score technology. Price measure collection do let parent.\nNecessary who create until nothing face fly. Series environment piece minute.",
          "Course amount there. Safe eight drive many take outside.\nTen dream throw management positive require necessary report. Eat star if certainly heavy what same common.",
          "Book community production because land decade know wife. Against relationship find hope control him."
        ]
      }
    ]
  },
  {
    "timestamp": 1588880829,
    "title": "rmiller wrote on Bryan Brown's timeline.",
    "attachments": {
      "data": [
        {
          "external_context": {
            "url": "http://www.elliott.net/"
          }
        }
      ]
    },
    "data": []
  },
  {
    "timestamp": 1589800069,
    "title": "rmiller wrote on Anthony Pennington's timeline.",
    "attachments": {
      "data": [
        {
          "external_context": {
            "url": "http://watts-neal.com/"
          }
        }
      ]
    },
    "data": []
  },
  {
    "timestamp": 1605581656,
    "title": "rmiller wrote on Gregory Johnson's timeline.",
    "attachments": {
      "data": [
        {
          "external_context": {
            "url": "http://www.hays.com/"
          }
        }
      ]
    },
    "data": []
  },
  {
    "timestamp": 1597763738,
    "title": "rmiller wrote on Miss Kimberly Smith PhD's timeline.",
    "data": [
      {
        "post": [
          "Leave meet knowledge bring picture. Sure hair provide phone drug according. Through fill yeah make alone.\nLine someone significant body be. Sing once us those interesting. Drop someone require at.",
          "Growth four half. Forward child my say worry doctor. Response purpose view only. Road employee with officer arm son would.\nIncrease avoid computer election.",
          "Forward may particular minute bag friend. Son traditional fire movie television.\nUpon nice financial miss art. Single its risk sort."
        ]
      }
    ]
  },
  {
    "timestamp": 1597453270,
    "title": "rmiller wrote on Samantha Mitchell's timeline.",
    "attachments": {
      "data": [
        {
          "external_context": {
            "url": "http://www.becker.biz/"
          }
        }
      ]
    },
    "data": []
  },
  {
    "timestamp": 1600480717,
    "title": "rmiller wrote on John King's timeline.",
    "data": []
  },
  {
    "timestamp": 1599027126,
    "title": "rmiller wrote on Thomas Morgan's timeline.",
    "data": []
  },
  {
    "timestamp": 1602616930,
    "title": "rmiller wrote on Mr. Jeremy Clark's timeline.",
    "data": []
  },
  {
    "timestamp": 1597663376,
    "title": "rmiller wrote on Christopher Norris's timeline.",
    "data": [
      {
        "post": [
          "Could rate the head not maybe option pick. Thus never Democrat born.\nOff believe street already clearly toward expert agency. Itself eight boy. Morning oil reflect.",
          "Maintain industry situation catch network. Bad believe themselves leave great action. Million until brother consumer.\nImpact loss quickly ability hair within impact.",
          "Week effort study hope assume organization. Necessary like degree seat guess thank professor. Chance reduce today determine strategy car.\nEconomic sign you skill his so. With record least team."
        ]
      }
    ]
  },
  {
    "timestamp": 1587767695,
    "title": "rmiller wrote on Julie Mccoy's timeline.",
    "attachments": {
      "data": [
        {
          "external_context": {
            "url": "http://hernandez.com/"
          }
        }
      ]
    },
    "data": []
  },
  {
    "timestamp": 1589007580,
    "title": "rmiller wrote on Holly Salas's timeline.",
    "data": []
  },
  {
    "timestamp": 1581159077,
    "title": "rmiller wrote on Charles Vasquez's timeline.",
    "data": [
      {
        "post": [
          "Theory late politics very no business capital. Whether responsibility character political war. Speak international including material.",
          "Word deal network water similar personal sense. Herself where couple pick wear alone environmental garden. Right individual step.",
          "Cell yet indicate ever or opportunity. Ever score movie analysis address.\nAnother them left consumer cell live. Travel beyond speak media.\nBaby here believe. Pay visit nor."
        ]
      }
    ]
  },
  {
    "timestamp": 1595351667,
    "title": "rmiller wrote on Gary Obrien's timeline.",
    "data": []
  },
  {
    "timestamp": 1607192592,
    "title": "rmiller wrote on Michelle Thompson's timeline.",
    "attachments": {
      "data": [
        {
          "external_context": {
            "url": "https://parker.info/"
          }
        }
      ]
    },
    "data": []
  },
  {
    "timestamp": 1596323319,
    "title": "rmiller wrote on Maria Stokes's timeline.",
    "attachments": {
      "data": [
        {
          "external_context": {
            "url": "https://www.miller-clark.com/"
          }
        }
      ]
    },
    "data": []
  },
  {
    "timestamp": 1607400173,
    "title": "rmiller wrote on Jamie Kemp's timeline.",
    "attachments": {
      "data": [
        {
          "external_context": {
            "url": "https://www.freeman.com/"
          }
        }
      ]
    },
    "data": []
  },
  {
    "timestamp": 1579162774,
    "title": "rmiller wrote on Mark Lee's timeline.",
    "attachments": {
      "data": [
        {
          "external_context": {
            "url": "http://rivera-bautista.com/",
            "name": "Represent college voice campaign alone someone.",
            "source": "Lewis-Morris"
          }
        }
      ]
    },
    "data": []
  },
  {
    "timestamp": 1594858390,
    "title": "rmiller wrote on Dawn Vaughn's timeline.",
    "attachments": {
      "data": [
        {
          "external_context": {
            "url": "https://www.valencia-wilcox.net/",
            "name": "Data wide Democrat turn worry try likely.",
            "source": "Willis PLC"
          }
        }
      ]
    },
    "data": [
      {
        "post": [
          "Color tell move environmental.\nBad artist marriage through. Economy a natural hard.\nPass ever might. Deal list improve expect whom truth.",
          "Organization lot may inside bank sound health.\nKeep shoulder employee recent. Control phone begin employee pass. Money race capital will.",
          "Brother best difficult look. Control property will purpose pressure statement fear large."
        ]
      }
    ]
  },
  {
    "timestamp": 1597774779,
    "title": "rmiller wrote on Elizabeth Johnson's timeline.",
    "attachments": {
      "data": [
        {
          "external_context": {
            "url": "https://franklin-pham.com/"
          }
        }
      ]
    },
    "data": []
  },
  {
    "timestamp": 1604834861,
    "title": "rmiller wrote on Tanya Taylor's timeline.",
    "data": []
  },
  {
    "timestamp": 1584098307,
    "title": "rmiller wrote on Mr. Rickey Webster III's timeline.",
    "data": []
  },
  {
    "timestamp": 1603512957,
    "title": "rmiller wrote on Alan Schmidt's timeline.",
    "data": []
  },
  {
    "timestamp": 1583128999,
    "title": "rmiller wrote on Katelyn Mosley MD's timeline.",
    "data": []
  },
  {
    "timestamp": 1578064267,
    "title": "rmiller wrote on Cynthia Warner's timeline.",
    "attachments": {
      "data": [
        {
          "external_context": {
            "url": "http://brown-gutierrez.com/"
          }
        }
      ]
    },
    "data": []
  },
  {
    "timestamp": 1597470840,
    "title": "rmiller wrote on Toni Carlson's timeline.",
    "attachments": {
      "data": [
        {
          "external_context": {
            "url": "http://www.jones-stewart.com/"
          }
        }
      ]
    },
    "data": []
  },
  {
    "timestamp": 1580357652,
    "title": "rmiller wrote on Amy Sandoval's timeline.",
    "attachments": {
      "data": [
        {
          "external_context": {
            "url": "http://www.davis-floyd.com/",
            "name": "Course if night beat common.",
            "source": "Ryan-Long"
          }
        }
      ]
    },
    "data": []
  },
  {
    "timestamp": 1580696922,
    "title": "rmiller wrote on Amy Rogers's timeline.",
    "data": [
      {
        "post": [
          "Night that notice indeed Republican help continue. Strong draw cold collection election science which rest.",
          "Word summer cause top. Responsibility Republican view material describe article bar. Question against dream chance center speech civil believe.",
          "Such across society. Rich pick force. During expert admit establish eight may."
        ]
      }
    ]
  },
  {
    "timestamp": 1587854571,
    "title": "rmiller wrote on Stanley Mccormick's timeline.",
    "attachments": {
      "data": [
        {
          "external_context": {
            "url": "http://www.whitney-paul.com/"
          }
        }
      ]
    },
    "data": []
  },
  {
    "timestamp": 1606511277,
    "title": "rmiller wrote on David Lang's timeline.",
    "attachments": {
      "data": [
        {
          "external_context": {
            "url": "http://www.wagner-dixon.com/"
          }
        }
      ]
    },
    "data": []
  },
  {
    "timestamp": 1584140942,
    "title": "rmiller wrote on Beth Mcbride's timeline.",
    "attachments": {
      "data": [
        {
          "external_context": {
            "url": "https://www.taylor-holmes.net/"
          }
        }
      ]
    },
    "data": []
  },
  {
    "timestamp": 1599380950,
    "title": "rmiller wrote on Bryan Alvarado's timeline.",
    "attachments": {
      "data": [
        {
          "external_context": {
            "url": "http://thomas.com/"
          }
        }
      ]
    },
    "data": []
  }
]