[
  {
    "timestamp": 1582559039,
    "title": "rmiller wrote on Anne Todd's timeline.",
    "data": []
  },
  {
    "timestamp": 1596134216,
    "title": "rmiller wrote on Lauren Conner's timeline.",
    "data": []
  },
  {
    "timestamp": 1587029825,
    "title": "rmiller wrote on Susan Garcia's timeline.",
    "attachments": {
      "data": [
        {
          "external_context": {
            "url": "https://ruiz.com/"
          }
        }
      ]
    },
    "data": []
  },
  {
    "timestamp": 1590599902,
    "title": "rmiller wrote on Cynthia Olsen's timeline.",
    "attachments": {
      "data": [
        {
          "external_context": {
            "url": "http://www.bowers.com/"
          }
        }
      ]
    },
    "data": []
  },
  {
    "timestamp": 1607653480,
    "title": "rmiller wrote on Mark Guerrero's timeline.",
    "data": []
  },
  {
    "timestamp": 1580428328,
    "title": "rmiller wrote on Brandon Blackwell's timeline.",
    "data": []
  },
  {
    "timestamp": 1584405388,
    "title": "rmiller wrote on Ashley Martin's timeline.",
    "data": []
  },
  {
    "timestamp": 1607026856,
    "title": "rmiller wrote on Whitney Hughes's timeline.",
    "attachments": {
      "data": [
        {
          "external_context": {
            "url": "http://gutierrez-smith.com/"
          }
        }
      ]
    },
    "data": []
  },
  {
    "timestamp": 1583408688,
    "title": "rmiller wrote on Sheila King's timeline.",
    "data": []
  },
  {
    "timestamp": 1598141547,
    "title": "rmiller wrote on Valerie Barton's timeline.",
    "data": []
  },
  {
    "timestamp": 1598406828,
    "title": "rmiller wrote on Christina Hicks's timeline.",
    "data": [
      {
        "post": [
          "Player rock behind usually other choice.\nStrategy claim institution movie research.",
          "Oil production full. Main itself win alone. Process learn green model out fast level part.",
          "Machine medical without attorney she. Chance president sure buy.\nQuite maintain explain she store recently attorney. Worker save build economic firm force outside step. Through manage should."
        ],
        "update_timestamp": 1607456949
      }
    ]
  },
  {
    "timestamp": 1588812388,
    "title": "rmiller wrote on Angela Martin's timeline.",
    "attachments": {
      "data": [
        {
          "external_context": {
            "url": "http://www.dudley-carter.com/",
            "name": "Forget student structure on.",
            "source": "Moore-Hudson"
          }
        }
      ]
    },
    "data": []
  },
  {
    "timestamp": 1605762704,
    "title": "rmiller wrote on Michael Gray's timeline.",
    "data": [
      {
        "post": [
          "Concern notice something treatment man. Spend prevent current along.\nSpring like morning lose human. Black heavy those believe finally she always magazine.",
          "Usually class bank up. Food least region. Security on generation degree including fact begin.\nCare bag important ask produce trouble trial.",
          "Most want thousand something cultural center large. Particularly must activity. But reality her buy rock."
        ]
      }
    ]
  },
  {
    "timestamp": 1586488227,
    "title": "rmiller wrote on Cynthia Reeves's timeline.",
    "data": []
  },
  {
    "timestamp": 1597920309,
    "title": "rmiller wrote on Katherine Garcia's timeline.",
    "data": []
  },
  {
    "timestamp": 1583159240,
    "title": "rmiller wrote on Rebecca Johnson's timeline.",
    "attachments": {
      "data": [
        {
          "external_context": {
            "url": "https://davis-friedman.net/"
          }
        }
      ]
    },
    "data": []
  },
  {
    "timestamp": 1604008993,
    "title": "rmiller wrote on Brandon Lindsey's timeline.",
    "attachments": {
      "data": [
        {
          "external_context": {
            "url": "https://www.daniel-gross.com/"
          }
        }
      ]
    },
    "data": []
  },
  {
    "timestamp": 1588532501,
    "title": "rmiller wrote on Andrew Taylor's timeline.",
    "data": []
  },
  {
    "timestamp": 1582784467,
    "title": "rmiller wrote on Stephanie Lewis's timeline.",
    "attachments": {
      "data": [
        {
          "external_context": {
            "url": "https://haynes-miles.com/"
          }
        }
      ]
    },
    "data": []
  },
  {
    "timestamp": 1579384157,
    "title": "rmiller wrote on Emma Henderson's timeline.",
    "attachments": {
      "data": [
        {
          "external_context": {
            "url": "http://www.mcdonald-maldonado.com/"
          }
        }
      ]
    },
    "data": []
  },
  {
    "timestamp": 1603796579,
    "title": "rmiller wrote on Bailey Boyle's timeline.",
    "data": []
  },
  {
    "timestamp": 1582831661,
    "title": "rmiller wrote on Jennifer Edwards's timeline.",
    "data": []
  },
  {
    "timestamp": 1583225008,
    "title": "rmiller wrote on Frederick Roman's timeline.",
    "data": []
  },
  {
    "timestamp": 1600138328,
    "title": "rmiller wrote on Leslie Ramirez's timeline.",
    "data": []
  },
  {
    "timestamp": 1599784693,
    "title": "rmiller wrote on Grant Wells's timeline.",
    "data": []
  },
  {
    "timestamp": 1591917216,
    "title": "rmiller wrote on Shawn Mcpherson Jr.'s timeline.",
    "attachments": {
      "data": [
        {
          "external_context": {
            "url": "https://ellis-ramirez.biz/"
          }
        }
      ]
    },
    "data": []
  },
  {
    "timestamp": 1586497242,
    "title": "rmiller wrote on Nancy Reynolds's timeline.",
    "attachments": {
      "data": [
        {
          "external_context": {
            "url": "http://gibbs-simmons.com/"
          }
        }
      ]
    },
    "data": []
  },
  {
    "timestamp": 1579141308,
    "title": "rmiller wrote on Jennifer Lee's timeline.",
    "data": []
  },
  {
    "timestamp": 1594520091,
    "title": "rmiller wrote on Tracy Edwards's timeline.",
    "attachments": {
      "data": [
        {
          "external_context": {
            "url": "https://jones-woods.info/"
          }
        }
      ]
    },
    "data": []
  },
  {
    "timestamp": 1594155256,
    "title": "rmiller wrote on Nicole Roach's timeline.",
    "attachments": {
      "data": [
        {
          "external_context": {
            "url": "https://cunningham.info/"
          }
        }
      ]
    },
    "data": []
  },
  {
    "timestamp": 1582560179,
    "title": "rmiller wrote on Stephanie Holland's timeline.",
    "data": []
  },
  {
    "timestamp": 1587247760,
    "title": "rmiller wrote on Daniel Torres's timeline.",
    "data": []
  },
  {
    "timestamp": 1607045863,
    "title": "rmiller wrote on Donna Tyler's timeline.",
    "data": [
      {
        "post": [
          "True sort letter understand almost wear maintain. When hear thought. Travel face theory court.\nThis across share lose. Almost add style doctor treatment laugh.",
          "Nation must once score necessary on help. Story shoulder prove result land education stop. Opportunity onto billion camera not. Thus office apply pick among section population.",
          "Spend effect officer. Religious serve contain size man control north house. Education choose sign impact together material more can."
        ]
      }
    ]
  },
  {
    "timestamp": 1584397645,
    "title": "rmiller wrote on Joseph Terry's timeline.",
    "attachments": {
      "data": [
        {
          "external_context": {
            "url": "http://www.hubbard-miller.org/"
          }
        }
      ]
    },
    "data": []
  },
  {
    "timestamp": 1595419426,
    "title": "rmiller wrote on Jenna Fleming's timeline.",
    "attachments": {
      "data": [
        {
          "external_context": {
            "url": "http://jackson.com/"
          }
        }
      ]
    },
    "data": [
      {
        "post": [
          "So author situation wait determine good fire. Behavior appear half. Fact safe exist through huge support. Growth marriage project state then already loss.",
          "Measure few herself southern land bank this near. Standard little price soon property now conference. Serious really him four project protect simply. Tree event recently film.",
          "Certainly deal collection. Site military eight approach serve picture usually.\nArgue other radio fight season hard. Near yard these budget mean."
        ]
      }
    ]
  },
  {
    "timestamp": 1588559883,
    "title": "rmiller wrote on Timothy Mcfarland's timeline.",
    "data": []
  },
  {
    "timestamp": 1581239111,
    "title": "rmiller wrote on Hannah Harris's timeline.",
    "data": []
  },
  {
    "timestamp": 1602757472,
    "title": "rmiller wrote on Suzanne Torres's timeline.",
    "data": []
  },
  {
    "timestamp": 1583903282,
    "title": "rmiller wrote on Amanda Roberson's timeline.",
    "attachments": {
      "data": [
        {
          "external_context": {
            "url": "http://morales.com/"
          }
        }
      ]
    },
    "data": []
  },
  {
    "timestamp": 1582153200,
    "title": "rmiller wrote on Diane Stafford's timeline.",
    "attachments": {
      "data": [
        {
          "external_context": {
            "url": "https://www.baker.com/"
          }
        }
      ]
    },
    "data": []
  },
  {
    "timestamp": 1582509650,
    "title": "rmiller wrote on Traci Taylor's timeline.",
    "data": []
  },
  {
    "timestamp": 1585963250,
    "title": "rmiller wrote on Katie Allen's timeline.",
    "data": []
  },
  {
    "timestamp": 1599433104,
    "title": "rmiller wrote on Stephen King's timeline.",
    "data": []
  },
  {
    "timestamp": 1591296397,
    "title": "rmiller wrote on Donald Cooper's timeline.",
    "data": []
  },
  {
    "timestamp": 1593349099,
    "title": "rmiller wrote on Brian Horne's timeline.",
    "attachments": {
      "data": [
        {
          "external_context": {
            "url": "http://lopez-sutton.org/"
          }
        }
      ]
    },
    "data": []
  },
  {
    "timestamp": 1582785806,
    "title": "rmiller wrote on Sara Wood's timeline.",
    "data": [
      {
        "post": [
          "Laugh prepare could food relate write. Simple option follow main minute. General sometimes raise force significant policy.\nPerform say keep. So radio establish throughout.",
          "North third project picture condition. Really group sister street focus.\nTruth half add page behind building. Chance woman tell method better. Job service push occur.",
          "Treat if quickly represent sea teach rich. Husband computer yard. Majority someone sell treat draw.\nTravel accept manage admit particularly artist least. Wear memory arm."
        ]
      }
    ]
  },
  {
    "timestamp": 1592281027,
    "title": "rmiller wrote on Anna Martin's timeline.",
    "data": []
  },
  {
    "timestamp": 1607050364,
    "title": "rmiller wrote on Brenda Bowen's timeline.",
    "attachments": {
      "data": [
        {
          "external_context": {
            "url": "https://baker-sanders.net/",
            "name": "Attorney indicate challenge food rather turn cup.",
            "source": "Parrish-Gutierrez"
          }
        }
      ]
    },
    "data": []
  },
  {
    "timestamp": 1582571738,
    "title": "rmiller wrote on Grant Yoder's timeline.",
    "data": []
  },
  {
    "timestamp": 1593204488,
    "title": "rmiller wrote on Candace Moore's timeline.",
    "data": []
  },
  {
    "timestamp": 1606979972,
    "title": "rmiller wrote on Amy Olsen's timeline.",
    "attachments": {
      "data": [
        {
          "external_context": {
            "url": "http://www.crosby.com/"
          }
        }
      ]
    },
    "data": [
      {
        "post": [
          "Building management goal Democrat include employee wait act. Remember certain quality true action.",
          "Election house bit number leave meet want. Task onto few especially up identify.",
          "Continue address leave go necessary close. Hard among responsibility visit worker. School value instead body sort do.\nNight base conference speak item miss.\nWest these there say."
        ]
      }
    ]
  },
  {
    "timestamp": 1586836452,
    "title": "rmiller wrote on Caroline Montes's timeline.",
    "data": [
      {
        "post": [
          "Leader family us choice. Wind although everybody space. Woman plant stop training front much night. Everything continue begin material.",
          "Girl democratic notice service the picture be call. Each medical know any office child.\nWhose politics study across. Address doctor fill hotel whether.",
          "Majority shake quality.\nSell determine matter type realize perhaps. Imagine fly must allow stand beat."
        ]
      }
    ]
  },
  {
    "timestamp": 1606124814,
    "title": "rmiller wrote on Ruben Haas's timeline.",
    "attachments": {
      "data": [
        {
          "external_context": {
            "url": "http://www.washington.net/",
            "name": "Yard travel bed job.",
            "source": "Sanchez, Barnett and Turner"
          }
        }
      ]
    },
    "data": [
      {
        "post": [
          "Win side sometimes foreign radio crime rate none. Fear win field.\nOnto today sense among ability fine. Campaign daughter science design.",
          "Say able leg alone.\nDeep remain travel mean. Two evidence score role just degree get.\nSeven player capital loss describe. Economic model area view still.\nRock less worker away table.",
          "Wide summer fly teach commercial executive political.\nFrom subject level over sense I rest. Race baby consider herself part realize."
        ]
      }
    ]
  },
  {
    "timestamp": 1588270557,
    "title": "rmiller wrote on Joy Zimmerman's timeline.",
    "data": []
  },
  {
    "timestamp": 1581130344,
    "title": "rmiller wrote on Ruben Mercer's timeline.",
    "data": []
  },
  {
    "timestamp": 1605422802,
    "title": "rmiller wrote on David Walsh's timeline.",
    "data": []
  },
  {
    "timestamp": 1583636264,
    "title": "rmiller wrote on Donald Carson's timeline.",
    "attachments": {
      "data": [
        {
          "external_context": {
            "url": "http://www.brewer.biz/"
          }
        }
      ]
    },
    "data": []
  },
  {
    "timestamp": 1588720988,
    "title": "rmiller wrote on Sarah Powell's timeline.",
    "attachments": {
      "data": [
        {
          "external_context": {
            "url": "https://robinson.biz/"
          }
        }
      ]
    },
    "data": []
  },
  {
    "timestamp": 1594582886,
    "title": "rmiller wrote on Sharon Alexander's timeline.",
    "attachments": {
      "data": [
        {
          "external_context": {
            "url": "https://turner-mckinney.net/",
            "name": "Research partner compare own.",
            "source": "Berger-Bowman"
          }
        }
      ]
    },
    "data": [
      {
        "post": [
          "Budget sense service a. Want despite listen interest set.\nPossible certainly memory foreign. Different agency main song present. Else identify guess day thus herself last.",
          "Available feel peace see open red. Fly approach you radio. Collection about throw early tend north.",
          "Agreement section particularly feel about fine star lawyer. Education serious scientist writer page else. Address produce road coach."
        ]
      }
    ]
  },
  {
    "timestamp": 1608176294,
    "title": "rmiller wrote on Sydney Estrada's timeline.",
    "data": []
  },
  {
    "timestamp": 1593279462,
    "title": "rmiller wrote on Jordan Deleon's timeline.",
    "data": []
  },
  {
    "timestamp": 1580981303,
    "title": "rmiller wrote on Jeffery Pierce's timeline.",
    "attachments": {
      "data": [
        {
          "external_context": {
            "url": "http://gonzales-martin.com/"
          }
        }
      ]
    },
    "data": []
  },
  {
    "timestamp": 1596094458,
    "title": "rmiller wrote on Cody Manning's timeline.",
    "data": []
  },
  {
    "timestamp": 1583705003,
    "title": "rmiller wrote on Kimberly Ross's timeline.",
    "data": []
  },
  {
    "timestamp": 1580654585,
    "title": "rmiller wrote on Lindsey Cole's timeline.",
    "data": []
  },
  {
    "timestamp": 1606453491,
    "title": "rmiller wrote on Roberto Mann's timeline.",
    "data": []
  },
  {
    "timestamp": 1591872593,
    "title": "rmiller wrote on Mrs. Jessica Griffin's timeline.",
    "attachments": {
      "data": [
        {
          "external_context": {
            "url": "https://frank-anderson.com/",
            "name": "Owner consumer fire each first budget.",
            "source": "Morgan-Simpson"
          }
        }
      ]
    },
    "data": []
  },
  {
    "timestamp": 1580364152,
    "title": "rmiller wrote on Robert Solomon's timeline.",
    "attachments": {
      "data": [
        {
          "external_context": {
            "url": "https://www.wallace-decker.com/"
          }
        }
      ]
    },
    "data": [
      {
        "post": [
          "Relationship their career record. Writer main within produce common. Crime pay relationship market instead.\nGive Mrs once. Success center daughter law woman.",
          "Win base if gun. Education condition probably evening. Ever cultural audience threat my develop sometimes.\nSix anyone say. Story along her four theory doctor.",
          "Certain full Congress remain interest. I half magazine.\nHe as customer. Full him how field market town too side."
        ]
      }
    ]
  },
  {
    "timestamp": 1589311095,
    "title": "rmiller wrote on Robert Ramirez's timeline.",
    "data": []
  },
  {
    "timestamp": 1602691004,
    "title": "rmiller wrote on Barbara Cowan's timeline.",
    "data": [
      {
        "post": [
          "Approach tell best rest trial hotel standard. Worker arrive air. Feel deal shoulder young debate.\nMonth know government response character suddenly collection. Control early top play top fine charge.",
          "Force to before scientist my quickly ask party. Ok interview discuss offer help.\nLet laugh care discuss understand. Necessary involve star itself truth. Ready yet during husband discuss control.",
          "House design parent party from. Help with find.\nTurn price site fight stay fly can. Follow page administration cut top box."
        ]
      }
    ]
  },
  {
    "timestamp": 1598049018,
    "title": "rmiller wrote on Tyler Moody PhD's timeline.",
    "attachments": {
      "data": [
        {
          "external_context": {
            "url": "http://www.montgomery-johnson.biz/"
          }
        }
      ]
    },
    "data": [
      {
        "post": [
          "Product past clearly pull young give capital. Back must pass listen. Couple condition main save level.\nOur enjoy evening administration issue. Himself series oil. Need able speak cover tough despite.",
          "Hot marriage entire meeting letter across maybe. Project exist without mean forward produce.\nInto beautiful remember list. Language sign physical in sing town dinner within.",
          "Health treatment party our particular list case. Travel available necessary music.\nBed sell toward. Factor close the hold. Fish how follow learn member whatever rise change."
        ]
      }
    ]
  },
  {
    "timestamp": 1591796104,
    "title": "rmiller wrote on Thomas Dickson's timeline.",
    "attachments": {
      "data": [
        {
          "external_context": {
            "url": "https://smith.com/",
            "name": "Sign far think my street still professional.",
            "source": "Weber, Hicks and Lyons"
          }
        }
      ]
    },
    "data": [
      {
        "post": [
          "Few simple hand particular public. Few determine easy market tell argue avoid. Rule change serve space bring left.\nMusic baby side. Federal day political almost. Foreign skin dog part hundred action.",
          "Film to couple audience agency. Again full similar contain whole. Pass play material participant.\nProcess full executive break Mr second. Nor share usually enough contain Democrat.",
          "Huge far person magazine however region write. Member concern center example.\nOfficer not wear crime wall both she."
        ]
      }
    ]
  },
  {
    "timestamp": 1592705129,
    "title": "rmiller wrote on Alan Neal's timeline.",
    "attachments": {
      "data": [
        {
          "external_context": {
            "url": "https://miller.com/"
          }
        }
      ]
    },
    "data": []
  },
  {
    "timestamp": 1599250252,
    "title": "rmiller wrote on Amy Morris's timeline.",
    "data": []
  },
  {
    "timestamp": 1591549472,
    "title": "rmiller wrote on Travis Wood's timeline.",
    "data": []
  },
  {
    "timestamp": 1607908349,
    "title": "rmiller wrote on Jonathan Ramirez's timeline.",
    "attachments": {
      "data": [
        {
          "external_context": {
            "url": "http://www.gutierrez.com/"
          }
        }
      ]
    },
    "data": []
  },
  {
    "timestamp": 1585555080,
    "title": "rmiller wrote on Kerry Mcdonald's timeline.",
    "attachments": {
      "data": [
        {
          "external_context": {
            "url": "http://www.gonzalez.biz/"
          }
        }
      ]
    },
    "data": []
  },
  {
    "timestamp": 1588107658,
    "title": "rmiller wrote on Jesse Mccormick's timeline.",
    "data": [
      {
        "post": [
          "During fish establish model site. Morning fast special weight interest official fill forward.\nAvailable sure degree building item your.",
          "Order around career suggest summer image exist. Pattern believe majority play laugh support. Note guy throw one federal pick others.",
          "Top left voice rest nearly. Sea somebody adult relationship drop Democrat history. Republican far throw modern contain idea century west."
        ],
        "update_timestamp": 1600118165
      }
    ]
  },
  {
    "timestamp": 1579560490,
    "title": "rmiller wrote on Charles Wolf's timeline.",
    "attachments": {
      "data": [
        {
          "external_context": {
            "url": "https://cooke.biz/"
          }
        }
      ]
    },
    "data": []
  },
  {
    "timestamp": 1578686780,
    "title": "rmiller wrote on Stephanie Moore's timeline.",
    "attachments": {
      "data": [
        {
          "external_context": {
            "url": "https://stevenson-taylor.com/"
          }
        }
      ]
    },
    "data": []
  },
  {
    "timestamp": 1600463440,
    "title": "rmiller wrote on Mr. Travis Singh's timeline.",
    "attachments": {
      "data": [
        {
          "external_context": {
            "url": "https://davis.com/",
            "name": "Himself situation another language stock commercial.",
            "source": "Webb Group"
          }
        }
      ]
    },
    "data": []
  },
  {
    "timestamp": 1607471050,
    "title": "rmiller wrote on Keith Harmon's timeline.",
    "attachments": {
      "data": [
        {
          "external_context": {
            "url": "https://pham.org/"
          }
        }
      ]
    },
    "data": []
  },
  {
    "timestamp": 1593259893,
    "title": "rmiller wrote on Jessica Meyer's timeline.",
    "data": []
  },
  {
    "timestamp": 1604427142,
    "title": "rmiller wrote on Brett Gray's timeline.",
    "data": []
  },
  {
    "timestamp": 1578459080,
    "title": "rmiller wrote on Evelyn Jackson MD's timeline.",
    "attachments": {
      "data": [
        {
          "external_context": {
            "url": "http://nolan.com/"
          }
        }
      ]
    },
    "data": []
  },
  {
    "timestamp": 1580465864,
    "title": "rmiller wrote on Christopher Harrison's timeline.",
    "attachments": {
      "data": [
        {
          "external_context": {
            "url": "http://bennett.com/"
          }
        }
      ]
    },
    "data": []
  },
  {
    "timestamp": 1585788607,
    "title": "rmiller wrote on Nicole Smith's timeline.",
    "attachments": {
      "data": [
        {
          "external_context": {
            "url": "http://www.tucker-cobb.biz/"
          }
        }
      ]
    },
    "data": [
      {
        "post": [
          "Perhaps let back realize yet leg beyond.\nRock contain security fact. Speech social police support ready along approach.\nCold eye election short indeed computer. Per now option.",
          "Option visit beautiful your trouble data wait politics. Need tend unit use.\nYoung force loss weight. Available live bar past story lawyer purpose. Hold field us father election too.",
          "Tax she professor. Bit product window likely similar else front. Front smile sort.\nAlso evening it answer. Understand whom step great consumer."
        ]
      }
    ]
  },
  {
    "timestamp": 1583809606,
    "title": "rmiller wrote on Jessica Simmons's timeline.",
    "data": []
  },
  {
    "timestamp": 1588740044,
    "title": "rmiller wrote on William Miller's timeline.",
    "data": [
      {
        "post": [
          "Western offer nothing believe which most serious. Sense off film trip series author.",
          "Story break picture view tonight smile design. Seat wonder may.\nProgram law fear food decision where accept. Media world home. Notice beat grow test weight reduce leader.",
          "Form box the people religious friend. Just lead charge about yes.\nNational whole receive manage standard dog another. Hotel sing ask."
        ]
      }
    ]
  },
  {
    "timestamp": 1589170740,
    "title": "rmiller wrote on Morgan Espinoza's timeline.",
    "data": []
  },
  {
    "timestamp": 1586593731,
    "title": "rmiller wrote on Amanda Fox's timeline.",
    "attachments": {
      "data": [
        {
          "external_context": {
            "url": "http://www.craig-sullivan.com/"
          }
        }
      ]
    },
    "data": [
      {
        "post": [
          "Blood financial necessary win site happy. Seek factor she southern best. Watch hour choose.\nChoice current scientist between organization international task. Prepare spring will other.",
          "Represent continue base end task alone but writer. System major film avoid cup represent.\nAlways site hair themselves step. Security song sing together.",
          "Soldier away store area do carry. Care need couple worry something. Music cause they society hotel second."
        ]
      }
    ]
  },
  {
    "timestamp": 1607670041,
    "title": "rmiller wrote on Rick Bennett's timeline.",
    "data": []
  },
  {
    "timestamp": 1594878245,
    "title": "rmiller wrote on Michael Donaldson's timeline.",
    "data": []
  },
  {
    "timestamp": 1601563333,
    "title": "rmiller wrote on Jonathan Washington's timeline.",
    "data": []
  },
  {
    "timestamp": 1582341698,
    "title": "rmiller wrote on Jacqueline Gonzales's timeline.",
    "data": []
  },
  {
    "timestamp": 1603646768,
    "title": "rmiller wrote on Robin Gonzalez's timeline.",
    "attachments": {
      "data": [
        {
          "external_context": {
            "url": "https://www.rogers.biz/"
          }
        }
      ]
    },
    "data": [
      {
        "post": [
          "Cost green company onto capital. Usually what southern school figure. No draw consider fast fact rock really.\nSituation relate partner country money. Seven can task he.",
          "Standard campaign four work find agent.\nImportant thing particularly issue relate participant. Scene decade decide move consumer head single.",
          "Bed left camera environmental threat. Could population mind item. Leave seat subject front ball everything.\nSomeone car attention data. Organization answer study improve type feeling until."
        ]
      }
    ]
  },
  {
    "timestamp": 1600573238,
    "title": "rmiller wrote on Gina George's timeline.",
    "attachments": {
      "data": [
        {
          "external_context": {
            "url": "http://www.singleton.org/",
            "name": "Amount couple charge on expect fast.",
            "source": "Nelson Ltd"
          }
        }
      ]
    },
    "data": []
  },
  {
    "timestamp": 1598427986,
    "title": "rmiller wrote on Desiree Wise's timeline.",
    "data": []
  },
  {
    "timestamp": 1599279787,
    "title": "rmiller wrote on Cheryl Baker's timeline.",
    "data": [
      {
        "post": [
          "Person place loss next.\nSmile real part road article ever. Heart television old exist man. Cell treatment person must another across me scene.",
          "Certain outside dream. Room what matter position nation soldier lot federal.\nHeavy become end letter all store. Reveal a task.",
          "Speech week three mouth such receive. Across challenge try water. Look need Congress friend avoid late.\nRelate minute who firm expect bar. Skill drive yes animal business fill."
        ]
      }
    ]
  },
  {
    "timestamp": 1587795065,
    "title": "rmiller wrote on Christopher Deleon's timeline.",
    "data": []
  }
]