{
  "comments": [
    {
      "timestamp": 1585590182,
      "title": "jennifer87 commented on her own post."
    },
    {
      "timestamp": 1586855069,
      "title": "jennifer87 replied to Marvin Cruz's comment."
    },
    {
      "timestamp": 1591881871,
      "title": "jennifer87 replied to Stephen Lyons's comment."
    },
    {
      "timestamp": 1603247492,
      "title": "jennifer87 commented on her own post.",
      "attachments": [
        {
          "data": [
            {
              "external_context": {
                "url": "http://www.nelson-patrick.com/"
              },
              "media": {
                "uri": "https://dummyimage.com/443x288"
              }
            }
          ]
        }
      ],
      "data": [
        {
          "comment": {
            "timestamp": 1596551860,
            "comment": "Seem two never theory then option. International door spring strong finish standard painting.",
            "author": "jennifer87",
            "group": "Shea-Werner"
          }
        }
      ]
    },
    {
      "timestamp": 1590025596,
      "title": "jennifer87 replied to Diana Petersen's comment."
    },
    {
      "timestamp": 1586658279,
      "title": "jennifer87 replied to Michael Blake's comment.",
      "data": [
        {
          "comment": {
            "timestamp": 1579429100,
            "comment": "Science whom marriage fast lay result computer. Hold offer could.\nPerhaps structure clear whether enough will arm.",
            "author": "jennifer87",
            "group": "Brown Inc"
          }
        }
      ]
    },
    {
      "timestamp": 1585332788,
      "title": "jennifer87 commented on her own post.",
      "data": [
        {
          "comment": {
            "timestamp": 1585155483,
            "comment": "Course stand health. Must bad record decade piece recognize. Half present provide dream every a full citizen.\nMoment raise school former expert body recent.",
            "author": "jennifer87",
            "group": "Horn Group"
          }
        }
      ]
    },
    {
      "timestamp": 1603823855,
      "title": "jennifer87 commented on her own post."
    },
    {
      "timestamp": 1596126592,
      "title": "jennifer87 commented on her own post.",
      "attachments": [
        {
          "data": [
            {
              "external_context": {
                "url": "https://www.collins.info/"
              },
              "media": {
                "uri": "https://placekitten.com/76/456"
              }
            }
          ]
        }
      ],
      "data": [
        {
          "comment": {
            "timestamp": 1583334435,
            "comment": "Commercial suggest subject grow.\nWater piece ready almost off hope. Community look something real with pressure huge town.",
            "author": "jennifer87",
            "group": "Marshall-Barnes"
          }
        }
      ]
    },
    {
      "timestamp": 1579600102,
      "title": "jennifer87 commented on her own post."
    },
    {
      "timestamp": 1602796762,
      "title": "jennifer87 replied to John Allen's comment.",
      "data": [
        {
          "comment": {
            "timestamp": 1583475133,
            "comment": "Couple deep stay every. Lay suggest real mind reduce miss nature clear.\nShow act top once guess. Produce where part. Factor use act show budget fear prove.",
            "author": "jennifer87",
            "group": "Scott and Sons"
          }
        }
      ]
    },
    {
      "timestamp": 1589739579,
      "title": "jennifer87 commented on her own post."
    },
    {
      "timestamp": 1588480411,
      "title": "jennifer87 replied to Lauren Fowler's comment."
    },
    {
      "timestamp": 1592947203,
      "title": "jennifer87 commented on her own post."
    },
    {
      "timestamp": 1603658055,
      "title": "jennifer87 replied to Jillian Marshall's comment."
    },
    {
      "timestamp": 1580958963,
      "title": "jennifer87 replied to Krista Dickerson's comment.",
      "data": [
        {
          "comment": {
            "timestamp": 1578799572,
            "comment": "Modern share put drive pressure. Say wide modern be agency. We simply anything choose piece car.",
            "author": "jennifer87",
            "group": "Ortiz-Moran"
          }
        }
      ]
    },
    {
      "timestamp": 1585847496,
      "title": "jennifer87 replied to Michael Perez's comment."
    },
    {
      "timestamp": 1589124251,
      "title": "jennifer87 commented on her own post.",
      "data": [
        {
          "comment": {
            "timestamp": 1583870472,
            "comment": "Pm many benefit tough. Lay per whom street big answer.\nFar evening machine. Wall finish thank perhaps.",
            "author": "jennifer87",
            "group": "Obrien Ltd"
          }
        }
      ]
    },
    {
      "timestamp": 1605731697,
      "title": "jennifer87 replied to Rita Fuller's comment."
    },
    {
      "timestamp": 1595082011,
      "title": "jennifer87 commented on her own post.",
      "attachments": [
        {
          "data": [
            {
              "external_context": {
                "url": "http://long-green.com/"
              },
              "media": {
                "uri": "https://www.lorempixel.com/745/85"
              }
            }
          ]
        }
      ],
      "data": [
        {
          "comment": {
            "timestamp": 1591771795,
            "comment": "Smile interesting them season generation. Represent ball view others represent.\nJob government administration guy see. Record someone reality one think. Pm leader look analysis value huge successful.",
            "author": "jennifer87",
            "group": "Phelps, Simon and King"
          }
        }
      ]
    },
    {
      "timestamp": 1579809958,
      "title": "jennifer87 commented on her own post."
    },
    {
      "timestamp": 1600544130,
      "title": "jennifer87 commented on her own post."
    },
    {
      "timestamp": 1600067100,
      "title": "jennifer87 replied to Susan Miller's comment."
    },
    {
      "timestamp": 1598295465,
      "title": "jennifer87 replied to Spencer Coffey's comment.",
      "data": [
        {
          "comment": {
            "timestamp": 1600410498,
            "comment": "Hand why wish guess. Ask difference over race thousand. Buy yet someone statement lead moment.",
            "author": "jennifer87",
            "group": "Garcia-Sutton"
          }
        }
      ]
    },
    {
      "timestamp": 1608738579,
      "title": "jennifer87 replied to Katrina Huynh's comment.",
      "attachments": [
        {
          "data": [
            {
              "external_context": {
                "url": "https://www.reese-wallace.com/"
              },
              "media": {
                "uri": "https://dummyimage.com/658x887"
              }
            }
          ]
        }
      ]
    },
    {
      "timestamp": 1602685671,
      "title": "jennifer87 commented on her own post."
    },
    {
      "timestamp": 1587371851,
      "title": "jennifer87 replied to Jeff Quinn's comment.",
      "attachments": [
        {
          "data": [
            {
              "external_context": {
                "url": "https://www.harrell-smith.org/"
              },
              "media": {
                "uri": "https://placeimg.com/71/276/any"
              }
            }
          ]
        }
      ]
    },
    {
      "timestamp": 1581597281,
      "title": "jennifer87 replied to Douglas Blanchard's comment."
    },
    {
      "timestamp": 1608178039,
      "title": "jennifer87 replied to Kelly Moss's comment.",
      "data": [
        {
          "comment": {
            "timestamp": 1592343010,
            "comment": "Dream happy goal door community. Concern use unit tell.\nWrong for officer company. Tend short talk main. Series fund use meet forward line itself long.",
            "author": "jennifer87",
            "group": "Boyle-Williams"
          }
        }
      ]
    },
    {
      "timestamp": 1608956343,
      "title": "jennifer87 replied to Cynthia Booth's comment."
    },
    {
      "timestamp": 1609881906,
      "title": "jennifer87 replied to Nicholas Welch's comment."
    },
    {
      "timestamp": 1582968619,
      "title": "jennifer87 commented on her own post.",
      "data": [
        {
          "comment": {
            "timestamp": 1580710768,
            "comment": "Room consider daughter high attention toward group. Drop serious alone town. Author appear until suggest address west central forward.\nMust consider special today get stay.",
            "author": "jennifer87",
            "group": "Jenkins, Leon and Smith"
          }
        }
      ]
    },
    {
      "timestamp": 1583556514,
      "title": "jennifer87 commented on her own post."
    },
    {
      "timestamp": 1578683255,
      "title": "jennifer87 replied to Diane Dean's comment.",
      "data": [
        {
          "comment": {
            "timestamp": 1595060527,
            "comment": "Better manage how positive. Environmental attention hotel wrong special one.\nHold prove debate beyond. Writer region more sure open describe station data.",
            "author": "jennifer87",
            "group": "Adams, White and Bennett"
          }
        }
      ]
    },
    {
      "timestamp": 1583149009,
      "title": "jennifer87 commented on her own post.",
      "attachments": [
        {
          "data": [
            {
              "external_context": {
                "url": "http://www.yoder-griffin.biz/"
              },
              "media": {
                "uri": "https://placekitten.com/670/825"
              }
            }
          ]
        }
      ]
    },
    {
      "timestamp": 1590916672,
      "title": "jennifer87 commented on her own post.",
      "attachments": [
        {
          "data": [
            {
              "external_context": {
                "url": "https://www.freeman.com/"
              },
              "media": {
                "uri": "https://placeimg.com/706/844/any"
              }
            }
          ]
        }
      ],
      "data": [
        {
          "comment": {
            "timestamp": 1607188391,
            "comment": "Book difference soon example always level. Also worry until we yourself. Different human data customer include apply describe.",
            "author": "jennifer87",
            "group": "Gonzalez-Moore"
          }
        }
      ]
    },
    {
      "timestamp": 1598553229,
      "title": "jennifer87 commented on her own post."
    },
    {
      "timestamp": 1583712194,
      "title": "jennifer87 replied to Roy Campbell's comment.",
      "data": [
        {
          "comment": {
            "timestamp": 1578897808,
            "comment": "Car score guy traditional. Open name hour citizen eat large commercial.\nMain successful easy responsibility unit local.",
            "author": "jennifer87",
            "group": "Martin-Green"
          }
        }
      ]
    },
    {
      "timestamp": 1584982549,
      "title": "jennifer87 commented on her own post.",
      "attachments": [
        {
          "data": [
            {
              "external_context": {
                "url": "http://www.watson-payne.info/"
              },
              "media": {
                "uri": "https://www.lorempixel.com/871/1020"
              }
            }
          ]
        }
      ]
    },
    {
      "timestamp": 1600401397,
      "title": "jennifer87 replied to Stanley Jacobs's comment.",
      "attachments": [
        {
          "data": [
            {
              "external_context": {
                "url": "https://www.thomas.info/"
              },
              "media": {
                "uri": "https://dummyimage.com/469x839"
              }
            }
          ]
        }
      ]
    },
    {
      "timestamp": 1598561820,
      "title": "jennifer87 replied to Alejandro Smith PhD's comment.",
      "attachments": [
        {
          "data": [
            {
              "external_context": {
                "url": "http://www.martin.com/"
              },
              "media": {
                "uri": "https://placeimg.com/209/1000/any"
              }
            }
          ]
        }
      ],
      "data": [
        {
          "comment": {
            "timestamp": 1607280252,
            "comment": "Dinner order opportunity. Factor north window. Direction standard those six material.",
            "author": "jennifer87",
            "group": "Mendoza, Wilson and Jacobs"
          }
        }
      ]
    },
    {
      "timestamp": 1607123978,
      "title": "jennifer87 replied to Steven Spence's comment.",
      "data": [
        {
          "comment": {
            "timestamp": 1588272031,
            "comment": "Sing official protect answer. Social do leader so owner. Travel later respond wife reach test.",
            "author": "jennifer87",
            "group": "Davis-Morales"
          }
        }
      ]
    },
    {
      "timestamp": 1597546830,
      "title": "jennifer87 commented on her own post.",
      "data": [
        {
          "comment": {
            "timestamp": 1582321343,
            "comment": "Computer something half catch bed early. Sister choose would man by up rate.\nTerm break every kid start sign who. Few see president without kitchen above.",
            "author": "jennifer87",
            "group": "Montgomery and Sons"
          }
        }
      ]
    },
    {
      "timestamp": 1589946739,
      "title": "jennifer87 replied to Brianna Hull's comment."
    },
    {
      "timestamp": 1609454154,
      "title": "jennifer87 replied to Jeffrey Nielsen's comment.",
      "data": [
        {
          "comment": {
            "timestamp": 1589024917,
            "comment": "Them generation politics size almost window. Name suffer mission just may dark people.\nQuality left event party herself else one maybe. Guess mean condition race.\nConsumer travel some expert.",
            "author": "jennifer87",
            "group": "Johnson PLC"
          }
        }
      ]
    },
    {
      "timestamp": 1586970239,
      "title": "jennifer87 replied to Gary Graham's comment.",
      "data": [
        {
          "comment": {
            "timestamp": 1609684606,
            "comment": "Stock baby decide free consider.\nGroup new moment opportunity southern kitchen. Firm believe weight beyond candidate operation. Standard we like collection prevent family.",
            "author": "jennifer87",
            "group": "Sanchez PLC"
          }
        }
      ]
    },
    {
      "timestamp": 1582557533,
      "title": "jennifer87 commented on her own post."
    },
    {
      "timestamp": 1605391570,
      "title": "jennifer87 commented on her own post.",
      "data": [
        {
          "comment": {
            "timestamp": 1601425675,
            "comment": "Firm reduce prepare win blue my security move. Where develop beyond management. Early but whole big agency prevent.",
            "author": "jennifer87",
            "group": "Duran, Campbell and Hawkins"
          }
        }
      ]
    },
    {
      "timestamp": 1602887862,
      "title": "jennifer87 replied to Sharon Herrera's comment.",
      "attachments": [
        {
          "data": [
            {
              "external_context": {
                "url": "https://www.lopez.com/"
              },
              "media": {
                "uri": "https://placekitten.com/695/424"
              }
            }
          ]
        }
      ]
    },
    {
      "timestamp": 1579837594,
      "title": "jennifer87 replied to Nicole Alexander's comment.",
      "attachments": [
        {
          "data": [
            {
              "external_context": {
                "url": "http://www.young.com/"
              },
              "media": {
                "uri": "https://dummyimage.com/144x975"
              }
            }
          ]
        }
      ],
      "data": [
        {
          "comment": {
            "timestamp": 1588046322,
            "comment": "Class your ago would fund. Attention tell similar. Decade treat school head indeed.\nChair heavy month space. Final smile can author. Take with compare life husband.",
            "author": "jennifer87",
            "group": "Molina, Lopez and Cunningham"
          }
        }
      ]
    }
  ]
}