{
  "comments": [
    {
      "timestamp": 1602083445,
      "title": "twagner commented on her own post."
    },
    {
      "timestamp": 1582262195,
      "title": "twagner commented on her own post.",
      "attachments": [
        {
          "data": [
            {
              "external_context": {
                "url": "http://www.bryant-shaffer.info/"
              },
              "media": {
                "uri": "https://placekitten.com/23/981"
              }
            }
          ]
        }
      ]
    },
    {
      "timestamp": 1609071900,
      "title": "twagner commented on her own post.",
      "data": [
        {
          "comment": {
            "timestamp": 1589539213,
            "comment": "Mission ago away last quickly PM attention. Change thank main scientist chair price actually keep.\nTogether foot foreign information true be magazine.",
            "author": "twagner",
            "group": "Murphy, Keller and Crawford"
          }
        }
      ]
    },
    {
      "timestamp": 1593232496,
      "title": "twagner commented on her own post."
    },
    {
      "timestamp": 1587821311,
      "title": "twagner replied to Shelley Rodriguez's comment."
    },
    {
      "timestamp": 1591409734,
      "title": "twagner replied to Bailey Thomas's comment."
    },
    {
      "timestamp": 1606386237,
      "title": "twagner replied to William Wong's comment.",
      "data": [
        {
          "comment": {
            "timestamp": 1578448474,
            "comment": "Once reach glass ago second. Amount inside morning heavy consumer growth building. Suggest hear mean stay feel.\nStandard too training tonight five return eye become. Medical including yard.",
            "author": "twagner",
            "group": "Singleton PLC"
          }
        }
      ]
    },
    {
      "timestamp": 1602002392,
      "title": "twagner replied to Heidi Bennett's comment.",
      "data": [
        {
          "comment": {
            "timestamp": 1581410665,
            "comment": "Everyone a myself hope skin simply. Fear after program about rich develop health. Accept resource page author agency culture partner.",
            "author": "twagner",
            "group": "Davenport, Castro and Perez"
          }
        }
      ]
    },
    {
      "timestamp": 1589375325,
      "title": "twagner replied to Timothy Edwards's comment."
    },
    {
      "timestamp": 1589770088,
      "title": "twagner commented on her own post.",
      "data": [
        {
          "comment": {
            "timestamp": 1582380819,
            "comment": "Carry old system sell. Though cold boy growth several store. Morning reason area red.\nWork time see remain between alone. History performance world bring police bed news senior.",
            "author": "twagner",
            "group": "Kramer, Best and Mccall"
          }
        }
      ]
    },
    {
      "timestamp": 1603171341,
      "title": "twagner replied to Brandon Baldwin's comment."
    },
    {
      "timestamp": 1579308373,
      "title": "twagner commented on her own post.",
      "attachments": [
        {
          "data": [
            {
              "external_context": {
                "url": "https://www.jenkins.org/"
              },
              "media": {
                "uri": "https://www.lorempixel.com/978/741"
              }
            }
          ]
        }
      ]
    },
    {
      "timestamp": 1600671936,
      "title": "twagner commented on her own post.",
      "data": [
        {
          "comment": {
            "timestamp": 1608715647,
            "comment": "Whom reach look require age. Central same ahead watch media question court a. Painting growth billion pass very authority message ever. Go land their hand.",
            "author": "twagner",
            "group": "Foster Inc"
          }
        }
      ]
    },
    {
      "timestamp": 1607360776,
      "title": "twagner commented on her own post.",
      "attachments": [
        {
          "data": [
            {
              "external_context": {
                "url": "https://www.brown.net/"
              },
              "media": {
                "uri": "https://www.lorempixel.com/518/735"
              }
            }
          ]
        }
      ],
      "data": [
        {
          "comment": {
            "timestamp": 1592817024,
            "comment": "Water once hot you.\nIndividual animal boy just why. Now care play network. Either generation sport lay employee week off place.\nTogether traditional lay war. What news provide no share yes.",
            "author": "twagner",
            "group": "Grant-Crosby"
          }
        }
      ]
    },
    {
      "timestamp": 1583453601,
      "title": "twagner replied to Adam Richardson's comment."
    },
    {
      "timestamp": 1591274378,
      "title": "twagner replied to Austin Dunn's comment.",
      "data": [
        {
          "comment": {
            "timestamp": 1603433746,
            "comment": "Rich moment race sit trial. Military then year our chair foot experience.\nPattern respond back language. Make note may often big grow. Poor off letter concern prepare allow reason game.",
            "author": "twagner",
            "group": "Kelley and Sons"
          }
        }
      ]
    },
    {
      "timestamp": 1581815588,
      "title": "twagner commented on her own post."
    },
    {
      "timestamp": 1588773710,
      "title": "twagner commented on her own post.",
      "data": [
        {
          "comment": {
            "timestamp": 1587247802,
            "comment": "These should tax project together. Listen top ground base successful left. Around audience work arm.\nEast still anything career especially there yet.",
            "author": "twagner",
            "group": "Salazar Ltd"
          }
        }
      ]
    },
    {
      "timestamp": 1609364734,
      "title": "twagner replied to Amy Martin's comment.",
      "data": [
        {
          "comment": {
            "timestamp": 1602088819,
            "comment": "Between style real environment. Big conference laugh order night everybody eye they. Responsibility increase must hit.\nTogether floor sign friend television. Pick foot result company.",
            "author": "twagner",
            "group": "Serrano-Jacobson"
          }
        }
      ]
    },
    {
      "timestamp": 1602623139,
      "title": "twagner replied to Katherine Gomez's comment.",
      "attachments": [
        {
          "data": [
            {
              "external_context": {
                "url": "http://www.bailey.biz/"
              },
              "media": {
                "uri": "https://www.lorempixel.com/1013/76"
              }
            }
          ]
        }
      ]
    },
    {
      "timestamp": 1584472132,
      "title": "twagner commented on her own post.",
      "attachments": [
        {
          "data": [
            {
              "external_context": {
                "url": "http://www.richardson.com/"
              },
              "media": {
                "uri": "https://www.lorempixel.com/804/1022"
              }
            }
          ]
        }
      ],
      "data": [
        {
          "comment": {
            "timestamp": 1589851646,
            "comment": "Always receive and direction. Out choose open.\nEnter size article future them drop. Seven under southern task fill road.\nBreak concern ago study.",
            "author": "twagner",
            "group": "Ortiz, Powell and Brooks"
          }
        }
      ]
    },
    {
      "timestamp": 1604763242,
      "title": "twagner replied to Sandra Espinoza's comment.",
      "data": [
        {
          "comment": {
            "timestamp": 1604706812,
            "comment": "Could despite under service. Painting college letter move road.\nBlack write improve. Rather military successful throw.",
            "author": "twagner",
            "group": "Lopez, Fisher and Marquez"
          }
        }
      ]
    },
    {
      "timestamp": 1605871803,
      "title": "twagner replied to Kaitlyn Wiley's comment."
    },
    {
      "timestamp": 1610369807,
      "title": "twagner replied to John Pitts's comment."
    },
    {
      "timestamp": 1602724493,
      "title": "twagner commented on her own post.",
      "data": [
        {
          "comment": {
            "timestamp": 1598724884,
            "comment": "Law if need work be.\nConsider company source just. Really analysis impact friend card.\nSeat leave lay woman read. Defense least maybe yes for debate organization.",
            "author": "twagner",
            "group": "Ford-Tate"
          }
        }
      ]
    },
    {
      "timestamp": 1584393013,
      "title": "twagner replied to Dawn Salas's comment.",
      "attachments": [
        {
          "data": [
            {
              "external_context": {
                "url": "http://www.donaldson-white.info/"
              },
              "media": {
                "uri": "https://placekitten.com/686/846"
              }
            }
          ]
        }
      ],
      "data": [
        {
          "comment": {
            "timestamp": 1588621620,
            "comment": "Bar seven contain use decade. Policy news case recent treat education north.\nPersonal how budget commercial performance current collection. Church how resource better.",
            "author": "twagner",
            "group": "Brown PLC"
          }
        }
      ]
    },
    {
      "timestamp": 1599588479,
      "title": "twagner commented on her own post."
    },
    {
      "timestamp": 1608653880,
      "title": "twagner replied to Nancy Dixon's comment.",
      "attachments": [
        {
          "data": [
            {
              "external_context": {
                "url": "https://jennings.org/"
              },
              "media": {
                "uri": "https://placeimg.com/261/699/any"
              }
            }
          ]
        }
      ]
    },
    {
      "timestamp": 1608355057,
      "title": "twagner commented on her own post.",
      "attachments": [
        {
          "data": [
            {
              "external_context": {
                "url": "http://khan.com/"
              },
              "media": {
                "uri": "https://placeimg.com/794/155/any"
              }
            }
          ]
        }
      ]
    },
    {
      "timestamp": 1588961795,
      "title": "twagner replied to Tracy Mendoza's comment.",
      "data": [
        {
          "comment": {
            "timestamp": 1600190657,
            "comment": "Year national help draw science effect agreement. Tonight gas play although often attorney prove. Marriage goal a along voice despite. Bill blood true local same.",
            "author": "twagner",
            "group": "Henderson-Bradshaw"
          }
        }
      ]
    },
    {
      "timestamp": 1594720664,
      "title": "twagner commented on her own post.",
      "data": [
        {
          "comment": {
            "timestamp": 1579973655,
            "comment": "Money impact individual yet sign air. Child street record affect involve.\nRich both agency movement admit break.",
            "author": "twagner",
            "group": "Huynh-King"
          }
        }
      ]
    },
    {
      "timestamp": 1594988759,
      "title": "twagner replied to Mrs. Angela Mitchell's comment.",
      "attachments": [
        {
          "data": [
            {
              "external_context": {
                "url": "https://www.blake.org/"
              },
              "media": {
                "uri": "https://www.lorempixel.com/276/158"
              }
            }
          ]
        }
      ],
      "data": [
        {
          "comment": {
            "timestamp": 1592306524,
            "comment": "Reduce thousand inside beautiful. Effect upon cause.",
            "author": "twagner",
            "group": "Escobar Ltd"
          }
        }
      ]
    },
    {
      "timestamp": 1577956183,
      "title": "twagner commented on her own post."
    },
    {
      "timestamp": 1581294896,
      "title": "twagner replied to Mario Wilson's comment."
    },
    {
      "timestamp": 1579503299,
      "title": "twagner replied to Brittney Anderson's comment."
    },
    {
      "timestamp": 1591423775,
      "title": "twagner replied to Noah Brown's comment.",
      "data": [
        {
          "comment": {
            "timestamp": 1602412766,
            "comment": "Offer yeah person. She author administration positive.\nExample dream education not third full. Field discuss pull all total. Real down send beyond.",
            "author": "twagner",
            "group": "Esparza LLC"
          }
        }
      ]
    },
    {
      "timestamp": 1602702872,
      "title": "twagner commented on her own post."
    },
    {
      "timestamp": 1596231508,
      "title": "twagner commented on her own post.",
      "data": [
        {
          "comment": {
            "timestamp": 1600310779,
            "comment": "Minute prevent professor able quality building name. School indeed say blue agree raise example pick. Pay what yeah general.\nLeader difficult book myself. Attack TV focus.",
            "author": "twagner",
            "group": "Stewart-Atkinson"
          }
        }
      ]
    },
    {
      "timestamp": 1602950264,
      "title": "twagner commented on her own post.",
      "data": [
        {
          "comment": {
            "timestamp": 1602579150,
            "comment": "Kind hotel such central drive. Picture radio nice blue western.\nSomebody the mother wonder surface science. Moment board machine hard.",
            "author": "twagner",
            "group": "Reynolds and Sons"
          }
        }
      ]
    },
    {
      "timestamp": 1609844824,
      "title": "twagner commented on her own post."
    },
    {
      "timestamp": 1610391973,
      "title": "twagner replied to John Beasley's comment."
    },
    {
      "timestamp": 1588222469,
      "title": "twagner replied to Carrie Harris's comment."
    },
    {
      "timestamp": 1581133524,
      "title": "twagner commented on her own post."
    },
    {
      "timestamp": 1590564045,
      "title": "twagner commented on her own post."
    },
    {
      "timestamp": 1599446720,
      "title": "twagner replied to Jessica Johnson's comment."
    },
    {
      "timestamp": 1594312394,
      "title": "twagner commented on her own post.",
      "data": [
        {
          "comment": {
            "timestamp": 1599444832,
            "comment": "Both ability notice brother here effort employee Mr. Article large attack usually too wish. Senior man network capital main campaign follow know.",
            "author": "twagner",
            "group": "Casey, Williams and Murphy"
          }
        }
      ]
    },
    {
      "timestamp": 1610065459,
      "title": "twagner commented on her own post."
    },
    {
      "timestamp": 1602817152,
      "title": "twagner replied to Rhonda Miller's comment."
    },
    {
      "timestamp": 1594230356,
      "title": "twagner replied to Ashley Barnett's comment.",
      "data": [
        {
          "comment": {
            "timestamp": 1601761291,
            "comment": "Law financial TV box trouble. Hand goal worry simply mission yet.\nWhen full fire speak determine. Fast quite rest improve. Data investment opportunity point industry.",
            "author": "twagner",
            "group": "Cain LLC"
          }
        }
      ]
    },
    {
      "timestamp": 1581262249,
      "title": "twagner replied to Kimberly Bryant's comment.",
      "attachments": [
        {
          "data": [
            {
              "external_context": {
                "url": "https://www.crawford.com/"
              },
              "media": {
                "uri": "https://placeimg.com/198/619/any"
              }
            }
          ]
        }
      ],
      "data": [
        {
          "comment": {
            "timestamp": 1592859651,
            "comment": "Across argue off authority.\nTraditional only stay home arm father. Or people kid final. Receive oil million rather conference data.\nVote art southern. Toward life grow my war more hold.",
            "author": "twagner",
            "group": "Snyder-Pugh"
          }
        }
      ]
    }
  ]
}