{
  "engagement_info": [
    {
      "timestamp": 1623010120,
      "engagement_type": "share",
      "object": "uuid1768640"
    },
    {
      "timestamp": 1628873495,
      "engagement_type": "like",
      "object": "uuid5814021"
    },
    {
      "timestamp": 1596323255,
      "engagement_type": "share",
      "object": "uuid5597174"
    },
    {
      "timestamp": 1627821368,
      "engagement_type": "like",
      "object": "uuid3265345"
    },
    {
      "timestamp": 1625093307,
      "engagement_type": "share",
      "object": "uuid2978659"
    },
    {
      "timestamp": 1598481720,
      "engagement_type": "share",
      "object": "uuid1966596"
    },
    {
      "timestamp": 1597905193,
      "engagement_type": "recommend",
      "object": "uuid4375174"
    },
    {
      "timestamp": 1604289459,
      "engagement_type": "share",
      "object": "uuid4277200"
    },
    {
      "timestamp": 1589972283,
      "engagement_type": "share",
      "object": "uuid526651"
    },
    {
      "timestamp": 1604656133,
      "engagement_type": "recommend",
      "object": "uuid8235133"
    },
    {
      "timestamp": 1594778542,
      "engagement_type": "recommend",
      "object": "uuid2089154"
    },
    {
      "timestamp": 1628834793,
      "engagement_type": "share",
      "object": "uuid4026654"
    },
    {
      "timestamp": 1602717988,
      "engagement_type": "recommend",
      "object": "uuid7946456"
    },
    {
      "timestamp": 1588304632,
      "engagement_type": "recommend",
      "object": "uuid6422548"
    },
    {
      "timestamp": 1603687319,
      "engagement_type": "like",
      "object": "uuid1018573"
    },
    {
      "timestamp": 1588435750,
      "engagement_type": "recommend",
      "object": "uuid8376000"
    },
    {
      "timestamp": 1622500114,
      "engagement_type": "click",
      "object": "uuid3569727"
    },
    {
      "timestamp": 1591130934,
      "engagement_type": "like",
      "object": "uuid4963700"
    },
    {
      "timestamp": 1586159980,
      "engagement_type": "share",
      "object": "uuid8803566"
    },
    {
      "timestamp": 1601408376,
      "engagement_type": "listen",
      "object": "uuid6896471"
    }
  ]
}