{
  "engagement_info": [
    {
      "timestamp": 1603583147,
      "engagement_type": "like",
      "object": "uuid5840629"
    },
    {
      "timestamp": 1604131197,
      "engagement_type": "click",
      "object": "uuid5498207"
    },
    {
      "timestamp": 1631666723,
      "engagement_type": "listen",
      "object": "uuid4948296"
    },
    {
      "timestamp": 1634712013,
      "engagement_type": "click",
      "object": "uuid1253992"
    },
    {
      "timestamp": 1651598806,
      "engagement_type": "like",
      "object": "uuid47263"
    },
    {
      "timestamp": 1614837215,
      "engagement_type": "listen",
      "object": "uuid7885513"
    },
    {
      "timestamp": 1613519961,
      "engagement_type": "like",
      "object": "uuid8145538"
    },
    {
      "timestamp": 1597582736,
      "engagement_type": "listen",
      "object": "uuid612408"
    },
    {
      "timestamp": 1604838142,
      "engagement_type": "listen",
      "object": "uuid1514152"
    },
    {
      "timestamp": 1639114959,
      "engagement_type": "click",
      "object": "uuid6109172"
    },
    {
      "timestamp": 1628743660,
      "engagement_type": "recommend",
      "object": "uuid6792778"
    },
    {
      "timestamp": 1638269231,
      "engagement_type": "recommend",
      "object": "uuid2059735"
    },
    {
      "timestamp": 1633797338,
      "engagement_type": "share",
      "object": "uuid6858714"
    },
    {
      "timestamp": 1593092623,
      "engagement_type": "share",
      "object": "uuid671610"
    },
    {
      "timestamp": 1633545231,
      "engagement_type": "click",
      "object": "uuid8293052"
    },
    {
      "timestamp": 1616812065,
      "engagement_type": "listen",
      "object": "uuid237794"
    },
    {
      "timestamp": 1599627588,
      "engagement_type": "click",
      "object": "uuid5748854"
    },
    {
      "timestamp": 1613363432,
      "engagement_type": "like",
      "object": "uuid6260369"
    },
    {
      "timestamp": 1596187832,
      "engagement_type": "recommend",
      "object": "uuid6008933"
    },
    {
      "timestamp": 1634398469,
      "engagement_type": "like",
      "object": "uuid845728"
    }
  ]
}