{
  "page_likes": [
    {
      "name": "Smith-Johnson",
      "timestamp": 1599382356
    },
    {
      "name": "Lewis-Dyer",
      "timestamp": 1584629430
    },
    {
      "name": "Hunter, Lee and Garcia",
      "timestamp": 1595058135
    },
    {
      "name": "Moore PLC",
      "timestamp": 1581187148
    },
    {
      "name": "Bauer PLC",
      "timestamp": 1588991782
    },
    {
      "name": "Thomas, Lane and Reeves",
      "timestamp": 1579696126
    },
    {
      "name": "Shields and Sons",
      "timestamp": 1592362437
    },
    {
      "name": "Diaz-Hampton",
      "timestamp": 1580355123
    },
    {
      "name": "Williams, Williams and Harrison",
      "timestamp": 1599264237
    },
    {
      "name": "Williams Inc",
      "timestamp": 1603681135
    },
    {
      "name": "Bray and Sons",
      "timestamp": 1582441057
    },
    {
      "name": "Robinson Inc",
      "timestamp": 1589482183
    },
    {
      "name": "Summers, Brewer and Patterson",
      "timestamp": 1593535149
    },
    {
      "name": "Hill PLC",
      "timestamp": 1591231571
    },
    {
      "name": "Brown-Lowe",
      "timestamp": 1603898709
    },
    {
      "name": "Estes-Cooper",
      "timestamp": 1602668109
    },
    {
      "name": "Smith-Ramirez",
      "timestamp": 1577901680
    },
    {
      "name": "Williamson, Taylor and Benson",
      "timestamp": 1598151975
    },
    {
      "name": "Monroe-Boyd",
      "timestamp": 1596150957
    },
    {
      "name": "Simmons, Nelson and Walker",
      "timestamp": 1605752974
    }
  ]
}