{
  "reactions": [
    {
      "timestamp": 1584827526,
      "data": [
        {
          "reaction": {
            "reaction": "LIKE",
            "actor": "rmiller"
          }
        }
      ],
      "title": "rmiller likes Samantha Anderson's post."
    },
    {
      "timestamp": 1583382416,
      "data": [
        {
          "reaction": {
            "reaction": "LIKE",
            "actor": "rmiller"
          }
        }
      ],
      "title": "rmiller likes Courtney Sharp's post."
    },
    {
      "timestamp": 1587248277,
      "data": [
        {
          "reaction": {
            "reaction": "LIKE",
            "actor": "rmiller"
          }
        }
      ],
      "title": "rmiller likes Katherine Ramos's post."
    },
    {
      "timestamp": 1590038827,
      "data": [
        {
          "reaction": {
            "reaction": "LIKE",
            "actor": "rmiller"
          }
        }
      ],
      "title": "rmiller likes Jeffery Wilkins's post."
    },
    {
      "timestamp": 1593373815,
      "data": [
        {
          "reaction": {
            "reaction": "LIKE",
            "actor": "rmiller"
          }
        }
      ],
      "title": "rmiller likes Cassandra Floyd's post."
    },
    {
      "timestamp": 1588170985,
      "data": [
        {
          "reaction": {
            "reaction": "LIKE",
            "actor": "rmiller"
          }
        }
      ],
      "title": "rmiller likes Daniel Anderson's post."
    },
    {
      "timestamp": 1584112173,
      "data": [
        {
          "reaction": {
            "reaction": "LIKE",
            "actor": "rmiller"
          }
        }
      ],
      "title": "rmiller likes Lisa Medina's post."
    },
    {
      "timestamp": 1582428175,
      "data": [
        {
          "reaction": {
            "reaction": "LIKE",
            "actor": "rmiller"
          }
        }
      ],
      "title": "rmiller likes Lynn George's post."
    },
    {
      "timestamp": 1579698342,
      "data": [
        {
          "reaction": {
            "reaction": "LIKE",
            "actor": "rmiller"
          }
        }
      ],
      "title": "rmiller likes Jennifer Gross's post."
    },
    {
      "timestamp": 1593509305,
      "data": [
        {
          "reaction": {
            "reaction": "LOVE",
            "actor": "rmiller"
          }
        }
      ],
      "title": "rmiller likes Anthony Marsh's post."
    },
    {
      "timestamp": 1597015547,
      "data": [
        {
          "reaction": {
            "reaction": "LIKE",
            "actor": "rmiller"
          }
        }
      ],
      "title": "rmiller likes Jonathan Brown's post."
    },
    {
      "timestamp": 1579196999,
      "data": [
        {
          "reaction": {
            "reaction": "LIKE",
            "actor": "rmiller"
          }
        }
      ],
      "title": "rmiller likes William French's post."
    },
    {
      "timestamp": 1600525361,
      "data": [
        {
          "reaction": {
            "reaction": "LIKE",
            "actor": "rmiller"
          }
        }
      ],
      "title": "rmiller likes Paul Moreno's post."
    },
    {
      "timestamp": 1601947100,
      "data": [
        {
          "reaction": {
            "reaction": "LIKE",
            "actor": "rmiller"
          }
        }
      ],
      "title": "rmiller likes Mr. Joseph Brooks's post."
    },
    {
      "timestamp": 1603949286,
      "data": [
        {
          "reaction": {
            "reaction": "LIKE",
            "actor": "rmiller"
          }
        }
      ],
      "title": "rmiller likes Wesley Gonzalez's post."
    },
    {
      "timestamp": 1590993532,
      "data": [
        {
          "reaction": {
            "reaction": "LIKE",
            "actor": "rmiller"
          }
        }
      ],
      "title": "rmiller likes Jacqueline Melton's post."
    },
    {
      "timestamp": 1594136739,
      "data": [
        {
          "reaction": {
            "reaction": "LIKE",
            "actor": "rmiller"
          }
        }
      ],
      "title": "rmiller likes Ernest White's post."
    },
    {
      "timestamp": 1599714640,
      "data": [
        {
          "reaction": {
            "reaction": "LIKE",
            "actor": "rmiller"
          }
        }
      ],
      "title": "rmiller likes Lisa Vega's post."
    },
    {
      "timestamp": 1586295912,
      "data": [
        {
          "reaction": {
            "reaction": "LOVE",
            "actor": "rmiller"
          }
        }
      ],
      "title": "rmiller likes Mercedes Winters's post."
    },
    {
      "timestamp": 1583941492,
      "data": [
        {
          "reaction": {
            "reaction": "LIKE",
            "actor": "rmiller"
          }
        }
      ],
      "title": "rmiller likes Ashley Williams's post."
    }
  ]
}