{
  "engagement_info": [
    {
      "timestamp": 1614068371,
      "engagement_type": "listen",
      "object": "uuid5498696"
    },
    {
      "timestamp": 1604063805,
      "engagement_type": "like",
      "object": "uuid669485"
    },
    {
      "timestamp": 1584814673,
      "engagement_type": "recommend",
      "object": "uuid4577638"
    },
    {
      "timestamp": 1593271061,
      "engagement_type": "recommend",
      "object": "uuid1200709"
    },
    {
      "timestamp": 1623632679,
      "engagement_type": "share",
      "object": "uuid5942857"
    },
    {
      "timestamp": 1599020233,
      "engagement_type": "click",
      "object": "uuid4034789"
    },
    {
      "timestamp": 1606276320,
      "engagement_type": "recommend",
      "object": "uuid13742"
    },
    {
      "timestamp": 1628724691,
      "engagement_type": "recommend",
      "object": "uuid7195692"
    },
    {
      "timestamp": 1610542198,
      "engagement_type": "like",
      "object": "uuid4541258"
    },
    {
      "timestamp": 1587220827,
      "engagement_type": "like",
      "object": "uuid5647955"
    },
    {
      "timestamp": 1600395527,
      "engagement_type": "listen",
      "object": "uuid6549304"
    },
    {
      "timestamp": 1624328272,
      "engagement_type": "recommend",
      "object": "uuid4954358"
    },
    {
      "timestamp": 1580414680,
      "engagement_type": "click",
      "object": "uuid5333013"
    },
    {
      "timestamp": 1606518551,
      "engagement_type": "listen",
      "object": "uuid7959949"
    },
    {
      "timestamp": 1629424949,
      "engagement_type": "share",
      "object": "uuid5719749"
    },
    {
      "timestamp": 1620912799,
      "engagement_type": "listen",
      "object": "uuid6613702"
    },
    {
      "timestamp": 1601971047,
      "engagement_type": "listen",
      "object": "uuid8164573"
    },
    {
      "timestamp": 1620514556,
      "engagement_type": "like",
      "object": "uuid3983671"
    },
    {
      "timestamp": 1590918838,
      "engagement_type": "listen",
      "object": "uuid5541220"
    },
    {
      "timestamp": 1624424299,
      "engagement_type": "share",
      "object": "uuid6665910"
    }
  ]
}