[
  {
    "timestamp": 1605775676,
    "title": "cbright wrote on Christopher Smith's timeline.",
    "tags": [],
    "attachments": {
      "data": [
        {
          "for_sale_item": {
            "title": "Centralized maximized process improvement",
            "price": "\u20a8430",
            "seller": "cbright",
            "created_timestamp": 1578739752,
            "updated_timestamp": 1609427797,
            "category": "Health & Lifestyle",
            "marketplace": "fine-material",
            "location": {
              "coordinate": {
                "lattitude": "55.82885",
                "longitude": "-4.21376"
              }
            },
            "description": "Join ask gas physical sing. International participant which budget bed camera enter. Owner either get power build exist such."
          }
        },
        {
          "media": {
            "uri": "https://placeimg.com/747/332/any",
            "creation_timestamp": 1578739752,
            "media_metadata": {
              "upload_ip": "59.6.231.142"
            },
            "title": ""
          }
        },
        {
          "media": {
            "uri": "https://placekitten.com/999/324",
            "creation_timestamp": 1578739752,
            "media_metadata": {
              "upload_ip": "179.177.24.214"
            },
            "title": ""
          }
        },
        {
          "media": {
            "uri": "https://placeimg.com/193/165/any",
            "creation_timestamp": 1578739752,
            "media_metadata": {
              "upload_ip": "141.214.78.245"
            },
            "title": ""
          }
        }
      ]
    },
    "data": [
      {
        "post": "Space behind century accept. Appear article deep doctor. Area they I dinner everybody course music.\nResponsibility then against and will professional. Happy let economic tough.\nAttack newspaper music final. Agreement five body.\nHit give type. Finally author oil hundred build receive food. Conference sister pick."
      }
    ]
  },
  {
    "timestamp": 1593409185,
    "title": "cbright wrote on Shelley Johnson's timeline.",
    "tags": [
      "Kathy Roth"
    ],
    "data": []
  },
  {
    "timestamp": 1600926001,
    "title": "cbright wrote on Gina Carter's timeline.",
    "tags": [],
    "data": []
  },
  {
    "timestamp": 1592846763,
    "title": "cbright wrote on Robert Parker's timeline.",
    "tags": [
      "Kimberly Martinez"
    ],
    "attachments": {
      "data": [
        {
          "external_context": {
            "url": "http://www.moran.com/"
          }
        }
      ]
    },
    "data": []
  },
  {
    "timestamp": 1602782896,
    "title": "cbright wrote on Nathaniel Young's timeline.",
    "tags": [],
    "data": []
  },
  {
    "timestamp": 1588183626,
    "title": "cbright wrote on Emily Gentry's timeline.",
    "tags": [
      "Ryan Rosales",
      "Mrs. Lacey Tanner",
      "Jordan Smith"
    ],
    "data": []
  },
  {
    "timestamp": 1583216942,
    "title": "cbright wrote on Jesus Wang's timeline.",
    "tags": [
      "Jennifer Hickman"
    ],
    "data": []
  },
  {
    "timestamp": 1604643329,
    "title": "cbright wrote on Curtis Murphy's timeline.",
    "tags": [],
    "data": []
  },
  {
    "timestamp": 1596670174,
    "title": "cbright wrote on Courtney Johnson's timeline.",
    "tags": [
      "Joseph Parrish",
      "Meredith Wells"
    ],
    "attachments": {
      "data": [
        {
          "external_context": {
            "url": "http://www.walter.com/"
          }
        }
      ]
    },
    "data": [
      {
        "post": "Relationship blue whose add minute game change. Church information law eight government morning. Onto really that she gun order suddenly.\nOfficial spend ability. Out car rate usually pull small. Wish easy large great young. Six fly drug poor inside south.\nNice season their card. Media for very treatment.\nPerformance small benefit bag.\nPurpose most future value fast. Someone mouth last throughout. Result stand artist teach fund address east.",
        "update_timestamp": 1598728913
      }
    ]
  },
  {
    "timestamp": 1578954937,
    "title": "cbright wrote on Chelsea Jacobs's timeline.",
    "tags": [],
    "data": [
      {
        "post": "Box role order health challenge. That central green seek material. Approach one tell what front garden. You consider rather subject.\nCitizen although court huge relationship lose. War finish Mr.\nTogether most spend education ten national. There data would parent question population late.\nGo staff bill responsibility up. Research only response exactly particularly.\nSenior down speak today key heart several. Nation alone significant.\nDark suddenly case first. Rest whose production century."
      }
    ]
  },
  {
    "timestamp": 1603321681,
    "title": "cbright wrote on Rachel Blankenship's timeline.",
    "tags": [],
    "data": []
  },
  {
    "timestamp": 1603351647,
    "title": "cbright wrote on Kimberly Lam's timeline.",
    "tags": [
      "Angela Cooper",
      "Casey Johnson",
      "Derek Thornton"
    ],
    "attachments": {
      "data": [
        {
          "for_sale_item": {
            "title": "Configurable secondary adapter",
            "price": "\ufdfc727",
            "seller": "cbright",
            "created_timestamp": 1580821205,
            "updated_timestamp": 1597562770,
            "category": "Sports & outdoor",
            "marketplace": "artist",
            "location": {
              "coordinate": {
                "lattitude": "49.68369",
                "longitude": "8.61839"
              }
            },
            "description": "Look by never tax social them. Thought alone especially modern growth."
          }
        },
        {
          "media": {
            "uri": "https://placeimg.com/160/129/any",
            "creation_timestamp": 1580821205,
            "media_metadata": {
              "upload_ip": "159.224.147.45"
            },
            "title": ""
          }
        },
        {
          "media": {
            "uri": "https://placekitten.com/96/281",
            "creation_timestamp": 1580821205,
            "media_metadata": {
              "upload_ip": "145.216.212.165"
            },
            "title": ""
          }
        }
      ]
    },
    "data": []
  },
  {
    "timestamp": 1583434631,
    "title": "cbright wrote on Brooke Hill's timeline.",
    "tags": [
      "Stephanie Hunter",
      "Rachel Schultz"
    ],
    "data": []
  },
  {
    "timestamp": 1593291932,
    "title": "cbright wrote on Jody Torres's timeline.",
    "tags": [
      "Amanda Russell",
      "Carlos Livingston"
    ],
    "attachments": {
      "data": [
        {
          "external_context": {
            "url": "https://www.dean-byrd.com/"
          }
        }
      ]
    },
    "data": []
  },
  {
    "timestamp": 1579929638,
    "title": "cbright wrote on Mary Davis's timeline.",
    "tags": [
      "Jacob Hughes",
      "Katie Moss"
    ],
    "data": [
      {
        "post": "Eight economy special amount. Why writer system to a federal dog. Necessary dinner word population rather safe deal nice.\nScientist break not sing attention.\nSpring war wall fly difference check. History walk once week computer seem.\nProject accept conference six culture and above. Military list common learn.\nSeason throw price source attorney budget step degree. Fill piece station stock can this. Vote because quality yet stop."
      }
    ]
  },
  {
    "timestamp": 1584685033,
    "title": "cbright wrote on John Sims's timeline.",
    "tags": [
      "Meghan Wright",
      "Mr. David Morgan",
      "Kent Mullen"
    ],
    "data": []
  },
  {
    "timestamp": 1578034483,
    "title": "cbright wrote on Dylan Williamson's timeline.",
    "tags": [
      "Christopher Stevens",
      "Charles Obrien"
    ],
    "data": [
      {
        "post": "Style today something and light. Happen behavior send cold. Hit also citizen.\nCivil house you. Bill lay education onto. Cup star once himself yet these.\nFinancial occur study oil share mother strategy. Very up yes major. This take relationship maintain somebody human probably.\nComputer election soldier ability. Few fight but manager yeah ago.\nMovement price responsibility peace. Could information job provide against change strong. Child rule parent person.\nThing impact man create. Phone human campaign question better recently.",
        "update_timestamp": 1581059674
      }
    ]
  },
  {
    "timestamp": 1583087317,
    "title": "cbright wrote on Bryan Sanchez's timeline.",
    "tags": [],
    "attachments": {
      "data": [
        {
          "external_context": {
            "url": "https://www.george.com/"
          }
        }
      ]
    },
    "data": []
  },
  {
    "timestamp": 1598629570,
    "title": "cbright wrote on Erin Burch's timeline.",
    "tags": [
      "Helen Kim",
      "Stephen Allen DDS"
    ],
    "data": [
      {
        "post": "Color leave open recognize Republican. Special movie Mrs commercial your reason something. Clear take network in teacher sometimes.\nMind her law increase surface happy agreement. Full sense dark offer role. Collection event end walk.\nFirst style financial current social tonight. Manager activity green camera itself military.\nExist role election attorney benefit per under. Later yourself week example. Government full answer something really under."
      }
    ]
  },
  {
    "timestamp": 1584713844,
    "title": "cbright wrote on Emma Gomez's timeline.",
    "tags": [
      "Jacqueline Singh",
      "Renee Byrd",
      "Gloria Vasquez"
    ],
    "attachments": {
      "data": [
        {
          "external_context": {
            "url": "http://johnson.com/"
          }
        }
      ]
    },
    "data": []
  },
  {
    "timestamp": 1603466558,
    "title": "cbright wrote on Dr. Hannah Lee's timeline.",
    "tags": [],
    "attachments": {
      "data": [
        {
          "external_context": {
            "url": "https://johnson-becker.biz/"
          }
        }
      ]
    },
    "data": []
  },
  {
    "timestamp": 1590395643,
    "title": "cbright wrote on Christopher Bruce's timeline.",
    "tags": [],
    "attachments": {
      "data": [
        {
          "external_context": {
            "url": "https://www.aguilar.info/"
          }
        }
      ]
    },
    "data": []
  },
  {
    "timestamp": 1604823557,
    "title": "cbright wrote on Todd Peters's timeline.",
    "tags": [
      "Kristen Cross",
      "Amanda Reed"
    ],
    "data": []
  },
  {
    "timestamp": 1598573269,
    "title": "cbright wrote on Samantha Gilmore's timeline.",
    "tags": [],
    "data": []
  },
  {
    "timestamp": 1602463848,
    "title": "cbright wrote on Erin Robles's timeline.",
    "tags": [],
    "data": [
      {
        "post": "Perform your make walk. One present fill imagine cause raise. Few television much major exactly else book.\nKnowledge let away instead treat.\nMiss meet loss pick I choose nation similar. Speech edge for above. Dark account create free indicate.\nSometimes wish raise lawyer else me. Behind whether risk game.\nDemocratic everybody her rich inside individual response. Respond grow clearly.\nSkill too week. Magazine million fear with star."
      }
    ]
  },
  {
    "timestamp": 1590805745,
    "title": "cbright wrote on Robert Walter's timeline.",
    "tags": [
      "Hailey Cruz"
    ],
    "data": []
  },
  {
    "timestamp": 1594855206,
    "title": "cbright wrote on Melissa Palmer's timeline.",
    "tags": [
      "Thomas Ellis"
    ],
    "data": []
  },
  {
    "timestamp": 1603076321,
    "title": "cbright wrote on Lori Ryan's timeline.",
    "tags": [],
    "data": [
      {
        "post": "Could less information job. Continue win hand leg despite back million hot.\nWhatever rise know beyond state serious artist. Month to fact help.\nThink team give week sign picture whose. Sign these partner together.\nLight issue message still capital. Just beautiful hair cup. Type form down risk picture within.\nAuthor control for voice. Piece personal interest until. Also culture surface time skill about."
      }
    ]
  },
  {
    "timestamp": 1579136475,
    "title": "cbright wrote on Carolyn Scott's timeline.",
    "tags": [
      "Julie Levine"
    ],
    "attachments": {
      "data": [
        {
          "external_context": {
            "url": "https://www.jones-sullivan.org/"
          }
        }
      ]
    },
    "data": []
  },
  {
    "timestamp": 1584354658,
    "title": "cbright wrote on Mark Suarez's timeline.",
    "tags": [
      "James Bennett",
      "Emily Mccall",
      "Jennifer Wong"
    ],
    "data": [
      {
        "post": "Garden course analysis degree condition. Discussion foot finish forget.\nThrough coach pay suggest or information. Morning institution work kind development.\nBrother man decide any wide left lawyer later. Plant become plant certain recently. Organization herself central attack.\nMust continue choose third commercial claim story. Someone anything study world remember student serve. Use happy picture sea as rise serious. Form hit those long apply."
      }
    ]
  },
  {
    "timestamp": 1579043592,
    "title": "cbright wrote on Dr. Debra Ellison's timeline.",
    "tags": [
      "Pamela Rogers"
    ],
    "data": []
  },
  {
    "timestamp": 1598449546,
    "title": "cbright wrote on Sally Crawford's timeline.",
    "tags": [
      "Elizabeth Munoz",
      "Joseph Wolf",
      "Scott Wright"
    ],
    "attachments": {
      "data": [
        {
          "external_context": {
            "url": "http://www.cooper.com/"
          }
        }
      ]
    },
    "data": []
  },
  {
    "timestamp": 1607567461,
    "title": "cbright wrote on Mallory Schaefer's timeline.",
    "tags": [
      "Linda Henderson",
      "Kimberly Bond",
      "Harold Rojas MD"
    ],
    "attachments": {
      "data": [
        {
          "for_sale_item": {
            "title": "Team-oriented eco-centric Graphic Interface",
            "price": "\u20b2588",
            "seller": "cbright",
            "created_timestamp": 1595497183,
            "updated_timestamp": 1588766830,
            "category": "Electronics",
            "marketplace": "threat-note-clearly",
            "location": {
              "coordinate": {
                "lattitude": "11.15583",
                "longitude": "42.7125"
              }
            },
            "description": "Draw talk boy population. Bring perform business window son to."
          }
        },
        {
          "media": {
            "uri": "https://www.lorempixel.com/742/999",
            "creation_timestamp": 1595497183,
            "media_metadata": {
              "upload_ip": "211.48.125.57"
            },
            "title": ""
          }
        }
      ]
    },
    "data": []
  },
  {
    "timestamp": 1584906966,
    "title": "cbright wrote on Mary Lopez's timeline.",
    "tags": [
      "Louis Jordan"
    ],
    "data": [
      {
        "post": "Keep tend huge. Hit half minute place audience drive.\nAble from number assume into. Goal example western somebody of color appear.\nEnvironment style ball resource degree serious tell. Laugh learn actually good small. Couple father oil back.\nSimilar total including. Life road city war present.\nDesign mention most off throughout response production. Prove action line draw practice mouth hard. Public late tough individual."
      }
    ]
  },
  {
    "timestamp": 1594268571,
    "title": "cbright wrote on Theresa Alvarado's timeline.",
    "tags": [
      "Karen Johnson",
      "Sarah Baker",
      "Debra Lee"
    ],
    "data": []
  },
  {
    "timestamp": 1583248124,
    "title": "cbright wrote on Shawn Gentry's timeline.",
    "tags": [
      "Steven Murphy",
      "Nicholas Bishop"
    ],
    "attachments": {
      "data": [
        {
          "external_context": {
            "url": "http://johnson.com/"
          }
        }
      ]
    },
    "data": []
  },
  {
    "timestamp": 1606467233,
    "title": "cbright wrote on Frederick Robinson's timeline.",
    "tags": [],
    "attachments": {
      "data": [
        {
          "for_sale_item": {
            "title": "Cross-group empowering conglomeration",
            "price": "$363",
            "seller": "cbright",
            "created_timestamp": 1607374587,
            "updated_timestamp": 1583680177,
            "category": "Health & Lifestyle",
            "marketplace": "but-five-quickly",
            "location": {
              "coordinate": {
                "lattitude": "40.93333",
                "longitude": "73"
              }
            },
            "description": "Wall kitchen if number skill instead. Until wide available get election season. You market surface food. Later national people threat none middle practice about."
          }
        },
        {
          "media": {
            "uri": "https://placekitten.com/48/833",
            "creation_timestamp": 1607374587,
            "media_metadata": {
              "upload_ip": "188.148.249.46"
            },
            "title": ""
          }
        }
      ]
    },
    "data": [
      {
        "post": "Across this detail center yes yet great. Yourself our away act. State maybe range rate senior certainly.\nTen single performance. Rather nature establish challenge option.\nDegree may point positive minute fall. Buy information note reality lot skill hotel. Student five toward happen shake.\nAdmit force kid bag conference or sing. Modern treat mention hand.\nLawyer style discover wish bad even green. Information one TV production western. Ten seven dream."
      }
    ]
  },
  {
    "timestamp": 1590085769,
    "title": "cbright wrote on Tammy Tucker's timeline.",
    "tags": [],
    "data": []
  },
  {
    "timestamp": 1600578102,
    "title": "cbright wrote on Ashley Walker's timeline.",
    "tags": [
      "Robert Campbell"
    ],
    "attachments": {
      "data": [
        {
          "external_context": {
            "url": "https://callahan-allen.com/"
          }
        }
      ]
    },
    "data": [
      {
        "post": "Yard financial try.\nModel need two individual occur necessary chair. Happy interest wife head opportunity operation. Rate newspaper white let whom street.\nLeader organization natural. Station away issue list have another me. Generation person wish agree since boy.\nItself western than company serious. Quite set cover stop center address group identify.\nBest relationship pattern message. Realize base seat opportunity kind everything shake."
      }
    ]
  },
  {
    "timestamp": 1608960092,
    "title": "cbright wrote on Jimmy Gordon's timeline.",
    "tags": [
      "Michael Hernandez"
    ],
    "data": []
  },
  {
    "timestamp": 1581837215,
    "title": "cbright wrote on Craig Simon's timeline.",
    "tags": [
      "Lisa Roberts"
    ],
    "attachments": {
      "data": [
        {
          "external_context": {
            "url": "https://jones.com/"
          }
        }
      ]
    },
    "data": []
  },
  {
    "timestamp": 1601207785,
    "title": "cbright wrote on Michael Haas's timeline.",
    "tags": [
      "Patrick Rogers",
      "Jeffrey Jackson"
    ],
    "attachments": {
      "data": [
        {
          "external_context": {
            "url": "https://jackson.org/"
          }
        }
      ]
    },
    "data": [
      {
        "post": "Fish mind before night statement major any. Prevent face accept court wind. Beat operation some line scientist.\nRepublican billion sell note. Project let anything TV service energy shake. Sort dream action seat year project.\nAs account same we door. Memory gun hand bring other.\nAnd too they room. Perform long growth traditional best. Food education amount summer someone. Care early offer end.\nShake language agreement husband adult old. Tv since energy kitchen discover."
      }
    ]
  },
  {
    "timestamp": 1607316622,
    "title": "cbright wrote on Mary Bauer's timeline.",
    "tags": [
      "Paige Wallace"
    ],
    "data": []
  },
  {
    "timestamp": 1583699167,
    "title": "cbright wrote on Sarah Gill's timeline.",
    "tags": [
      "Heather Garcia",
      "Laurie Thomas"
    ],
    "data": []
  },
  {
    "timestamp": 1589490777,
    "title": "cbright wrote on Heather Jenkins's timeline.",
    "tags": [
      "Joseph James"
    ],
    "data": []
  },
  {
    "timestamp": 1582799906,
    "title": "cbright wrote on Russell Cline's timeline.",
    "tags": [
      "Samuel Savage"
    ],
    "data": [
      {
        "post": "Economic however rock fly. Right together there everyone wind across.\nWrite maintain spend nice station head guess street.\nClear loss tax whom. Course next join amount measure.\nResponse away win law past down.\nEstablish head plan arm sound. Current I strategy.\nDebate sure author. Water lawyer continue successful.\nSuccessful should hour note than case while. Grow finally without computer window cultural read. Claim out size newspaper federal another."
      }
    ]
  },
  {
    "timestamp": 1605969083,
    "title": "cbright wrote on Steven Warren's timeline.",
    "tags": [],
    "data": []
  },
  {
    "timestamp": 1588639461,
    "title": "cbright wrote on Stephen Duran's timeline.",
    "tags": [
      "Paul Reynolds",
      "David Gonzales"
    ],
    "attachments": {
      "data": [
        {
          "external_context": {
            "url": "https://www.clark.org/"
          }
        }
      ]
    },
    "data": []
  },
  {
    "timestamp": 1592187258,
    "title": "cbright wrote on Colin Esparza's timeline.",
    "tags": [
      "Erin Marshall",
      "Jacqueline Waller",
      "Robert Bush"
    ],
    "data": []
  },
  {
    "timestamp": 1588591811,
    "title": "cbright wrote on Destiny Green's timeline.",
    "tags": [],
    "data": [
      {
        "post": "The ever although. Half food church too. Option I focus writer leader.\nBig kitchen program language industry leg. At three set there total generation black animal. Government billion point.\nAccept life school least. Least role soldier different customer.\nNear fine rise rate most center. Arm itself soon within send citizen study gas. Remain Congress off decade just black.\nArm among answer prove process compare let. Music new nearly clearly too. Within do health raise air sort."
      }
    ]
  },
  {
    "timestamp": 1587899758,
    "title": "cbright wrote on Patricia Hill's timeline.",
    "tags": [],
    "data": []
  },
  {
    "timestamp": 1603805995,
    "title": "cbright wrote on Jacob Clark's timeline.",
    "tags": [
      "Sarah Solis",
      "Mr. Raymond Bass PhD",
      "Tracey Waller"
    ],
    "data": []
  },
  {
    "timestamp": 1586219040,
    "title": "cbright wrote on Keith Mclean's timeline.",
    "tags": [
      "Amanda Miller",
      "Mr. Mark Smith"
    ],
    "attachments": {
      "data": [
        {
          "external_context": {
            "url": "http://www.chen-chen.com/"
          }
        }
      ]
    },
    "data": []
  },
  {
    "timestamp": 1595259194,
    "title": "cbright wrote on Craig Mcgrath's timeline.",
    "tags": [
      "Christopher Gallegos"
    ],
    "attachments": {
      "data": [
        {
          "external_context": {
            "url": "https://www.sellers.com/"
          }
        }
      ]
    },
    "data": [
      {
        "post": "Factor include car teach. Magazine until finally network skin such Democrat their.\nAffect manage reflect sit. Inside best notice top both. Or morning accept since travel hundred around.\nParticipant suffer increase discuss happy.\nArtist those station strong her mission school. Listen tough final country age degree.\nSomething rich first star firm. Organization herself opportunity will or development activity.\nMorning air especially can same outside top. Partner consumer ball."
      }
    ]
  },
  {
    "timestamp": 1598705209,
    "title": "cbright wrote on Zachary Alexander's timeline.",
    "tags": [
      "Barbara Olsen"
    ],
    "data": []
  },
  {
    "timestamp": 1602037790,
    "title": "cbright wrote on Eric Ramos's timeline.",
    "tags": [],
    "data": [
      {
        "post": "Although speech likely factor side. Decision single natural result Republican indicate. Necessary success discuss again door job.\nSystem oil bed last. Surface reason trouble pull woman entire. Peace particular culture miss strategy.\nMagazine direction worker hold set. Often others hour toward recognize often. Relate cell return provide within process.\nWould during account unit hotel some. Site he investment four local."
      }
    ]
  },
  {
    "timestamp": 1579820945,
    "title": "cbright wrote on Jeffrey Peterson's timeline.",
    "tags": [
      "Victor Marshall",
      "Jessica Howard"
    ],
    "attachments": {
      "data": [
        {
          "external_context": {
            "url": "http://www.watson-ramirez.com/"
          }
        }
      ]
    },
    "data": []
  },
  {
    "timestamp": 1595680868,
    "title": "cbright wrote on Brandi Merritt's timeline.",
    "tags": [],
    "data": []
  },
  {
    "timestamp": 1594355820,
    "title": "cbright wrote on Robert Clayton's timeline.",
    "tags": [],
    "data": []
  },
  {
    "timestamp": 1585905308,
    "title": "cbright wrote on Brian Schroeder's timeline.",
    "tags": [
      "Dawn Morales",
      "Susan Alexander",
      "Douglas Blake"
    ],
    "data": []
  },
  {
    "timestamp": 1585105033,
    "title": "cbright wrote on Jeffrey Gaines's timeline.",
    "tags": [
      "Alexander Garcia",
      "Jessica Jones",
      "Ann Reynolds"
    ],
    "data": []
  },
  {
    "timestamp": 1592334100,
    "title": "cbright wrote on Philip Woods's timeline.",
    "tags": [
      "Heather Williams",
      "Dr. Olivia Knight",
      "Nathan Golden"
    ],
    "data": []
  },
  {
    "timestamp": 1583158187,
    "title": "cbright wrote on Andrea Collins's timeline.",
    "tags": [],
    "attachments": {
      "data": [
        {
          "for_sale_item": {
            "title": "Multi-tiered 24/7 matrix",
            "price": "$550",
            "seller": "cbright",
            "created_timestamp": 1578223255,
            "updated_timestamp": 1594005957,
            "category": "Electronics",
            "marketplace": "research-door-which",
            "location": {
              "coordinate": {
                "lattitude": "49.13645",
                "longitude": "8.91229"
              }
            },
            "description": "Affect information case head top our. Head talk raise audience others. Among treat voice true business nature."
          }
        },
        {
          "media": {
            "uri": "https://www.lorempixel.com/737/187",
            "creation_timestamp": 1578223255,
            "media_metadata": {
              "upload_ip": "122.112.21.253"
            },
            "title": ""
          }
        }
      ]
    },
    "data": []
  },
  {
    "timestamp": 1596588881,
    "title": "cbright wrote on Gina Reyes's timeline.",
    "tags": [],
    "data": [
      {
        "post": "Style occur like hospital. Popular watch stop force. Establish question seven where.\nBreak detail the before. Themselves use believe law the on listen wind. Visit last down benefit paper pretty fill.\nParticularly debate while reason same. Quickly treat goal.\nSignificant fine beautiful second. Sea season same fall pull finally including. About remember remember plant exist concern.\nProduction class statement prepare reduce same onto from. Paper billion writer professional.\nWhen speech plan worker. Will cell religious market. Collection office quickly interest realize outside."
      }
    ]
  },
  {
    "timestamp": 1591924166,
    "title": "cbright wrote on Gavin Hopkins's timeline.",
    "tags": [],
    "attachments": {
      "data": [
        {
          "external_context": {
            "url": "https://www.melendez.com/"
          }
        }
      ]
    },
    "data": [
      {
        "post": "Argue article force health. Account whatever serve possible school. Major wife worry practice drug.\nNear whom foot. First task name effort. Behavior above college black.\nForce six law mission maybe. Tend with accept level leg care myself.\nBag response possible turn company. Enough similar window energy miss hot.\nSkill cover area raise challenge long.\nSubject among vote he item left about sometimes.\nLeave something oil. Participant ago scientist say play follow education."
      }
    ]
  },
  {
    "timestamp": 1583958170,
    "title": "cbright wrote on Steven Bennett's timeline.",
    "tags": [
      "Steven Meyers",
      "Kristi Garcia",
      "Dustin Vaughan"
    ],
    "attachments": {
      "data": [
        {
          "external_context": {
            "url": "https://duncan-richmond.com/"
          }
        }
      ]
    },
    "data": []
  },
  {
    "timestamp": 1593014185,
    "title": "cbright wrote on Katherine Horton's timeline.",
    "tags": [
      "Maurice Lambert"
    ],
    "attachments": {
      "data": [
        {
          "external_context": {
            "url": "http://hardy.com/"
          }
        }
      ]
    },
    "data": []
  },
  {
    "timestamp": 1596155549,
    "title": "cbright wrote on Megan White's timeline.",
    "tags": [
      "Mrs. Jessica Hunt",
      "Sheryl Jackson"
    ],
    "attachments": {
      "data": [
        {
          "external_context": {
            "url": "https://hanson.biz/"
          }
        }
      ]
    },
    "data": []
  },
  {
    "timestamp": 1593698646,
    "title": "cbright wrote on Phillip Santiago's timeline.",
    "tags": [],
    "data": []
  },
  {
    "timestamp": 1586636211,
    "title": "cbright wrote on Monica Hammond's timeline.",
    "tags": [
      "Alan Stewart",
      "Kurt Tapia"
    ],
    "attachments": {
      "data": [
        {
          "external_context": {
            "url": "https://www.miller.com/"
          }
        }
      ]
    },
    "data": []
  },
  {
    "timestamp": 1606489869,
    "title": "cbright wrote on Kevin Rodriguez's timeline.",
    "tags": [
      "Michelle Farley",
      "Christopher Brown"
    ],
    "attachments": {
      "data": [
        {
          "external_context": {
            "url": "http://navarro.com/"
          }
        }
      ]
    },
    "data": [
      {
        "post": "Cup house growth special partner term kid. Near model simple house citizen suggest often. Continue focus top data stay.\nIndividual nice rule away of argue Congress pressure. Tend few put station century marriage. Court accept time edge leg.\nDevelopment shoulder tough billion. Opportunity main season by new well ready.\nEducation entire imagine. Art value study too offer stand. Stand stock summer free."
      }
    ]
  },
  {
    "timestamp": 1597326477,
    "title": "cbright wrote on Tami Sanders's timeline.",
    "tags": [
      "Mr. Kyle Boyle",
      "Christina Taylor"
    ],
    "data": []
  },
  {
    "timestamp": 1607760794,
    "title": "cbright wrote on Ryan Lang's timeline.",
    "tags": [
      "Jeremy Lee",
      "Sara Johnson",
      "Colleen Rowe"
    ],
    "data": [
      {
        "post": "Thing news hospital particular organization political. System church nearly open. Democrat song population great yourself themselves.\nWant else final situation watch theory military rate.\nIndicate figure animal tax. Turn improve far leg bit television news.\nThose situation field campaign to left off. Action place bad data beautiful themselves.\nMedical agree guy black quite strategy already. Radio Congress picture enter threat small continue. News still will economic affect try."
      }
    ]
  },
  {
    "timestamp": 1606822073,
    "title": "cbright wrote on John Suarez's timeline.",
    "tags": [
      "Christine Baker",
      "Patrick Bush",
      "James Burnett"
    ],
    "attachments": {
      "data": [
        {
          "external_context": {
            "url": "http://wright.biz/"
          }
        }
      ]
    },
    "data": []
  },
  {
    "timestamp": 1577910093,
    "title": "cbright wrote on Tom Barrett's timeline.",
    "tags": [
      "Billy Ballard",
      "Christopher Kaiser",
      "Ronald Shepard"
    ],
    "data": []
  },
  {
    "timestamp": 1603870043,
    "title": "cbright wrote on Robin Reilly's timeline.",
    "tags": [
      "Cameron Garrett",
      "Rhonda Miller"
    ],
    "data": []
  },
  {
    "timestamp": 1589606277,
    "title": "cbright wrote on Sara Parker's timeline.",
    "tags": [],
    "data": []
  },
  {
    "timestamp": 1598197564,
    "title": "cbright wrote on Kyle Simpson's timeline.",
    "tags": [
      "Cindy Green",
      "Natasha Bruce"
    ],
    "data": []
  },
  {
    "timestamp": 1592646136,
    "title": "cbright wrote on Margaret West's timeline.",
    "tags": [
      "Mrs. Ashley Hart",
      "Melissa Smith",
      "Gregory Stephens"
    ],
    "data": []
  },
  {
    "timestamp": 1598200956,
    "title": "cbright wrote on Mrs. Victoria Sanchez's timeline.",
    "tags": [
      "Cameron Donaldson",
      "Ryan Kelly",
      "Elizabeth Adams"
    ],
    "data": []
  },
  {
    "timestamp": 1590156274,
    "title": "cbright wrote on Amber Miller's timeline.",
    "tags": [
      "Christopher Fritz",
      "Deborah Hunt"
    ],
    "data": []
  },
  {
    "timestamp": 1597356542,
    "title": "cbright wrote on Holly Erickson's timeline.",
    "tags": [
      "Catherine Rodriguez",
      "Megan Chapman",
      "Frederick Ball"
    ],
    "data": []
  },
  {
    "timestamp": 1596177325,
    "title": "cbright wrote on Anthony Johnson's timeline.",
    "tags": [
      "Miguel Williams",
      "Paul Castillo",
      "Andrea Howard"
    ],
    "data": []
  },
  {
    "timestamp": 1591873681,
    "title": "cbright wrote on Melissa Murray's timeline.",
    "tags": [
      "Brian Ryan",
      "Katherine Rodriguez"
    ],
    "data": []
  },
  {
    "timestamp": 1605407702,
    "title": "cbright wrote on Chad Wood's timeline.",
    "tags": [],
    "attachments": {
      "data": [
        {
          "external_context": {
            "url": "http://li.net/"
          }
        }
      ]
    },
    "data": []
  },
  {
    "timestamp": 1578792057,
    "title": "cbright wrote on Jason Cruz's timeline.",
    "tags": [
      "Jim Sparks"
    ],
    "data": [
      {
        "post": "Alone far medical ask send worry can. Better successful develop current police do gas. Do later become common join face.\nAudience above occur meet art. Eat until subject explain west number national front. Pretty offer current shake.\nGlass you sing check level bit. Time professor now effort early line."
      }
    ]
  },
  {
    "timestamp": 1585476804,
    "title": "cbright wrote on Amanda Johnson's timeline.",
    "tags": [
      "Max Henderson",
      "Melissa Frost",
      "Logan Smith"
    ],
    "data": []
  },
  {
    "timestamp": 1583000704,
    "title": "cbright wrote on Derrick Collins's timeline.",
    "tags": [
      "Sara Smith",
      "Austin Sanders",
      "Matthew Hart"
    ],
    "data": []
  },
  {
    "timestamp": 1601308991,
    "title": "cbright wrote on Jennifer Lewis's timeline.",
    "tags": [
      "Pamela Williams",
      "Tanner Howard"
    ],
    "data": []
  },
  {
    "timestamp": 1585664341,
    "title": "cbright wrote on Henry Collier's timeline.",
    "tags": [
      "Amy Townsend",
      "Ryan Newman",
      "Deborah Zavala"
    ],
    "data": []
  },
  {
    "timestamp": 1608601577,
    "title": "cbright wrote on Nicholas Mendoza's timeline.",
    "tags": [
      "Denise Estrada",
      "Tracy King"
    ],
    "data": []
  },
  {
    "timestamp": 1584843635,
    "title": "cbright wrote on Brian Gonzales's timeline.",
    "tags": [],
    "attachments": {
      "data": [
        {
          "external_context": {
            "url": "http://www.harrison.info/"
          }
        }
      ]
    },
    "data": []
  },
  {
    "timestamp": 1581070085,
    "title": "cbright wrote on Michelle Lee's timeline.",
    "tags": [
      "Matthew Lewis",
      "Joseph Jones",
      "Ashley Keller"
    ],
    "attachments": {
      "data": [
        {
          "external_context": {
            "url": "https://maxwell.com/"
          }
        }
      ]
    },
    "data": []
  },
  {
    "timestamp": 1597939512,
    "title": "cbright wrote on Laurie Cantu's timeline.",
    "tags": [
      "Connie Baker"
    ],
    "attachments": {
      "data": [
        {
          "external_context": {
            "url": "http://www.joseph.com/"
          }
        }
      ]
    },
    "data": []
  },
  {
    "timestamp": 1586340449,
    "title": "cbright wrote on Mark Mccarty's timeline.",
    "tags": [],
    "attachments": {
      "data": [
        {
          "external_context": {
            "url": "http://fleming.com/",
            "name": "Inside just call likely southern.",
            "source": "Shah, Cox and Marquez"
          }
        }
      ]
    },
    "data": [
      {
        "post": "Leg instead full. Radio over manage these other in. Leg loss pressure deep word.\nNice common music deal especially win. Leave small Democrat seat arrive quickly.\nWhite bad nearly stop speech report own. This participant outside ever animal.\nSmall actually local collection very. She exist professional begin officer ok. Step about participant everyone.\nShe pressure prove toward program author bar.\nEvening arm act out. Though chance do feel care ready big clear. Contain argue imagine century owner sort age. Stay fall attention night she war."
      }
    ]
  },
  {
    "timestamp": 1605904205,
    "title": "cbright wrote on Jacqueline Snow's timeline.",
    "tags": [
      "Zachary Gray",
      "Shane Jennings",
      "Allison Middleton"
    ],
    "data": []
  },
  {
    "timestamp": 1578296933,
    "title": "cbright wrote on Jordan Stevens's timeline.",
    "tags": [
      "Kelly Cooke",
      "Robert Sullivan"
    ],
    "attachments": {
      "data": [
        {
          "external_context": {
            "url": "http://white.net/"
          }
        }
      ]
    },
    "data": []
  },
  {
    "timestamp": 1581860694,
    "title": "cbright wrote on Stephanie Nunez's timeline.",
    "tags": [
      "Deborah Nielsen",
      "Carmen Perez",
      "Tyler Powell"
    ],
    "data": []
  },
  {
    "timestamp": 1579902136,
    "title": "cbright wrote on Noah Miller's timeline.",
    "tags": [],
    "data": []
  },
  {
    "timestamp": 1600192545,
    "title": "cbright wrote on Ruth Miles's timeline.",
    "tags": [
      "Patricia Bryant"
    ],
    "data": []
  }
]