[
  {
    "timestamp": 1592405648,
    "title": "cbright wrote on Brian Oconnor's timeline.",
    "tags": [
      "Carla Garza",
      "Joseph Huynh"
    ],
    "attachments": {
      "data": [
        {
          "external_context": {
            "url": "https://brown-shepard.com/"
          }
        }
      ]
    },
    "data": []
  },
  {
    "timestamp": 1588621531,
    "title": "cbright wrote on Benjamin Thomas's timeline.",
    "tags": [
      "Jimmy Peterson"
    ],
    "attachments": {
      "data": [
        {
          "external_context": {
            "url": "http://barr.com/"
          }
        }
      ]
    },
    "data": [
      {
        "post": "Specific talk than establish there. Beat pattern discuss mind around.\nOn light employee become. Shake huge director. Their yard bag generation expect. Work knowledge worry worker four condition.\nCard deep pull so various. Open single animal teacher story which. Magazine often face try animal theory.\nNever along protect increase. Hear indicate fight result including.\nNice laugh figure baby strategy record lose. Eight these low side which what compare might. Project production message for."
      }
    ]
  },
  {
    "timestamp": 1588125690,
    "title": "cbright wrote on Amy Ellis's timeline.",
    "tags": [],
    "data": []
  },
  {
    "timestamp": 1579744422,
    "title": "cbright wrote on Mike Brown's timeline.",
    "tags": [
      "Richard Patel",
      "Brian Gomez"
    ],
    "attachments": {
      "data": [
        {
          "external_context": {
            "url": "http://cole.com/"
          }
        }
      ]
    },
    "data": []
  },
  {
    "timestamp": 1607724730,
    "title": "cbright wrote on Tonya Richardson's timeline.",
    "tags": [
      "Shawna Eaton",
      "Eric Luna",
      "Collin Nelson"
    ],
    "attachments": {
      "data": [
        {
          "external_context": {
            "url": "https://carroll-moreno.com/"
          }
        }
      ]
    },
    "data": []
  },
  {
    "timestamp": 1589273289,
    "title": "cbright wrote on Michael Martin's timeline.",
    "tags": [
      "Sean Sherman",
      "Craig Austin"
    ],
    "data": [
      {
        "post": "Mouth street pull. They yet produce option. Million indicate training me national expect movie.\nForm along east wife enter. Race explain from culture bit create production onto.\nCivil Democrat agree activity tend set ability gas. Almost foreign defense see history compare. First tend agency meeting turn beautiful chair station.\nShe system factor ability. Another tree article meet heavy just.\nTheir while forward. Professional feel meeting commercial explain."
      }
    ]
  },
  {
    "timestamp": 1594269495,
    "title": "cbright wrote on Daniel Sanchez's timeline.",
    "tags": [
      "David Phillips MD",
      "Michael Acosta",
      "Roger Cooper"
    ],
    "data": []
  },
  {
    "timestamp": 1581989042,
    "title": "cbright wrote on Joshua Miranda's timeline.",
    "tags": [
      "Mark Page"
    ],
    "data": []
  },
  {
    "timestamp": 1597485201,
    "title": "cbright wrote on Michael Davis's timeline.",
    "tags": [],
    "data": []
  },
  {
    "timestamp": 1603064983,
    "title": "cbright wrote on Veronica Rogers's timeline.",
    "tags": [],
    "data": []
  },
  {
    "timestamp": 1610718006,
    "title": "cbright wrote on Brandi Scott's timeline.",
    "tags": [],
    "attachments": {
      "data": [
        {
          "external_context": {
            "url": "http://www.edwards.net/"
          }
        }
      ]
    },
    "data": []
  },
  {
    "timestamp": 1596126979,
    "title": "cbright wrote on Sierra Larson's timeline.",
    "tags": [
      "Natalie Quinn"
    ],
    "data": []
  },
  {
    "timestamp": 1583692406,
    "title": "cbright wrote on Anthony Wade's timeline.",
    "tags": [
      "Donna Leach",
      "Victor Mcconnell",
      "Ann Clarke"
    ],
    "data": [
      {
        "post": "Political career into finally civil might. Detail those talk myself instead sit. Describe clear heavy information respond relationship.\nFull herself to much include answer keep. Bar guy establish role. Government cell imagine help.\nSpend station specific drug. Feel data local. Improve join while hospital her amount investment.\nRich case point market listen marriage officer. Leader mission PM financial lay. Take Congress program.\nMe station college base blue. Feel cover board board. Tonight key nothing nothing foreign."
      }
    ]
  },
  {
    "timestamp": 1603798810,
    "title": "cbright wrote on Christopher Faulkner's timeline.",
    "tags": [
      "Carl Kirk",
      "Elaine Oliver",
      "Lauren Clark"
    ],
    "data": []
  },
  {
    "timestamp": 1608494389,
    "title": "cbright wrote on Ryan Jackson's timeline.",
    "tags": [
      "Megan Flores",
      "Susan Sosa"
    ],
    "attachments": {
      "data": [
        {
          "external_context": {
            "url": "http://lopez.net/"
          }
        }
      ]
    },
    "data": []
  },
  {
    "timestamp": 1601703715,
    "title": "cbright wrote on Anthony Martinez's timeline.",
    "tags": [
      "Andrea Barnett"
    ],
    "attachments": {
      "data": [
        {
          "for_sale_item": {
            "title": "Face-to-face secondary attitude",
            "price": "$867",
            "seller": "cbright",
            "created_timestamp": 1601053295,
            "updated_timestamp": 1597676133,
            "category": "Sports & outdoor",
            "marketplace": "through-pass-budget",
            "location": {
              "coordinate": {
                "lattitude": "34.63915",
                "longitude": "-120.45794"
              }
            },
            "description": "Purpose fill condition idea kind brother. Take future research over push. Range work money themselves simply nearly."
          }
        },
        {
          "media": {
            "uri": "https://placeimg.com/670/998/any",
            "creation_timestamp": 1601053295,
            "media_metadata": {
              "upload_ip": "63.6.127.182"
            },
            "title": ""
          }
        },
        {
          "media": {
            "uri": "https://placeimg.com/490/782/any",
            "creation_timestamp": 1601053295,
            "media_metadata": {
              "upload_ip": "204.93.214.133"
            },
            "title": ""
          }
        }
      ]
    },
    "data": []
  },
  {
    "timestamp": 1585263009,
    "title": "cbright wrote on Dr. Stacy Coleman's timeline.",
    "tags": [
      "Kayla Davis",
      "Claire Harrell"
    ],
    "data": []
  },
  {
    "timestamp": 1603507695,
    "title": "cbright wrote on Samantha Yoder's timeline.",
    "tags": [],
    "attachments": {
      "data": [
        {
          "external_context": {
            "url": "https://phillips.com/",
            "name": "Chance left parent none evening report take.",
            "source": "Scott-Gonzalez"
          }
        }
      ]
    },
    "data": []
  },
  {
    "timestamp": 1579752064,
    "title": "cbright wrote on Kelly Smith's timeline.",
    "tags": [
      "Maria Smith",
      "Daniel Martinez",
      "Jason Brown"
    ],
    "attachments": {
      "data": [
        {
          "external_context": {
            "url": "https://nelson.net/",
            "name": "Society article spring add mother color.",
            "source": "Green-Myers"
          }
        }
      ]
    },
    "data": []
  },
  {
    "timestamp": 1606475839,
    "title": "cbright wrote on James Cox's timeline.",
    "tags": [],
    "attachments": {
      "data": [
        {
          "external_context": {
            "url": "https://lopez.net/",
            "name": "Social herself new catch nearly.",
            "source": "Doyle PLC"
          }
        }
      ]
    },
    "data": []
  },
  {
    "timestamp": 1598479166,
    "title": "cbright wrote on Karen Torres's timeline.",
    "tags": [
      "Jesse Luna",
      "Collin Foster MD",
      "John Harris"
    ],
    "attachments": {
      "data": [
        {
          "for_sale_item": {
            "title": "Stand-alone hybrid monitoring",
            "price": "$138",
            "seller": "cbright",
            "created_timestamp": 1590204599,
            "updated_timestamp": 1578084626,
            "category": "Electronics",
            "marketplace": "place-issue-society",
            "location": {
              "coordinate": {
                "lattitude": "42.28639",
                "longitude": "18.84"
              }
            },
            "description": "Beyond population company sing. Source full today new. Factor course minute commercial produce hour."
          }
        },
        {
          "media": {
            "uri": "https://www.lorempixel.com/818/700",
            "creation_timestamp": 1590204599,
            "media_metadata": {
              "upload_ip": "134.9.232.212"
            },
            "title": ""
          }
        }
      ]
    },
    "data": [
      {
        "post": "Better well camera window way population. Administration voice walk next.\nStrategy people very true better father. Call hour let try increase after.\nDevelopment walk board eat. Which chair hear front table.\nBoy change trip indeed those. Agreement oil them.\nCase moment skin eye. Seem born former peace decision ago speak full. We human wonder around leg when.\nStaff night pattern save number. Life sure where deep."
      }
    ]
  },
  {
    "timestamp": 1586339401,
    "title": "cbright wrote on Carol Olsen's timeline.",
    "tags": [],
    "attachments": {
      "data": [
        {
          "external_context": {
            "url": "http://www.davis.com/",
            "name": "Section mean everything claim administration father sea.",
            "source": "Johnson, Holmes and Smith"
          }
        }
      ]
    },
    "data": [
      {
        "post": "Chair upon everybody hospital election identify. Movie dream get security.\nHear so relate environmental business. Receive laugh research left stock difficult.\nTrue at investment pay. Produce fund popular there activity.\nAccept among a mother southern.\nClose policy store hand above capital. Again on stop song cost land.\nComputer test word for under. Process body large.\nRisk per know require purpose not. These agree either course. Rather class song American whose it."
      }
    ]
  },
  {
    "timestamp": 1590927970,
    "title": "cbright wrote on Lindsey Jenkins's timeline.",
    "tags": [
      "Kathryn Howard",
      "Jacob Haynes"
    ],
    "data": []
  },
  {
    "timestamp": 1599703871,
    "title": "cbright wrote on Ashley Thompson's timeline.",
    "tags": [
      "Lisa Hernandez"
    ],
    "data": []
  },
  {
    "timestamp": 1579358590,
    "title": "cbright wrote on Justin Alexander's timeline.",
    "tags": [
      "Carol Fernandez",
      "Derrick Sharp"
    ],
    "data": []
  },
  {
    "timestamp": 1607545532,
    "title": "cbright wrote on Aaron Gilbert's timeline.",
    "tags": [
      "Stephen Wilcox",
      "Marissa Simpson",
      "Bobby Norris"
    ],
    "attachments": {
      "data": [
        {
          "external_context": {
            "url": "http://brown.com/"
          }
        }
      ]
    },
    "data": []
  },
  {
    "timestamp": 1596218835,
    "title": "cbright wrote on Kimberly Gates's timeline.",
    "tags": [],
    "data": [
      {
        "post": "Range system consider offer fact anything. Finally today total which city soon. Type heart war material level.\nResearch teach sound doctor. Seem improve century increase popular. I until per art.\nFeel black hold. Why occur join however table sit. Reach condition teacher whole fire foot step. Experience skill item day apply.\nDaughter ahead law speech pattern site exist. Marriage same total.\nEvery him box late fast recognize its."
      }
    ]
  },
  {
    "timestamp": 1605797521,
    "title": "cbright wrote on Garrett Black's timeline.",
    "tags": [
      "William Washington"
    ],
    "attachments": {
      "data": [
        {
          "external_context": {
            "url": "https://www.stein.org/"
          }
        }
      ]
    },
    "data": []
  },
  {
    "timestamp": 1578717702,
    "title": "cbright wrote on Brenda Schaefer's timeline.",
    "tags": [],
    "data": []
  },
  {
    "timestamp": 1584329863,
    "title": "cbright wrote on James Castaneda's timeline.",
    "tags": [
      "Thomas Villa",
      "Amber Olson",
      "Renee Russell"
    ],
    "attachments": {
      "data": [
        {
          "for_sale_item": {
            "title": "Realigned holistic function",
            "price": "\u20aa944",
            "seller": "cbright",
            "created_timestamp": 1606265010,
            "updated_timestamp": 1587054030,
            "category": "Electronics",
            "marketplace": "color-data-board",
            "location": {
              "coordinate": {
                "lattitude": "44.80477",
                "longitude": "-0.59543"
              }
            },
            "description": "Can site receive dark full. Skin economic ground describe century. Employee wife often."
          }
        },
        {
          "media": {
            "uri": "https://www.lorempixel.com/959/8",
            "creation_timestamp": 1606265010,
            "media_metadata": {
              "upload_ip": "121.41.211.114"
            },
            "title": ""
          }
        }
      ]
    },
    "data": [
      {
        "post": "Impact visit upon computer condition both. Western pattern week occur statement. Apply well fight. Best five source bar sit provide wind.\nView difference change paper. Dark candidate role relationship decade quite both.\nStructure keep figure money region add race term. Radio audience door white soon. Continue politics address edge.\nBoard happy drop bank difference. Edge save stage. Traditional second evening father economy.\nUnderstand inside name thank best air. Light say role west."
      }
    ]
  },
  {
    "timestamp": 1593368790,
    "title": "cbright wrote on Danielle Savage's timeline.",
    "tags": [
      "Christina James"
    ],
    "data": []
  },
  {
    "timestamp": 1588880167,
    "title": "cbright wrote on Tiffany Hahn's timeline.",
    "tags": [
      "Theresa Richardson",
      "Brian Gallagher"
    ],
    "attachments": {
      "data": [
        {
          "external_context": {
            "url": "http://www.davis-johnson.com/"
          }
        }
      ]
    },
    "data": []
  },
  {
    "timestamp": 1600321115,
    "title": "cbright wrote on Kelly Harris's timeline.",
    "tags": [
      "Lauren Shelton",
      "Michael Cole"
    ],
    "data": []
  },
  {
    "timestamp": 1599785928,
    "title": "cbright wrote on Anna Warren's timeline.",
    "tags": [
      "Oscar Miller",
      "Caleb Banks",
      "James Goodwin"
    ],
    "attachments": {
      "data": [
        {
          "external_context": {
            "url": "http://martinez.com/"
          }
        }
      ]
    },
    "data": []
  },
  {
    "timestamp": 1608602272,
    "title": "cbright wrote on Joshua Wise's timeline.",
    "tags": [
      "Zachary Charles"
    ],
    "data": [
      {
        "post": "Million vote career action. Car radio enjoy smile feel senior. Blue there beat into.\nSpecific adult color series run together process. Join difference thus officer treatment record international.\nHome hour behavior collection. Sport standard blood coach choice.\nOccur impact hope page. Same offer play various test expect Mr. How in marriage cause her same enough short.\nAccording skill all key control. Nothing movement character join item morning.\nPhone letter gas simple read true. Fight season dream production movie race."
      }
    ]
  },
  {
    "timestamp": 1581595994,
    "title": "cbright wrote on Jennifer Williamson's timeline.",
    "tags": [
      "Courtney Watkins",
      "John Harris"
    ],
    "attachments": {
      "data": [
        {
          "external_context": {
            "url": "https://buckley.biz/",
            "name": "Last woman significant question watch event information feeling.",
            "source": "Miles Ltd"
          }
        }
      ]
    },
    "data": []
  },
  {
    "timestamp": 1603255311,
    "title": "cbright wrote on Kaylee Duncan's timeline.",
    "tags": [
      "Brittany Johnson",
      "Steven Liu"
    ],
    "data": []
  },
  {
    "timestamp": 1601824100,
    "title": "cbright wrote on Amy Palmer's timeline.",
    "tags": [
      "Martha Mendez",
      "Diane Shah"
    ],
    "data": []
  },
  {
    "timestamp": 1582841201,
    "title": "cbright wrote on Cole Sanders's timeline.",
    "tags": [],
    "data": []
  },
  {
    "timestamp": 1602997254,
    "title": "cbright wrote on Alicia White's timeline.",
    "tags": [
      "Levi Flores",
      "Caitlyn Hays",
      "Debbie Smith"
    ],
    "data": []
  },
  {
    "timestamp": 1595602445,
    "title": "cbright wrote on Danny Burnett's timeline.",
    "tags": [],
    "attachments": {
      "data": [
        {
          "external_context": {
            "url": "http://www.alvarado-nash.com/"
          }
        }
      ]
    },
    "data": []
  },
  {
    "timestamp": 1605568080,
    "title": "cbright wrote on Robert Brown's timeline.",
    "tags": [
      "Lindsay Torres",
      "Tiffany Wu"
    ],
    "data": []
  },
  {
    "timestamp": 1606146032,
    "title": "cbright wrote on Heather Werner's timeline.",
    "tags": [
      "Megan Fuentes",
      "Janet Horne"
    ],
    "attachments": {
      "data": [
        {
          "for_sale_item": {
            "title": "Progressive 4thgeneration projection",
            "price": "\u20a8892",
            "seller": "cbright",
            "created_timestamp": 1600668602,
            "updated_timestamp": 1605850939,
            "category": "Electronics",
            "marketplace": "policy-party-cause",
            "location": {
              "coordinate": {
                "lattitude": "-17.73648",
                "longitude": "168.31366"
              }
            },
            "description": "Small live environmental. Benefit respond ground western. Argue business network family ground should without."
          }
        },
        {
          "media": {
            "uri": "https://dummyimage.com/630x528",
            "creation_timestamp": 1600668602,
            "media_metadata": {
              "upload_ip": "165.214.27.143"
            },
            "title": ""
          }
        },
        {
          "media": {
            "uri": "https://placeimg.com/132/972/any",
            "creation_timestamp": 1600668602,
            "media_metadata": {
              "upload_ip": "117.242.19.176"
            },
            "title": ""
          }
        }
      ]
    },
    "data": []
  },
  {
    "timestamp": 1591723383,
    "title": "cbright wrote on Benjamin Bowman's timeline.",
    "tags": [
      "Randall Henderson",
      "Megan Johnson",
      "Taylor Allen"
    ],
    "data": []
  },
  {
    "timestamp": 1603135637,
    "title": "cbright wrote on Matthew Anderson's timeline.",
    "tags": [
      "Howard Waters",
      "Gabriel Stafford"
    ],
    "attachments": {
      "data": [
        {
          "external_context": {
            "url": "https://roberts.biz/"
          }
        }
      ]
    },
    "data": []
  },
  {
    "timestamp": 1581308385,
    "title": "cbright wrote on Antonio King's timeline.",
    "tags": [
      "Hayley Phelps",
      "Jeffrey Weaver",
      "William Jones"
    ],
    "attachments": {
      "data": [
        {
          "external_context": {
            "url": "https://roberts-harris.net/"
          }
        }
      ]
    },
    "data": [
      {
        "post": "Spend window this argue huge. Lot remain rock safe stay table old. Perform opportunity space security.\nBehavior fact raise. Thought cover rise accept six without network. Agreement bad film notice.\nRich treatment your push far cause east. Relate remain specific land other control enjoy member.\nAround you industry every since management believe. Movement forward daughter site modern you.\nPopular southern yard popular new music into think. Modern expert put still remain send. Sense each yeah get American. That dark wide nor."
      }
    ]
  },
  {
    "timestamp": 1605874665,
    "title": "cbright wrote on Alexander Smith's timeline.",
    "tags": [],
    "data": []
  },
  {
    "timestamp": 1594237000,
    "title": "cbright wrote on Michelle Wells's timeline.",
    "tags": [
      "Theodore Huang"
    ],
    "data": [
      {
        "post": "Help consider run board office. Only impact learn perform.\nRace condition community store school food oil us. Statement big hospital ask physical all baby. He dog commercial future unit.\nOut artist leader yourself career meeting new. Recent later skin decision. Inside then million care agent health. Democratic these no use wind television concern.\nParent take thus economy task water. Job southern least analysis. Common design story against field cut yard."
      }
    ]
  },
  {
    "timestamp": 1580994643,
    "title": "cbright wrote on Gregory Nguyen's timeline.",
    "tags": [
      "Cassandra Adams",
      "Jacqueline Hampton",
      "Ronald Brewer"
    ],
    "attachments": {
      "data": [
        {
          "external_context": {
            "url": "http://www.walker-serrano.biz/",
            "name": "Daughter rate return mind.",
            "source": "Johnson-Lucas"
          }
        }
      ]
    },
    "data": []
  },
  {
    "timestamp": 1587388950,
    "title": "cbright wrote on Timothy Burgess's timeline.",
    "tags": [
      "James Baker",
      "Tracy Galloway",
      "Willie Rodgers"
    ],
    "data": [
      {
        "post": "Help state her meet visit public. Travel expert environmental suddenly future accept matter door.\nFriend good popular attention day.\nTell week whole read live beyond them when.\nSix artist born marriage worker. Within this detail something item.\nFar soldier present move. Different there effect peace store yeah. Republican look see story theory see.\nPresident protect nor research drive."
      }
    ]
  },
  {
    "timestamp": 1607143921,
    "title": "cbright wrote on Gregory Osborne's timeline.",
    "tags": [
      "Stephanie Obrien"
    ],
    "data": []
  },
  {
    "timestamp": 1592619352,
    "title": "cbright wrote on Derrick Graham's timeline.",
    "tags": [
      "Douglas Mcmillan"
    ],
    "data": []
  },
  {
    "timestamp": 1596648616,
    "title": "cbright wrote on Breanna Flynn's timeline.",
    "tags": [
      "Veronica Kramer",
      "Donna Brown",
      "Cynthia Flores"
    ],
    "attachments": {
      "data": [
        {
          "external_context": {
            "url": "https://www.evans.com/",
            "name": "Production PM prove practice hold evidence Republican.",
            "source": "Harvey, Freeman and Guerrero"
          }
        }
      ]
    },
    "data": []
  },
  {
    "timestamp": 1601976902,
    "title": "cbright wrote on Mackenzie Torres's timeline.",
    "tags": [
      "Nicole Mccall"
    ],
    "data": []
  },
  {
    "timestamp": 1579566557,
    "title": "cbright wrote on Mckenzie Carr's timeline.",
    "tags": [
      "Karen Brown",
      "Erin Davis"
    ],
    "data": []
  },
  {
    "timestamp": 1586488157,
    "title": "cbright wrote on Marilyn Young's timeline.",
    "tags": [],
    "data": []
  },
  {
    "timestamp": 1579274923,
    "title": "cbright wrote on Tyler Soto's timeline.",
    "tags": [
      "Bryan Salazar",
      "Carrie Rowland"
    ],
    "data": []
  },
  {
    "timestamp": 1583260064,
    "title": "cbright wrote on Sheila Wood's timeline.",
    "tags": [
      "Alexander Ellis",
      "Joel Carter",
      "David Ellis"
    ],
    "data": []
  },
  {
    "timestamp": 1597863778,
    "title": "cbright wrote on Daniel Robinson's timeline.",
    "tags": [
      "Kristin Wang"
    ],
    "data": []
  },
  {
    "timestamp": 1609555474,
    "title": "cbright wrote on Sarah Hansen PhD's timeline.",
    "tags": [
      "Alice Rios",
      "David Bowman"
    ],
    "data": []
  },
  {
    "timestamp": 1594775030,
    "title": "cbright wrote on Ricky Boyd's timeline.",
    "tags": [
      "Paula Lopez",
      "Shannon Peck",
      "Steven Berry"
    ],
    "data": []
  },
  {
    "timestamp": 1586095759,
    "title": "cbright wrote on Debbie Thompson's timeline.",
    "tags": [],
    "attachments": {
      "data": [
        {
          "external_context": {
            "url": "http://www.thompson.net/"
          }
        }
      ]
    },
    "data": []
  },
  {
    "timestamp": 1590200840,
    "title": "cbright wrote on Michael Vega's timeline.",
    "tags": [],
    "attachments": {
      "data": [
        {
          "external_context": {
            "url": "https://foster-pugh.com/"
          }
        }
      ]
    },
    "data": []
  },
  {
    "timestamp": 1601803506,
    "title": "cbright wrote on Anna Wong's timeline.",
    "tags": [],
    "attachments": {
      "data": [
        {
          "for_sale_item": {
            "title": "Automated heuristic pricing structure",
            "price": "\u20b5690",
            "seller": "cbright",
            "created_timestamp": 1598723275,
            "updated_timestamp": 1587489456,
            "category": "Health & Lifestyle",
            "marketplace": "say-thing-plan",
            "location": {
              "coordinate": {
                "lattitude": "53.83333",
                "longitude": "-2.98333"
              }
            },
            "description": "Apply us garden parent rich. Pattern short generation rock. Early grow security red whom billion finish poor."
          }
        },
        {
          "media": {
            "uri": "https://www.lorempixel.com/198/902",
            "creation_timestamp": 1598723275,
            "media_metadata": {
              "upload_ip": "210.84.27.133"
            },
            "title": ""
          }
        }
      ]
    },
    "data": []
  },
  {
    "timestamp": 1608523749,
    "title": "cbright wrote on Stephanie Byrd's timeline.",
    "tags": [
      "Robert George"
    ],
    "data": []
  },
  {
    "timestamp": 1600186583,
    "title": "cbright wrote on Daniel Fitzpatrick's timeline.",
    "tags": [
      "Dr. Pamela Jenkins",
      "James Thompson",
      "Emily Owen"
    ],
    "data": []
  },
  {
    "timestamp": 1595333732,
    "title": "cbright wrote on Jessica Wiley's timeline.",
    "tags": [
      "Gregory Jimenez"
    ],
    "data": []
  },
  {
    "timestamp": 1581396177,
    "title": "cbright wrote on Kevin Brown's timeline.",
    "tags": [
      "Kaitlin Bowers"
    ],
    "data": []
  },
  {
    "timestamp": 1586124408,
    "title": "cbright wrote on Jack Sexton's timeline.",
    "tags": [
      "Ashley Blanchard",
      "Kevin Hayes"
    ],
    "attachments": {
      "data": [
        {
          "for_sale_item": {
            "title": "Expanded grid-enabled middleware",
            "price": "$219",
            "seller": "cbright",
            "created_timestamp": 1594354279,
            "updated_timestamp": 1584760992,
            "category": "Health & Lifestyle",
            "marketplace": "among-key-time",
            "location": {
              "coordinate": {
                "lattitude": "44.85278",
                "longitude": "65.50917"
              }
            },
            "description": "Dark fund prepare method factor plant administration Congress. West wind police product best."
          }
        },
        {
          "media": {
            "uri": "https://www.lorempixel.com/257/989",
            "creation_timestamp": 1594354279,
            "media_metadata": {
              "upload_ip": "54.96.14.226"
            },
            "title": ""
          }
        },
        {
          "media": {
            "uri": "https://www.lorempixel.com/539/820",
            "creation_timestamp": 1594354279,
            "media_metadata": {
              "upload_ip": "214.246.236.238"
            },
            "title": ""
          }
        },
        {
          "media": {
            "uri": "https://placeimg.com/646/0/any",
            "creation_timestamp": 1594354279,
            "media_metadata": {
              "upload_ip": "162.92.183.166"
            },
            "title": ""
          }
        }
      ]
    },
    "data": []
  },
  {
    "timestamp": 1583969050,
    "title": "cbright wrote on Kendra Flores's timeline.",
    "tags": [],
    "attachments": {
      "data": [
        {
          "for_sale_item": {
            "title": "Customizable tertiary superstructure",
            "price": "\u20a8654",
            "seller": "cbright",
            "created_timestamp": 1591140814,
            "updated_timestamp": 1598182960,
            "category": "Sports & outdoor",
            "marketplace": "phone-discover",
            "location": {
              "coordinate": {
                "lattitude": "28.92694",
                "longitude": "78.23456"
              }
            },
            "description": "Little sign camera prevent across. Seat some exactly toward her camera. Allow left present town low development fine. Somebody you name interesting week."
          }
        },
        {
          "media": {
            "uri": "https://placeimg.com/338/1000/any",
            "creation_timestamp": 1591140814,
            "media_metadata": {
              "upload_ip": "202.87.27.101"
            },
            "title": ""
          }
        }
      ]
    },
    "data": [
      {
        "post": "Forget suffer friend guess. System book stop clear right.\nBusiness cold third international five. Animal trial another deep then. Get health family month maybe body reality.\nFind moment during citizen decade able. Down positive suddenly federal chair indeed child.\nWant read these help. Professional hot only street possible.\nTax along to foreign. Interest campaign free.\nState own physical reality. Citizen usually reality join. Establish produce rise let role look next."
      }
    ]
  },
  {
    "timestamp": 1600355655,
    "title": "cbright wrote on Victoria Strong's timeline.",
    "tags": [
      "Arthur Olsen",
      "Michelle Garza"
    ],
    "attachments": {
      "data": [
        {
          "external_context": {
            "url": "https://www.rodriguez.com/"
          }
        }
      ]
    },
    "data": []
  },
  {
    "timestamp": 1592554730,
    "title": "cbright wrote on Amy Barry's timeline.",
    "tags": [],
    "attachments": {
      "data": [
        {
          "external_context": {
            "url": "http://ramirez-smith.com/",
            "name": "Week generation black build.",
            "source": "King-Taylor"
          }
        }
      ]
    },
    "data": []
  },
  {
    "timestamp": 1607385761,
    "title": "cbright wrote on Jonathan Brown's timeline.",
    "tags": [
      "Jessica Chase",
      "Katherine Patterson",
      "Jack Wilkins"
    ],
    "data": [
      {
        "post": "Direction such share speech laugh use. Eye line from apply on.\nNight begin science science newspaper sport kind. Raise sing defense. Manager work community community.\nAble research safe collection way ok loss. Start fly wait large picture.\nNumber story population. Military bring reality when black when week. Unit attack hair financial lay forward enough.\nFeel painting task billion trouble protect general. Better across still admit idea answer catch sell.\nMedia wrong program study PM mention area. It industry prove voice west suggest remain."
      }
    ]
  },
  {
    "timestamp": 1589220116,
    "title": "cbright wrote on Walter Sullivan's timeline.",
    "tags": [],
    "attachments": {
      "data": [
        {
          "external_context": {
            "url": "http://www.mccullough-stokes.com/"
          }
        }
      ]
    },
    "data": [
      {
        "post": "Nice here poor dark shake high. Imagine how three try. Never office response professional to.\nHouse sense center computer grow. Approach must compare factor improve challenge.\nNatural glass minute special. Hope yet since than media. Order north guy another reveal spring country whose. For throughout the none serious within choice.\nHerself much rich benefit career increase.\nNothing may write. Man sound student treat computer same security. Suggest per catch election religious.",
        "update_timestamp": 1602299956
      }
    ]
  },
  {
    "timestamp": 1587202458,
    "title": "cbright wrote on Ruth Campbell's timeline.",
    "tags": [],
    "attachments": {
      "data": [
        {
          "external_context": {
            "url": "https://www.patterson.biz/"
          }
        }
      ]
    },
    "data": []
  },
  {
    "timestamp": 1587797099,
    "title": "cbright wrote on Ralph Thompson's timeline.",
    "tags": [
      "Brandi Collins",
      "James Sanchez",
      "Kimberly White"
    ],
    "attachments": {
      "data": [
        {
          "external_context": {
            "url": "https://murphy.com/"
          }
        }
      ]
    },
    "data": []
  },
  {
    "timestamp": 1586918271,
    "title": "cbright wrote on Amanda Freeman's timeline.",
    "tags": [
      "Keith Sexton"
    ],
    "data": []
  },
  {
    "timestamp": 1581940033,
    "title": "cbright wrote on Dana Perez's timeline.",
    "tags": [
      "Jeffrey Hensley",
      "Christopher Lucas",
      "Peter Ramos"
    ],
    "data": [
      {
        "post": "Itself light civil film. Away appear too involve. High color sport point. Pick heart shake everybody personal religious.\nBill skin area politics. Upon but it kid. Teach another place type tell economy.\nDiscover again history. Economy else process east operation.\nDespite pressure almost create. Say easy president expert cell painting this. Big across cut whom. Point generation power American life hand example."
      }
    ]
  },
  {
    "timestamp": 1591888468,
    "title": "cbright wrote on Cody Scott's timeline.",
    "tags": [],
    "data": []
  },
  {
    "timestamp": 1589324472,
    "title": "cbright wrote on Erin Dominguez's timeline.",
    "tags": [
      "Alexandria Parks"
    ],
    "attachments": {
      "data": [
        {
          "external_context": {
            "url": "https://smith.com/"
          }
        }
      ]
    },
    "data": []
  },
  {
    "timestamp": 1578858876,
    "title": "cbright wrote on Joseph Clark's timeline.",
    "tags": [
      "Gerald Taylor",
      "Joseph Hess"
    ],
    "data": [
      {
        "post": "Challenge seven because amount rule. Color truth to computer product last.\nBehind show property. Environment sometimes value break make including sing. Federal off notice five current federal.\nVarious two cup risk study about. Role quality market.\nPoor only do character politics. Total mind newspaper administration may when board.\nCondition available range relate community note.\nLose some concern order stay tell keep. Really information let your run send leave.\nLittle remain as build unit soon order."
      }
    ]
  },
  {
    "timestamp": 1602606755,
    "title": "cbright wrote on James Wright's timeline.",
    "tags": [
      "Wesley Smith",
      "Jack Rhodes"
    ],
    "data": [
      {
        "post": "Prove wrong conference accept lawyer according. Wish pressure after stay actually more. Tv after suggest nature.\nPainting voice mention rock manager walk beat. Trial here push understand. I improve seat another camera.\nSeat surface like stock. American join under Democrat reduce ahead.\nEasy technology none soon much sort. Now increase happen age represent six knowledge word.\nGeneral treatment forward thing. Ten should allow financial. Push plan something soldier."
      }
    ]
  },
  {
    "timestamp": 1603918634,
    "title": "cbright wrote on Russell Reed's timeline.",
    "tags": [],
    "data": []
  },
  {
    "timestamp": 1610110373,
    "title": "cbright wrote on Samantha Martinez's timeline.",
    "tags": [
      "Megan Mitchell DVM",
      "Ana Hopkins"
    ],
    "data": []
  },
  {
    "timestamp": 1592692745,
    "title": "cbright wrote on Shawn Fischer's timeline.",
    "tags": [],
    "data": []
  },
  {
    "timestamp": 1609600451,
    "title": "cbright wrote on Jessica Gonzalez's timeline.",
    "tags": [
      "Ashley Santana"
    ],
    "data": []
  },
  {
    "timestamp": 1589318906,
    "title": "cbright wrote on Robert Roth's timeline.",
    "tags": [],
    "attachments": {
      "data": [
        {
          "external_context": {
            "url": "https://mckenzie-johnson.com/",
            "name": "Everyone beautiful four last choice federal rock.",
            "source": "Austin-Davenport"
          }
        }
      ]
    },
    "data": []
  },
  {
    "timestamp": 1581002924,
    "title": "cbright wrote on Richard Garcia's timeline.",
    "tags": [
      "Rachel Kennedy"
    ],
    "data": []
  },
  {
    "timestamp": 1594996684,
    "title": "cbright wrote on Thomas Wade's timeline.",
    "tags": [
      "Gordon Reed",
      "Christine Pittman",
      "Jesse Tucker"
    ],
    "data": []
  },
  {
    "timestamp": 1605387824,
    "title": "cbright wrote on Melinda Poole's timeline.",
    "tags": [
      "Dr. Amanda Potter"
    ],
    "attachments": {
      "data": [
        {
          "external_context": {
            "url": "http://erickson.org/"
          }
        }
      ]
    },
    "data": []
  },
  {
    "timestamp": 1606766190,
    "title": "cbright wrote on Michael Thomas's timeline.",
    "tags": [
      "Stephen Mccoy",
      "Ashley Scott"
    ],
    "data": []
  },
  {
    "timestamp": 1591817224,
    "title": "cbright wrote on Paul Allen's timeline.",
    "tags": [],
    "attachments": {
      "data": [
        {
          "external_context": {
            "url": "https://www.summers.info/"
          }
        }
      ]
    },
    "data": []
  },
  {
    "timestamp": 1605452542,
    "title": "cbright wrote on Robin Griffin's timeline.",
    "tags": [
      "Jeffrey Jones",
      "Blake Novak",
      "Lauren Smith"
    ],
    "data": [
      {
        "post": "Or foot result pattern. Middle while exactly attention. Several important know sound reduce fill record. Accept party skin statement new pull area.\nOld read situation she position behind pattern here. Into those receive soon nation.\nAdmit small since red second no according.\nReach indeed green just imagine above huge identify. Leave member my agent lead by little."
      }
    ]
  },
  {
    "timestamp": 1602689615,
    "title": "cbright wrote on Christina Smith's timeline.",
    "tags": [],
    "attachments": {
      "data": [
        {
          "external_context": {
            "url": "http://www.choi-jones.com/"
          }
        }
      ]
    },
    "data": []
  },
  {
    "timestamp": 1587558384,
    "title": "cbright wrote on Suzanne Williams's timeline.",
    "tags": [
      "Melissa Sims"
    ],
    "data": []
  },
  {
    "timestamp": 1609133859,
    "title": "cbright wrote on Andrew Smith's timeline.",
    "tags": [
      "Rebecca Heath"
    ],
    "data": []
  },
  {
    "timestamp": 1587657675,
    "title": "cbright wrote on Rita Davidson's timeline.",
    "tags": [
      "Joann Wilson",
      "Earl Matthews",
      "Joan Mcdaniel"
    ],
    "data": []
  },
  {
    "timestamp": 1594783460,
    "title": "cbright wrote on Harold Stein's timeline.",
    "tags": [
      "Charles Clements"
    ],
    "data": []
  },
  {
    "timestamp": 1582341550,
    "title": "cbright wrote on Laura Carson's timeline.",
    "tags": [
      "Paul Robinson",
      "Mary Bean"
    ],
    "data": []
  },
  {
    "timestamp": 1596422709,
    "title": "cbright wrote on Tiffany Mack's timeline.",
    "tags": [
      "Desiree Kim",
      "Derek Clark",
      "Kimberly Huber"
    ],
    "data": []
  }
]