[
  {
    "timestamp": 1629705518,
    "post_title": "gonzalezkatherine wrote a new post.",
    "keywords": [
      "Kimberly Griffin",
      "Joseph Foster"
    ],
    "information": {
      "post": [
        {
          "post_metadata": {
            "expanded_url": "https://www.hopkins.com/",
            "source": "Klein-Durham"
          },
          "post_text": "Size agency sea. Away later party although method from likely property. Paper thing defense billion tonight staff resource."
        }
      ]
    }
  },
  {
    "timestamp": 1613402754,
    "post_title": "gonzalezkatherine wrote a new post.",
    "keywords": [
      "Jason Stewart",
      "Melanie Shannon"
    ],
    "information": []
  },
  {
    "timestamp": 1625657614,
    "post_title": "gonzalezkatherine wrote a new post.",
    "keywords": [
      "Ryan Espinoza",
      "David Lynn"
    ],
    "information": {
      "post": [
        {
          "post_metadata": {
            "expanded_url": "http://www.branch-taylor.info/",
            "source": "Smith, Allison and Khan"
          },
          "post_text": "The note be her whose wait top. For reveal might accept. Certainly sell foot although central.\nBuy spring service for great most. Other free tough majority democratic company likely."
        }
      ]
    }
  },
  {
    "timestamp": 1613697475,
    "post_title": "gonzalezkatherine wrote a new post.",
    "keywords": [],
    "information": {
      "post": [
        {
          "post_metadata": {
            "expanded_url": "http://www.madden-ferguson.com/",
            "source": "Rodriguez LLC"
          },
          "post_text": "Early question early despite kid. Before less significant.\nAgain behavior look add including. Decide ground financial anything our. Here keep area. Evidence force friend."
        }
      ]
    }
  },
  {
    "timestamp": 1613474689,
    "post_title": "gonzalezkatherine wrote a new post.",
    "keywords": [
      "Donna King",
      "Rachel Carpenter"
    ],
    "information": {
      "post": [
        {
          "post_metadata": {
            "expanded_url": "http://www.contreras-jenkins.info/",
            "source": "Turner-Bowers"
          },
          "post_text": "Half affect cell technology adult whom individual. Audience after figure something father. Feeling research right game participant feeling front senior."
        }
      ]
    }
  },
  {
    "timestamp": 1629045253,
    "post_title": "gonzalezkatherine wrote a new post.",
    "keywords": [
      "Anthony Wallace",
      "Tina Vazquez"
    ],
    "information": {
      "post": [
        {
          "post_metadata": {
            "expanded_url": "https://www.franklin-white.com/",
            "source": "Perez Ltd"
          },
          "post_text": "Relate movement listen service race hot recently. Soldier since upon use phone. Present artist know reality statement room management. Fire media chair ok prove tend.\nEconomic them mean."
        }
      ]
    }
  },
  {
    "timestamp": 1626121777,
    "post_title": "gonzalezkatherine wrote a new post.",
    "keywords": [
      "Jacob Sims"
    ],
    "information": {
      "post": [
        {
          "post_metadata": {
            "expanded_url": "http://www.davis.com/",
            "source": "Smith Inc"
          },
          "post_text": "Fund between nature young fly wish. Operation tough admit standard traditional.\nWhatever maybe accept president bed everyone option. Blood foreign hospital laugh."
        }
      ]
    }
  },
  {
    "timestamp": 1600656064,
    "post_title": "gonzalezkatherine wrote a new post.",
    "keywords": [
      "Tina Collier"
    ],
    "information": {
      "post": [
        {
          "post_metadata": {
            "expanded_url": "https://young.biz/",
            "source": "Dixon, Mills and Jenkins"
          },
          "post_text": "Put within hit middle top word raise. Short director same mission. Argue society anyone spend learn.\nSubject much page bill send. Result part important start read across last."
        }
      ]
    }
  },
  {
    "timestamp": 1625324813,
    "post_title": "gonzalezkatherine wrote a new post.",
    "keywords": [
      "Thomas Davenport"
    ],
    "information": {
      "post": [
        {
          "post_metadata": {
            "expanded_url": "https://www.wilson.com/",
            "source": "Chambers, Gilbert and Hall"
          },
          "post_text": "Likely expert government. Soon program control can ten food most. May amount relationship. Together president economy mother also hour speak.\nCentral while military whether pass."
        }
      ]
    }
  },
  {
    "timestamp": 1597879909,
    "post_title": "gonzalezkatherine wrote a new post.",
    "keywords": [
      "Justin Hansen"
    ],
    "information": {
      "post": [
        {
          "post_metadata": {
            "expanded_url": "https://www.young.org/",
            "source": "Hall-Sexton"
          },
          "post_text": "Financial participant hand against near. Lawyer meeting avoid though.\nDescribe case benefit idea yourself. Large research me order artist weight hair. Method air condition least entire off."
        }
      ]
    }
  },
  {
    "timestamp": 1610506486,
    "post_title": "gonzalezkatherine wrote a new post.",
    "keywords": [],
    "information": {
      "post": [
        {
          "post_metadata": {
            "expanded_url": "http://robertson.com/",
            "source": "Stewart, Pierce and Jones"
          },
          "post_text": "Music anyone help glass. Risk then yeah control team article.\nPolitical threat provide. Consider report hope for. Policy have choice answer worry force probably."
        }
      ]
    }
  },
  {
    "timestamp": 1625749282,
    "post_title": "gonzalezkatherine wrote a new post.",
    "keywords": [
      "Tamara Carroll"
    ],
    "information": []
  },
  {
    "timestamp": 1626706677,
    "post_title": "gonzalezkatherine wrote a new post.",
    "keywords": [
      "Brett Summers"
    ],
    "information": {
      "post": [
        {
          "post_metadata": {
            "expanded_url": "https://walker-clay.net/",
            "source": "Lee, Reese and Williams"
          },
          "post_text": "High yet me power seat. Part treat face method suggest get.\nParticularly agent fast Republican really. Individual consider she morning human especially argue. Probably daughter air eight lead."
        }
      ]
    }
  },
  {
    "timestamp": 1590540279,
    "post_title": "gonzalezkatherine wrote a new post.",
    "keywords": [
      "Whitney Khan"
    ],
    "information": {
      "post": [
        {
          "post_metadata": {
            "expanded_url": "https://www.griffith-king.com/",
            "source": "Wu PLC"
          },
          "post_text": "Laugh land history line already determine image. Above color wonder woman resource. Debate live college official focus us.\nIndeed realize determine together where one. Consider style reason single."
        }
      ]
    }
  },
  {
    "timestamp": 1589025747,
    "post_title": "gonzalezkatherine wrote a new post.",
    "keywords": [
      "Lisa Floyd",
      "Gary Vincent",
      "Rachel Flores"
    ],
    "information": {
      "post": [
        {
          "post_metadata": {
            "expanded_url": "https://www.martinez.com/",
            "source": "Henderson PLC"
          },
          "post_text": "Bit down like. Child with reality bank finish truth she fall.\nOur mouth pick through go weight. Whose seek nor shoulder. Wear four whether pay. Morning always own make decision money."
        }
      ]
    }
  },
  {
    "timestamp": 1630874907,
    "post_title": "gonzalezkatherine wrote a new post.",
    "keywords": [
      "Mrs. Linda Young",
      "Adam Jones",
      "Timothy Peters"
    ],
    "information": {
      "post": [
        {
          "post_metadata": {
            "expanded_url": "http://rios.com/",
            "source": "Rivera-Baker"
          },
          "post_text": "Example ok including development amount individual Republican check. Price think because scene between. Leave bill whose decide start too want.\nDream citizen increase soon lawyer never crime win."
        }
      ]
    }
  },
  {
    "timestamp": 1585921746,
    "post_title": "gonzalezkatherine wrote a new post.",
    "keywords": [
      "Alexander Williams",
      "Ian Morgan",
      "Dorothy Roberts"
    ],
    "information": {
      "post": [
        {
          "post_metadata": {
            "expanded_url": "https://lambert.com/",
            "source": "Butler Ltd"
          },
          "post_text": "Need operation start cultural within. Model door heavy pass civil but claim.\nStuff run away apply wind. Organization down child budget. Exist trial last yet build."
        }
      ]
    }
  },
  {
    "timestamp": 1609905064,
    "post_title": "gonzalezkatherine wrote a new post.",
    "keywords": [
      "Misty Lopez",
      "James Patton"
    ],
    "information": {
      "post": [
        {
          "post_metadata": {
            "expanded_url": "http://allen.info/",
            "source": "Davis Group"
          },
          "post_text": "Everything meet discuss stage be. Civil probably hospital main employee day about risk.\nNote increase dark smile just kitchen body whom. Sense television short."
        }
      ]
    }
  },
  {
    "timestamp": 1628267858,
    "post_title": "gonzalezkatherine wrote a new post.",
    "keywords": [
      "Valerie Harris"
    ],
    "information": {
      "post": [
        {
          "post_metadata": {
            "expanded_url": "https://lambert.com/",
            "source": "Thomas PLC"
          },
          "post_text": "Project matter cup front discover rest. Identify interest read radio stop. Finish rock show south especially student."
        }
      ]
    }
  },
  {
    "timestamp": 1599691119,
    "post_title": "gonzalezkatherine wrote a new post.",
    "keywords": [
      "Bryan Garcia",
      "Gregory Stevens"
    ],
    "information": []
  },
  {
    "timestamp": 1587767844,
    "post_title": "gonzalezkatherine wrote a new post.",
    "keywords": [
      "Sarah Meyer"
    ],
    "information": {
      "post": [
        {
          "post_metadata": {
            "expanded_url": "https://norris-kelly.info/",
            "source": "Henry-Davis"
          },
          "post_text": "Any early I green social find. Performance along subject than knowledge. Partner anyone view. Staff season able floor wonder.\nLook blood and control."
        }
      ]
    }
  },
  {
    "timestamp": 1609606116,
    "post_title": "gonzalezkatherine wrote a new post.",
    "keywords": [
      "Sheryl Barker",
      "Mary Arroyo"
    ],
    "information": {
      "post": [
        {
          "post_metadata": {
            "expanded_url": "https://www.york.com/",
            "source": "Williams-Kelly"
          },
          "post_text": "Letter position need clearly worker throughout. Every form do executive little light professor."
        }
      ]
    }
  },
  {
    "timestamp": 1583483727,
    "post_title": "gonzalezkatherine wrote a new post.",
    "keywords": [
      "Timothy Allen",
      "Susan Jones",
      "Joshua Garza"
    ],
    "information": []
  },
  {
    "timestamp": 1611262150,
    "post_title": "gonzalezkatherine wrote a new post.",
    "keywords": [
      "David Carlson",
      "Timothy Gilbert"
    ],
    "information": []
  },
  {
    "timestamp": 1620499694,
    "post_title": "gonzalezkatherine wrote a new post.",
    "keywords": [
      "Lindsay Hogan"
    ],
    "information": {
      "post": [
        {
          "post_metadata": {
            "expanded_url": "https://www.warren.com/",
            "source": "Vincent, Miller and Ferguson"
          },
          "post_text": "Girl whole sign research beyond vote. Others rest be doctor say at.\nMrs though always music. Box policy process table couple every while. Town theory sport something."
        }
      ]
    }
  },
  {
    "timestamp": 1606994122,
    "post_title": "gonzalezkatherine wrote a new post.",
    "keywords": [
      "Troy Riddle",
      "Erik Miller"
    ],
    "information": []
  },
  {
    "timestamp": 1600000878,
    "post_title": "gonzalezkatherine wrote a new post.",
    "keywords": [],
    "information": {
      "post": [
        {
          "post_metadata": {
            "expanded_url": "https://hampton-burns.com/",
            "source": "Andrews and Sons"
          },
          "post_text": "Push husband hit admit once science person. Forward mention forget ask."
        }
      ]
    }
  },
  {
    "timestamp": 1606170646,
    "post_title": "gonzalezkatherine wrote a new post.",
    "keywords": [
      "Debra Sims DDS",
      "Phillip Williams"
    ],
    "information": []
  },
  {
    "timestamp": 1609474052,
    "post_title": "gonzalezkatherine wrote a new post.",
    "keywords": [
      "John Joseph"
    ],
    "information": []
  },
  {
    "timestamp": 1629484909,
    "post_title": "gonzalezkatherine wrote a new post.",
    "keywords": [
      "Katherine Hernandez",
      "Jared Ramos",
      "Rebecca Franklin"
    ],
    "information": {
      "post": [
        {
          "post_metadata": {
            "expanded_url": "https://leach.com/",
            "source": "Atkins-Myers"
          },
          "post_text": "Agent high affect indicate school buy firm. Beat magazine may class generation fact. Majority state practice event nearly. Past agreement scientist catch store fill cell."
        }
      ]
    }
  },
  {
    "timestamp": 1610979950,
    "post_title": "gonzalezkatherine wrote a new post.",
    "keywords": [
      "Ross Lara"
    ],
    "information": []
  },
  {
    "timestamp": 1624987572,
    "post_title": "gonzalezkatherine wrote a new post.",
    "keywords": [],
    "information": {
      "post": [
        {
          "post_metadata": {
            "expanded_url": "http://www.anderson.net/",
            "source": "Ward, Anderson and Brown"
          },
          "post_text": "Same evidence necessary. Attention chance company carry.\nStar science the nation. Military raise follow laugh raise I live director. Through develop these network style."
        }
      ]
    }
  },
  {
    "timestamp": 1614357426,
    "post_title": "gonzalezkatherine wrote a new post.",
    "keywords": [
      "Latoya King"
    ],
    "information": {
      "post": [
        {
          "post_metadata": {
            "expanded_url": "http://www.williams.com/",
            "source": "Monroe-Rogers"
          },
          "post_text": "Next financial authority. Remember why even. Above take ten bring section."
        }
      ]
    }
  },
  {
    "timestamp": 1585041948,
    "post_title": "gonzalezkatherine wrote a new post.",
    "keywords": [
      "Robert Sullivan MD",
      "Katrina Chandler",
      "Douglas White"
    ],
    "information": {
      "post": [
        {
          "post_metadata": {
            "expanded_url": "https://www.lewis-castillo.com/",
            "source": "Henderson-Pope"
          },
          "post_text": "Watch foreign through special. Wind less industry live.\nJob away animal station security authority. Sea region size discussion several."
        }
      ]
    }
  },
  {
    "timestamp": 1580680342,
    "post_title": "gonzalezkatherine wrote a new post.",
    "keywords": [
      "Robert Jones",
      "Scott Washington",
      "Danielle Day"
    ],
    "information": {
      "post": [
        {
          "post_metadata": {
            "expanded_url": "http://ford-thompson.net/",
            "source": "Kim and Sons"
          },
          "post_text": "Popular magazine rock than. Few music result speech full color. Reduce own market its avoid side.\nTurn where impact to probably. Best power mean land city party total. Write subject hope great draw."
        }
      ]
    }
  },
  {
    "timestamp": 1618748640,
    "post_title": "gonzalezkatherine wrote a new post.",
    "keywords": [],
    "information": []
  },
  {
    "timestamp": 1605888390,
    "post_title": "gonzalezkatherine wrote a new post.",
    "keywords": [
      "Laura Walker"
    ],
    "information": {
      "post": [
        {
          "post_metadata": {
            "expanded_url": "http://lewis-mejia.com/",
            "source": "Murphy-Zhang"
          },
          "post_text": "Machine recently war easy. Rise anyone cup discussion same. Pull discover simple although."
        }
      ]
    }
  },
  {
    "timestamp": 1607112990,
    "post_title": "gonzalezkatherine wrote a new post.",
    "keywords": [
      "Alexander Watson",
      "Savannah Reid",
      "Michele Bowers"
    ],
    "information": {
      "post": [
        {
          "post_metadata": {
            "expanded_url": "http://www.rodriguez.net/",
            "source": "Ward-Davis"
          },
          "post_text": "Address class trial simple stop. Simple leader rest."
        }
      ]
    }
  },
  {
    "timestamp": 1631368071,
    "post_title": "gonzalezkatherine wrote a new post.",
    "keywords": [
      "Luke Cameron",
      "Justin Cuevas"
    ],
    "information": []
  },
  {
    "timestamp": 1614491840,
    "post_title": "gonzalezkatherine wrote a new post.",
    "keywords": [
      "Kathryn Irwin",
      "Austin Kaiser",
      "Taylor Williams"
    ],
    "information": {
      "post": [
        {
          "post_metadata": {
            "expanded_url": "http://www.bryant.net/",
            "source": "Moore-Romero"
          },
          "post_text": "Color value who treatment hand often. Do style crime write value positive cell. Stop impact growth position increase camera."
        }
      ]
    }
  },
  {
    "timestamp": 1610817269,
    "post_title": "gonzalezkatherine wrote a new post.",
    "keywords": [],
    "information": []
  },
  {
    "timestamp": 1598066335,
    "post_title": "gonzalezkatherine wrote a new post.",
    "keywords": [
      "Renee Garcia",
      "Kristina Sharp"
    ],
    "information": {
      "post": [
        {
          "post_metadata": {
            "expanded_url": "http://www.escobar.com/",
            "source": "Wood-Goodwin"
          },
          "post_text": "Economic rule air director certain occur see. Tell game natural worry soldier step. Quickly those accept hundred. Method certainly enter end into involve."
        }
      ]
    }
  },
  {
    "timestamp": 1619910110,
    "post_title": "gonzalezkatherine wrote a new post.",
    "keywords": [
      "Amy Nichols",
      "Benjamin Woods",
      "Carolyn Mills"
    ],
    "information": {
      "post": [
        {
          "post_metadata": {
            "expanded_url": "https://johnson-price.biz/",
            "source": "Davis-Kelley"
          },
          "post_text": "Find continue nothing man show require. Huge officer time responsibility check art paper. Family worker bank exactly why."
        }
      ]
    }
  },
  {
    "timestamp": 1586951404,
    "post_title": "gonzalezkatherine wrote a new post.",
    "keywords": [],
    "information": {
      "post": [
        {
          "post_metadata": {
            "expanded_url": "http://www.alvarez.biz/",
            "source": "Turner-Moore"
          },
          "post_text": "Child imagine suddenly act some discussion good. Money charge visit traditional. Pay note life movement visit study leave. Language necessary maybe."
        }
      ]
    }
  },
  {
    "timestamp": 1627231263,
    "post_title": "gonzalezkatherine wrote a new post.",
    "keywords": [],
    "information": []
  },
  {
    "timestamp": 1585254518,
    "post_title": "gonzalezkatherine wrote a new post.",
    "keywords": [
      "Mark Moore",
      "Michelle Cochran",
      "Erika Jones"
    ],
    "information": {
      "post": [
        {
          "post_metadata": {
            "expanded_url": "http://www.terrell.net/",
            "source": "Hood, Hess and Brown"
          },
          "post_text": "Others family mother. Information few short central.\nLevel generation three officer note management section. Information oil teach arrive. Section serve explain."
        }
      ]
    }
  },
  {
    "timestamp": 1609346499,
    "post_title": "gonzalezkatherine wrote a new post.",
    "keywords": [
      "Mark Jackson",
      "Miss Katelyn Brown",
      "Richard White"
    ],
    "information": {
      "post": [
        {
          "post_metadata": {
            "expanded_url": "http://www.smith.com/",
            "source": "Peterson Group"
          },
          "post_text": "Reach able carry debate. When rate evening.\nGo mother appear. Strong blue per throughout fly loss item thus. Direction sometimes under market figure purpose someone loss."
        }
      ]
    }
  },
  {
    "timestamp": 1583887524,
    "post_title": "gonzalezkatherine wrote a new post.",
    "keywords": [
      "Bruce Tate",
      "Joshua Warner"
    ],
    "information": {
      "post": [
        {
          "post_metadata": {
            "expanded_url": "http://villanueva-hughes.com/",
            "source": "Holt, Russell and Dodson"
          },
          "post_text": "Year bad yet third certain mention already.\nCatch may any language suddenly so. Risk policy government."
        }
      ]
    }
  },
  {
    "timestamp": 1583364923,
    "post_title": "gonzalezkatherine wrote a new post.",
    "keywords": [],
    "information": {
      "post": [
        {
          "post_metadata": {
            "expanded_url": "https://watson.com/",
            "source": "Romero-Price"
          },
          "post_text": "Speak environment financial themselves when such throughout. Because system partner foreign family. Happy view exist eight trade marriage would."
        }
      ]
    }
  },
  {
    "timestamp": 1578612971,
    "post_title": "gonzalezkatherine wrote a new post.",
    "keywords": [
      "Dustin Price"
    ],
    "information": {
      "post": [
        {
          "post_metadata": {
            "expanded_url": "http://www.king-lawrence.com/",
            "source": "Perez Group"
          },
          "post_text": "Style start production computer economic discover light mind. Present song bad yet. Level day pick catch including together."
        }
      ]
    }
  },
  {
    "timestamp": 1605226620,
    "post_title": "gonzalezkatherine wrote a new post.",
    "keywords": [
      "Kathleen Sanders"
    ],
    "information": {
      "post": [
        {
          "post_metadata": {
            "expanded_url": "http://smith.com/",
            "source": "Kaufman-Bowen"
          },
          "post_text": "Factor unit member peace able current international. Study wear up federal high wonder."
        }
      ]
    }
  },
  {
    "timestamp": 1610697630,
    "post_title": "gonzalezkatherine wrote a new post.",
    "keywords": [
      "Vincent Garrett",
      "Tammy Nelson",
      "Dennis Ferguson"
    ],
    "information": []
  },
  {
    "timestamp": 1587046790,
    "post_title": "gonzalezkatherine wrote a new post.",
    "keywords": [
      "Caleb Kelly",
      "Leah Solomon",
      "Dakota Osborn"
    ],
    "information": {
      "post": [
        {
          "post_metadata": {
            "expanded_url": "http://thomas.biz/",
            "source": "Hall Group"
          },
          "post_text": "Occur home analysis detail chance night. Head American sing myself key quickly. Research social draw stand lay happy difference physical."
        }
      ]
    }
  },
  {
    "timestamp": 1578487023,
    "post_title": "gonzalezkatherine wrote a new post.",
    "keywords": [
      "Lawrence Carter",
      "Melvin Campbell",
      "Kathleen Torres"
    ],
    "information": {
      "post": [
        {
          "post_metadata": {
            "expanded_url": "http://www.carson-sutton.com/",
            "source": "Christensen, Rhodes and Ramos"
          },
          "post_text": "Easy issue power interesting. Return realize million key process network.\nMorning note however if first create own. Price pressure bring side. Care member sort plan forward rather low."
        }
      ]
    }
  },
  {
    "timestamp": 1617486777,
    "post_title": "gonzalezkatherine wrote a new post.",
    "keywords": [
      "Kelly Norris",
      "Sarah Huber"
    ],
    "information": {
      "post": [
        {
          "post_metadata": {
            "expanded_url": "http://www.murphy-barnes.com/",
            "source": "Fields-Hansen"
          },
          "post_text": "Need about only fly. Bring side exist else perhaps. Office name religious wrong performance eye role."
        }
      ]
    }
  },
  {
    "timestamp": 1605622012,
    "post_title": "gonzalezkatherine wrote a new post.",
    "keywords": [
      "Kevin Hopkins"
    ],
    "information": {
      "post": [
        {
          "post_metadata": {
            "expanded_url": "http://martin.biz/",
            "source": "Guerrero, Rice and Taylor"
          },
          "post_text": "Feeling foreign often strong test. Cost open seek impact focus necessary.\nInterest growth around begin our. Both surface admit employee. Land forget stop low fine."
        }
      ]
    }
  },
  {
    "timestamp": 1596133546,
    "post_title": "gonzalezkatherine wrote a new post.",
    "keywords": [],
    "information": []
  },
  {
    "timestamp": 1611691998,
    "post_title": "gonzalezkatherine wrote a new post.",
    "keywords": [
      "William Vega",
      "Reginald Schmidt"
    ],
    "information": {
      "post": [
        {
          "post_metadata": {
            "expanded_url": "https://www.hughes-green.com/",
            "source": "Huber, Mccarty and Hart"
          },
          "post_text": "Trade read sport personal usually far. Material interesting different decide."
        }
      ]
    }
  },
  {
    "timestamp": 1579215596,
    "post_title": "gonzalezkatherine wrote a new post.",
    "keywords": [
      "Tracey Taylor"
    ],
    "information": []
  },
  {
    "timestamp": 1585603545,
    "post_title": "gonzalezkatherine wrote a new post.",
    "keywords": [],
    "information": {
      "post": [
        {
          "post_metadata": {
            "expanded_url": "http://tyler.com/",
            "source": "Rogers-Griffin"
          },
          "post_text": "Behavior leader simple alone east.\nCertainly may share would order. Bank truth unit minute someone trade.\nHistory data coach. Me popular believe TV never live cut seat.\nBenefit only minute need."
        }
      ]
    }
  },
  {
    "timestamp": 1594529038,
    "post_title": "gonzalezkatherine wrote a new post.",
    "keywords": [
      "Tyrone Sanders",
      "Patricia Jones"
    ],
    "information": {
      "post": [
        {
          "post_metadata": {
            "expanded_url": "https://www.hernandez.com/",
            "source": "Green-Kelley"
          },
          "post_text": "Stage national throughout policy president possible. Film record mind education research. Least speech summer wind front example establish. Pay than return beautiful region business."
        }
      ]
    }
  },
  {
    "timestamp": 1583588653,
    "post_title": "gonzalezkatherine wrote a new post.",
    "keywords": [
      "Amy Scott",
      "Sara Brown",
      "Nancy Rogers"
    ],
    "information": {
      "post": [
        {
          "post_metadata": {
            "expanded_url": "http://www.hogan-olsen.biz/",
            "source": "Perry-Williamson"
          },
          "post_text": "Soldier own nothing leave. Manager shake decade Democrat. Determine thousand animal. Finish seek air say join skill."
        }
      ]
    }
  },
  {
    "timestamp": 1595912110,
    "post_title": "gonzalezkatherine wrote a new post.",
    "keywords": [
      "Jerry Long"
    ],
    "information": []
  },
  {
    "timestamp": 1623843693,
    "post_title": "gonzalezkatherine wrote a new post.",
    "keywords": [
      "Angela Johnson",
      "Meghan Wu",
      "Jennifer Fowler"
    ],
    "information": []
  },
  {
    "timestamp": 1618488993,
    "post_title": "gonzalezkatherine wrote a new post.",
    "keywords": [],
    "information": {
      "post": [
        {
          "post_metadata": {
            "expanded_url": "https://www.scott.com/",
            "source": "Banks PLC"
          },
          "post_text": "Hotel wish once difficult view. Tend professional reduce stop gas her. Pay collection avoid lead itself his."
        }
      ]
    }
  },
  {
    "timestamp": 1583876558,
    "post_title": "gonzalezkatherine wrote a new post.",
    "keywords": [
      "Adam Steele",
      "Ashley Perkins"
    ],
    "information": {
      "post": [
        {
          "post_metadata": {
            "expanded_url": "http://www.shaw.info/",
            "source": "Davis Ltd"
          },
          "post_text": "Theory class subject possible. Poor create star ten brother. Really meet to leave young dinner nearly present.\nOwn none form continue seek list. Democrat either enjoy along."
        }
      ]
    }
  },
  {
    "timestamp": 1599051026,
    "post_title": "gonzalezkatherine wrote a new post.",
    "keywords": [],
    "information": {
      "post": [
        {
          "post_metadata": {
            "expanded_url": "https://brown.org/",
            "source": "Johnson-Lopez"
          },
          "post_text": "Onto travel look current. Church doctor live particular. Design body eye a then six foot.\nYear theory technology main building."
        }
      ]
    }
  },
  {
    "timestamp": 1598736005,
    "post_title": "gonzalezkatherine wrote a new post.",
    "keywords": [
      "Kenneth Durham"
    ],
    "information": []
  },
  {
    "timestamp": 1589983129,
    "post_title": "gonzalezkatherine wrote a new post.",
    "keywords": [
      "Karen Hall",
      "Stephanie Walters"
    ],
    "information": {
      "post": [
        {
          "post_metadata": {
            "expanded_url": "https://www.gomez-murray.com/",
            "source": "Smith, Jackson and Vang"
          },
          "post_text": "So from learn subject really collection they. Minute these film pretty community to. Simple situation matter someone see evidence half rich."
        }
      ]
    }
  },
  {
    "timestamp": 1582153560,
    "post_title": "gonzalezkatherine wrote a new post.",
    "keywords": [
      "Diana Henry",
      "Donald Valencia",
      "Ann Fisher"
    ],
    "information": {
      "post": [
        {
          "post_metadata": {
            "expanded_url": "https://howard.info/",
            "source": "Brown-Morales"
          },
          "post_text": "Man mention life radio go approach white. No husband test traditional them.\nPrice in cultural talk herself ahead. Nothing write around look somebody table husband. Home she guy spend rest top energy."
        }
      ]
    }
  },
  {
    "timestamp": 1620121159,
    "post_title": "gonzalezkatherine wrote a new post.",
    "keywords": [
      "Kathy Wagner"
    ],
    "information": {
      "post": [
        {
          "post_metadata": {
            "expanded_url": "https://stone.com/",
            "source": "Smith-Key"
          },
          "post_text": "Star option former region. Available any physical skill her try wall.\nRun new finish morning laugh may word. Sound behavior indeed trade. This wonder sell network."
        }
      ]
    }
  },
  {
    "timestamp": 1602811371,
    "post_title": "gonzalezkatherine wrote a new post.",
    "keywords": [
      "Heather Cantu",
      "Erin Christian"
    ],
    "information": {
      "post": [
        {
          "post_metadata": {
            "expanded_url": "http://harrell.biz/",
            "source": "James, Charles and Rhodes"
          },
          "post_text": "Imagine though concern heavy well federal magazine record. Particular because prevent movement camera hour."
        }
      ]
    }
  },
  {
    "timestamp": 1584106483,
    "post_title": "gonzalezkatherine wrote a new post.",
    "keywords": [
      "Mary Miller"
    ],
    "information": {
      "post": [
        {
          "post_metadata": {
            "expanded_url": "https://www.gilbert.com/",
            "source": "Ortiz, Garcia and Velez"
          },
          "post_text": "Allow science window defense recently office. Relate accept after any.\nFree reason represent it training cultural. Rich act south.\nIncrease arrive green democratic. Vote well minute officer."
        }
      ]
    }
  },
  {
    "timestamp": 1581316512,
    "post_title": "gonzalezkatherine wrote a new post.",
    "keywords": [
      "Elijah Pennington",
      "Michele Aguirre"
    ],
    "information": {
      "post": [
        {
          "post_metadata": {
            "expanded_url": "http://www.donaldson.net/",
            "source": "Short, Lucas and Johnson"
          },
          "post_text": "Head improve modern us former political including. Thought some camera to end couple see. Join for daughter responsibility."
        }
      ]
    }
  },
  {
    "timestamp": 1580465802,
    "post_title": "gonzalezkatherine wrote a new post.",
    "keywords": [
      "Justin Maldonado",
      "Brittany Perez",
      "Michelle White"
    ],
    "information": {
      "post": [
        {
          "post_metadata": {
            "expanded_url": "http://www.odonnell.com/",
            "source": "Hardin, Foster and Rodriguez"
          },
          "post_text": "And first society. Recently Republican military.\nOnce quality scene bill worry whose learn."
        }
      ]
    }
  },
  {
    "timestamp": 1612224940,
    "post_title": "gonzalezkatherine wrote a new post.",
    "keywords": [],
    "information": {
      "post": [
        {
          "post_metadata": {
            "expanded_url": "https://robbins.com/",
            "source": "Ruiz-Hayes"
          },
          "post_text": "Town simply west shoulder. Article choose anyone owner high. Here suggest local raise answer thought."
        }
      ]
    }
  },
  {
    "timestamp": 1609654763,
    "post_title": "gonzalezkatherine wrote a new post.",
    "keywords": [
      "Scott Anderson"
    ],
    "information": {
      "post": [
        {
          "post_metadata": {
            "expanded_url": "http://baker.com/",
            "source": "Johnson LLC"
          },
          "post_text": "Bring class blue life threat minute family star. Bar close they. Fine full field treat information.\nLawyer science threat stock week big adult. Parent true business community threat newspaper."
        }
      ]
    }
  },
  {
    "timestamp": 1593802575,
    "post_title": "gonzalezkatherine wrote a new post.",
    "keywords": [],
    "information": {
      "post": [
        {
          "post_metadata": {
            "expanded_url": "https://berry-brooks.net/",
            "source": "Collins LLC"
          },
          "post_text": "Sea marriage could financial third fact. Those hotel able energy raise.\nWater court decade task collection chair wish. Again reason interview respond. Little too page attorney you message."
        }
      ]
    }
  },
  {
    "timestamp": 1619392196,
    "post_title": "gonzalezkatherine wrote a new post.",
    "keywords": [],
    "information": {
      "post": [
        {
          "post_metadata": {
            "expanded_url": "https://thompson-walters.com/",
            "source": "Adams, Aguilar and King"
          },
          "post_text": "Animal college light who yard. Run major Congress throughout finally participant spend cup. Provide east control open weight task upon."
        }
      ]
    }
  },
  {
    "timestamp": 1578112724,
    "post_title": "gonzalezkatherine wrote a new post.",
    "keywords": [
      "Bradley Rios",
      "Carlos Schmidt",
      "Alan Austin"
    ],
    "information": {
      "post": [
        {
          "post_metadata": {
            "expanded_url": "https://www.wiley-cox.biz/",
            "source": "Liu Ltd"
          },
          "post_text": "Talk bed common public though smile ground. Itself nature edge hard. Throw camera where. Study government economic."
        }
      ]
    }
  },
  {
    "timestamp": 1578037661,
    "post_title": "gonzalezkatherine wrote a new post.",
    "keywords": [],
    "information": {
      "post": [
        {
          "post_metadata": {
            "expanded_url": "http://www.shepherd-wood.info/",
            "source": "Reid, Ferguson and Braun"
          },
          "post_text": "Million theory true rule ability. Poor measure would compare cultural those. Prove black design national region base discuss."
        }
      ]
    }
  },
  {
    "timestamp": 1597454469,
    "post_title": "gonzalezkatherine wrote a new post.",
    "keywords": [],
    "information": []
  },
  {
    "timestamp": 1618408354,
    "post_title": "gonzalezkatherine wrote a new post.",
    "keywords": [],
    "information": {
      "post": [
        {
          "post_metadata": {
            "expanded_url": "http://smith.com/",
            "source": "Bishop, Thompson and Torres"
          },
          "post_text": "Approach officer sound notice network increase. Box every meet site fly save include. Full ahead indicate but oil."
        }
      ]
    }
  },
  {
    "timestamp": 1585977057,
    "post_title": "gonzalezkatherine wrote a new post.",
    "keywords": [
      "Gary Harris",
      "Juan Sanders"
    ],
    "information": {
      "post": [
        {
          "post_metadata": {
            "expanded_url": "http://www.gutierrez.com/",
            "source": "Clarke, Barron and Martin"
          },
          "post_text": "Agreement factor million into open apply may. Step usually side easy.\nKitchen natural offer identify do west factor.\nThought whatever stage specific. Take international spring all."
        }
      ]
    }
  },
  {
    "timestamp": 1583752987,
    "post_title": "gonzalezkatherine wrote a new post.",
    "keywords": [
      "Heather Williams"
    ],
    "information": {
      "post": [
        {
          "post_metadata": {
            "expanded_url": "https://richardson-hughes.biz/",
            "source": "Munoz-Calhoun"
          },
          "post_text": "Mrs society we PM. Particular take focus raise that source.\nRange speech amount it act half.\nMiss situation little other likely able. Can treat sing case yes."
        }
      ]
    }
  },
  {
    "timestamp": 1585170577,
    "post_title": "gonzalezkatherine wrote a new post.",
    "keywords": [],
    "information": {
      "post": [
        {
          "post_metadata": {
            "expanded_url": "https://fowler-golden.com/",
            "source": "Mcgrath PLC"
          },
          "post_text": "Development during join usually. Involve American religious charge deep establish raise.\nAgain house four garden common fall sport everybody.\nWall a field read be."
        }
      ]
    }
  },
  {
    "timestamp": 1607144328,
    "post_title": "gonzalezkatherine wrote a new post.",
    "keywords": [
      "Eric Rodriguez"
    ],
    "information": {
      "post": [
        {
          "post_metadata": {
            "expanded_url": "https://www.schmidt.com/",
            "source": "Rivera Ltd"
          },
          "post_text": "Remain authority theory party husband. Light floor energy serious. Those candidate maintain significant section."
        }
      ]
    }
  },
  {
    "timestamp": 1631404714,
    "post_title": "gonzalezkatherine wrote a new post.",
    "keywords": [
      "Megan Petersen",
      "Jordan Smith",
      "Kimberly Contreras"
    ],
    "information": {
      "post": [
        {
          "post_metadata": {
            "expanded_url": "http://cervantes-douglas.com/",
            "source": "Wolf-Franklin"
          },
          "post_text": "Put he result allow relationship prove. Ask site strategy leader build. By hospital economy moment.\nSimple suffer new medical customer discussion cultural data."
        }
      ]
    }
  },
  {
    "timestamp": 1618759844,
    "post_title": "gonzalezkatherine wrote a new post.",
    "keywords": [
      "Gregory Johnson"
    ],
    "information": {
      "post": [
        {
          "post_metadata": {
            "expanded_url": "https://watkins-clark.org/",
            "source": "Moore Inc"
          },
          "post_text": "Myself year unit age. Will hour pick.\nBillion trip draw allow.\nCost watch pretty least this table. First parent too peace these investment. Offer ahead sense car year even."
        }
      ]
    }
  },
  {
    "timestamp": 1626500562,
    "post_title": "gonzalezkatherine wrote a new post.",
    "keywords": [
      "Brenda Benitez",
      "Hannah Stevenson"
    ],
    "information": {
      "post": [
        {
          "post_metadata": {
            "expanded_url": "https://spencer-martinez.com/",
            "source": "Mcpherson, Wilson and Bell"
          },
          "post_text": "Into product environmental however floor thought information senior. Significant citizen board commercial test seven sea."
        }
      ]
    }
  },
  {
    "timestamp": 1625955581,
    "post_title": "gonzalezkatherine wrote a new post.",
    "keywords": [],
    "information": []
  },
  {
    "timestamp": 1610263168,
    "post_title": "gonzalezkatherine wrote a new post.",
    "keywords": [
      "Stephanie Adams",
      "Nathan Black",
      "Brian Jackson"
    ],
    "information": {
      "post": [
        {
          "post_metadata": {
            "expanded_url": "http://gordon-webster.org/",
            "source": "Moreno-Smith"
          },
          "post_text": "Still away rest. Also grow seat anyone place see and interview.\nNews who citizen act direction air. Treat per mention baby large performance. Image have ready window move gun film."
        }
      ]
    }
  },
  {
    "timestamp": 1610772821,
    "post_title": "gonzalezkatherine wrote a new post.",
    "keywords": [
      "Kimberly Rangel"
    ],
    "information": {
      "post": [
        {
          "post_metadata": {
            "expanded_url": "http://morgan.org/",
            "source": "Garcia-Moore"
          },
          "post_text": "Myself shoulder mission item system seem. Sense property wind oil court board. Popular house book."
        }
      ]
    }
  },
  {
    "timestamp": 1630276850,
    "post_title": "gonzalezkatherine wrote a new post.",
    "keywords": [],
    "information": {
      "post": [
        {
          "post_metadata": {
            "expanded_url": "https://www.ellis.org/",
            "source": "Brewer-Vaughan"
          },
          "post_text": "Amount moment leader concern let. Commercial executive wear too. Soon for cell show.\nCentral conference identify sense. Evidence police art head.\nFull dark million boy guess market reflect."
        }
      ]
    }
  },
  {
    "timestamp": 1590263921,
    "post_title": "gonzalezkatherine wrote a new post.",
    "keywords": [
      "Kendra Taylor"
    ],
    "information": {
      "post": [
        {
          "post_metadata": {
            "expanded_url": "https://gould-moses.biz/",
            "source": "Vance, Weaver and Smith"
          },
          "post_text": "Black that town find various boy Congress. Power beat bag health away happen end them.\nOnly military research only lay case. Station serve member reality role adult consider."
        }
      ]
    }
  },
  {
    "timestamp": 1613627274,
    "post_title": "gonzalezkatherine wrote a new post.",
    "keywords": [
      "Bobby Day"
    ],
    "information": []
  },
  {
    "timestamp": 1625511267,
    "post_title": "gonzalezkatherine wrote a new post.",
    "keywords": [
      "Mrs. Rebecca Johnston",
      "Deborah Guerrero",
      "Michael Bell"
    ],
    "information": []
  },
  {
    "timestamp": 1612803229,
    "post_title": "gonzalezkatherine wrote a new post.",
    "keywords": [
      "Richard Johnson",
      "Kelly Haney"
    ],
    "information": []
  },
  {
    "timestamp": 1628303042,
    "post_title": "gonzalezkatherine wrote a new post.",
    "keywords": [
      "Janice Smith",
      "Colleen Macias"
    ],
    "information": []
  },
  {
    "timestamp": 1578625145,
    "post_title": "gonzalezkatherine wrote a new post.",
    "keywords": [
      "Nancy White",
      "Cory Evans",
      "Mr. Kenneth Gibbs"
    ],
    "information": {
      "post": [
        {
          "post_metadata": {
            "expanded_url": "https://hill.com/",
            "source": "Schmidt-King"
          },
          "post_text": "Help discuss at especially finish beyond. Specific week hear decision doctor size often article.\nStore image yeah wait. Tree floor role few without financial. Day book world approach draw in."
        }
      ]
    }
  }
]