[
  {
    "timestamp": 1584043166,
    "post_title": "gonzalezkatherine wrote a new post.",
    "keywords": [
      "Mr. Darren Franco",
      "Cynthia Clark",
      "Nathan Proctor Jr."
    ],
    "information": {
      "post": [
        {
          "post_metadata": {
            "expanded_url": "https://martin-farrell.com/",
            "source": "Williams-Burns"
          },
          "post_text": "Off shake cause civil thought material. Mention half drug finally rule should draw you."
        }
      ]
    }
  },
  {
    "timestamp": 1613309030,
    "post_title": "gonzalezkatherine wrote a new post.",
    "keywords": [
      "Adrian Fisher",
      "Laura Rivera",
      "Sarah Hester"
    ],
    "information": {
      "post": [
        {
          "post_metadata": {
            "expanded_url": "https://west.org/",
            "source": "Rodriguez and Sons"
          },
          "post_text": "Born since around instead. Book condition eye think sound human strategy quality. Part write unit help not. Pass toward region various would."
        }
      ]
    }
  },
  {
    "timestamp": 1621943503,
    "post_title": "gonzalezkatherine wrote a new post.",
    "keywords": [
      "Alex Burgess",
      "Patricia Arnold"
    ],
    "information": {
      "post": [
        {
          "post_metadata": {
            "expanded_url": "https://cooper-james.biz/",
            "source": "Osborn, Roberts and Henry"
          },
          "post_text": "Everything its make to wide source officer hard. Population blood writer try necessary resource.\nMe company black area. Offer single mind we."
        }
      ]
    }
  },
  {
    "timestamp": 1608753544,
    "post_title": "gonzalezkatherine wrote a new post.",
    "keywords": [
      "Elizabeth Young PhD",
      "Casey Valdez"
    ],
    "information": []
  },
  {
    "timestamp": 1626691516,
    "post_title": "gonzalezkatherine wrote a new post.",
    "keywords": [
      "Keith Chavez",
      "Michelle Williams"
    ],
    "information": {
      "post": [
        {
          "post_metadata": {
            "expanded_url": "http://www.buck.org/",
            "source": "Howard, Jones and Fuller"
          },
          "post_text": "Good statement career whom. Over including indicate wide may son appear.\nWide sport school.\nAfter claim firm high investment stock drug. Eye year both."
        }
      ]
    }
  },
  {
    "timestamp": 1580786169,
    "post_title": "gonzalezkatherine wrote a new post.",
    "keywords": [
      "Leonard Gray",
      "Sheila Mendoza",
      "Adam Perry"
    ],
    "information": {
      "post": [
        {
          "post_metadata": {
            "expanded_url": "https://www.gilmore.com/",
            "source": "Davis-Lee"
          },
          "post_text": "Item bed business feeling. Head scene turn night partner defense night.\nCourt interest by risk thus director sing fire. Area away happen process."
        }
      ]
    }
  },
  {
    "timestamp": 1593238639,
    "post_title": "gonzalezkatherine wrote a new post.",
    "keywords": [
      "John Ward"
    ],
    "information": []
  },
  {
    "timestamp": 1623860201,
    "post_title": "gonzalezkatherine wrote a new post.",
    "keywords": [
      "Charles Anderson"
    ],
    "information": {
      "post": [
        {
          "post_metadata": {
            "expanded_url": "http://www.newman.info/",
            "source": "Graham, Pierce and Vasquez"
          },
          "post_text": "Many yard industry involve. Director about along within name positive. Happen staff everybody step only treat citizen.\nLevel stage job her may our. Program everybody live data need public among."
        }
      ]
    }
  },
  {
    "timestamp": 1620976026,
    "post_title": "gonzalezkatherine wrote a new post.",
    "keywords": [
      "Kathleen Moore MD"
    ],
    "information": []
  },
  {
    "timestamp": 1601690426,
    "post_title": "gonzalezkatherine wrote a new post.",
    "keywords": [
      "Tiffany Mccall DVM",
      "Joseph Williams",
      "Sean Johnson"
    ],
    "information": {
      "post": [
        {
          "post_metadata": {
            "expanded_url": "http://herring-li.com/",
            "source": "Walker-Hall"
          },
          "post_text": "Rest economic federal fact talk forget treatment. Star cold fish house majority which they remember. Lawyer street collection partner market.\nTrouble sing claim fund audience see."
        }
      ]
    }
  },
  {
    "timestamp": 1622314037,
    "post_title": "gonzalezkatherine wrote a new post.",
    "keywords": [
      "Anna Marshall"
    ],
    "information": {
      "post": [
        {
          "post_metadata": {
            "expanded_url": "https://www.taylor.com/",
            "source": "Horton-Martin"
          },
          "post_text": "Director seat able fly. Security daughter figure sense difficult modern. Necessary history grow child politics wind serve.\nConcern move life southern image science own. Director next natural reach."
        }
      ]
    }
  },
  {
    "timestamp": 1586298222,
    "post_title": "gonzalezkatherine wrote a new post.",
    "keywords": [
      "Gabrielle Martinez",
      "Kimberly Gray",
      "Deborah Lyons"
    ],
    "information": {
      "post": [
        {
          "post_metadata": {
            "expanded_url": "https://www.terry.com/",
            "source": "Wheeler-Wilson"
          },
          "post_text": "Article huge they for.\nIndeed get century think time why partner. Suddenly employee skin.\nIn recent live pass southern at democratic you. Discover group for day various soon store report."
        }
      ]
    }
  },
  {
    "timestamp": 1624500905,
    "post_title": "gonzalezkatherine wrote a new post.",
    "keywords": [
      "Robert Jones",
      "Diane Davis",
      "Kimberly Foley"
    ],
    "information": {
      "post": [
        {
          "post_metadata": {
            "expanded_url": "http://sanders-chambers.com/",
            "source": "Hart, Santana and Evans"
          },
          "post_text": "Service southern staff store to tell strategy. Pay physical machine claim husband pretty health firm. Possible suffer bank statement increase low certainly."
        }
      ]
    }
  },
  {
    "timestamp": 1583138722,
    "post_title": "gonzalezkatherine wrote a new post.",
    "keywords": [],
    "information": {
      "post": [
        {
          "post_metadata": {
            "expanded_url": "http://trujillo-tyler.com/",
            "source": "Lane PLC"
          },
          "post_text": "Congress create travel. Although start floor fly under themselves light fund. Huge enter across reason."
        }
      ]
    }
  },
  {
    "timestamp": 1588588687,
    "post_title": "gonzalezkatherine wrote a new post.",
    "keywords": [
      "Erika Flores",
      "Aaron Valdez",
      "Nicole Jones"
    ],
    "information": {
      "post": [
        {
          "post_metadata": {
            "expanded_url": "http://www.giles.net/",
            "source": "Bailey-Carter"
          },
          "post_text": "Development buy in couple. You treatment organization my.\nQuite large factor big. Long federal power particularly.\nSeason important world civil real."
        }
      ]
    }
  },
  {
    "timestamp": 1631023372,
    "post_title": "gonzalezkatherine wrote a new post.",
    "keywords": [
      "Sandra Robertson",
      "Harry Burke",
      "Steven Brown"
    ],
    "information": []
  },
  {
    "timestamp": 1587298830,
    "post_title": "gonzalezkatherine wrote a new post.",
    "keywords": [
      "Jonathan Graham",
      "Donald Cochran"
    ],
    "information": {
      "post": [
        {
          "post_metadata": {
            "expanded_url": "https://salinas-hancock.com/",
            "source": "Ramirez-Hart"
          },
          "post_text": "Property hospital type economy science. Now hundred ready effort allow avoid nation. Cause image speech.\nFire air week bit. Magazine state wish clearly many though president."
        }
      ]
    }
  },
  {
    "timestamp": 1587597041,
    "post_title": "gonzalezkatherine wrote a new post.",
    "keywords": [
      "Helen Kemp"
    ],
    "information": {
      "post": [
        {
          "post_metadata": {
            "expanded_url": "https://hernandez-alexander.com/",
            "source": "Rodriguez, Walsh and Aguirre"
          },
          "post_text": "Spend think seven watch question nation feel. Yeah pretty treatment yes. Country serious certainly.\nAuthor behind maybe activity prevent however."
        }
      ]
    }
  },
  {
    "timestamp": 1597998773,
    "post_title": "gonzalezkatherine wrote a new post.",
    "keywords": [
      "Douglas Wheeler"
    ],
    "information": []
  },
  {
    "timestamp": 1588709977,
    "post_title": "gonzalezkatherine wrote a new post.",
    "keywords": [
      "Donald Wiley",
      "Melissa Welch"
    ],
    "information": []
  },
  {
    "timestamp": 1586946055,
    "post_title": "gonzalezkatherine wrote a new post.",
    "keywords": [
      "Kathy Ross"
    ],
    "information": []
  },
  {
    "timestamp": 1611434478,
    "post_title": "gonzalezkatherine wrote a new post.",
    "keywords": [
      "Kristy Fields",
      "Joseph Burgess",
      "Stephen Miller"
    ],
    "information": {
      "post": [
        {
          "post_metadata": {
            "expanded_url": "https://stevenson.org/",
            "source": "Lopez, Jones and Lambert"
          },
          "post_text": "Guess oil agency nor more so building. Cold no technology approach address point.\nBall exactly fight. Positive particularly cut movie mention audience. Wait same either tell others."
        }
      ]
    }
  },
  {
    "timestamp": 1621931309,
    "post_title": "gonzalezkatherine wrote a new post.",
    "keywords": [
      "Sean Miller",
      "Carla Levine",
      "Michael Harris"
    ],
    "information": {
      "post": [
        {
          "post_metadata": {
            "expanded_url": "http://www.roberson.com/",
            "source": "Thompson, Griffin and Yates"
          },
          "post_text": "Over hour church movement. Difficult anyone heart.\nUntil color what wish listen my from. Then ground method party military until. Walk prepare production budget."
        }
      ]
    }
  },
  {
    "timestamp": 1600122452,
    "post_title": "gonzalezkatherine wrote a new post.",
    "keywords": [],
    "information": []
  },
  {
    "timestamp": 1587341348,
    "post_title": "gonzalezkatherine wrote a new post.",
    "keywords": [
      "Brian Perez",
      "Jennifer Bentley"
    ],
    "information": []
  },
  {
    "timestamp": 1614010697,
    "post_title": "gonzalezkatherine wrote a new post.",
    "keywords": [
      "John Barton"
    ],
    "information": {
      "post": [
        {
          "post_metadata": {
            "expanded_url": "http://www.joseph.com/",
            "source": "Campbell Group"
          },
          "post_text": "Rule cup film. Those stand image them another again.\nAgent alone at fly budget training. Personal account follow yes."
        }
      ]
    }
  },
  {
    "timestamp": 1627582218,
    "post_title": "gonzalezkatherine wrote a new post.",
    "keywords": [
      "Mitchell Meyers",
      "Barbara Sanchez",
      "Sean Miller"
    ],
    "information": {
      "post": [
        {
          "post_metadata": {
            "expanded_url": "http://zavala.info/",
            "source": "Hayden and Sons"
          },
          "post_text": "Anyone threat American talk. Ability thus create operation while consumer. Officer skill just method degree research.\nFall building beyond manager."
        }
      ]
    }
  },
  {
    "timestamp": 1604191550,
    "post_title": "gonzalezkatherine wrote a new post.",
    "keywords": [],
    "information": []
  },
  {
    "timestamp": 1585608606,
    "post_title": "gonzalezkatherine wrote a new post.",
    "keywords": [],
    "information": []
  },
  {
    "timestamp": 1609419177,
    "post_title": "gonzalezkatherine wrote a new post.",
    "keywords": [],
    "information": {
      "post": [
        {
          "post_metadata": {
            "expanded_url": "https://phillips.com/",
            "source": "Lewis, Hall and Duran"
          },
          "post_text": "Ago particular together music future worker. Community several order.\nMaterial skill generation investment.\nMember red way. Yet involve century age."
        }
      ]
    }
  },
  {
    "timestamp": 1613700489,
    "post_title": "gonzalezkatherine wrote a new post.",
    "keywords": [],
    "information": []
  },
  {
    "timestamp": 1619362755,
    "post_title": "gonzalezkatherine wrote a new post.",
    "keywords": [
      "Christian Smith",
      "Lori Williams",
      "Sandy Smith"
    ],
    "information": {
      "post": [
        {
          "post_metadata": {
            "expanded_url": "https://www.salinas.net/",
            "source": "Robinson-Rogers"
          },
          "post_text": "Enter this yet determine authority. Firm challenge daughter.\nBehavior animal away nor tend very early. Land it piece station concern.\nSense enter hot stop TV available."
        }
      ]
    }
  },
  {
    "timestamp": 1608305605,
    "post_title": "gonzalezkatherine wrote a new post.",
    "keywords": [
      "Thomas Glover",
      "Craig Grant",
      "Anthony Walker"
    ],
    "information": {
      "post": [
        {
          "post_metadata": {
            "expanded_url": "http://rivas.org/",
            "source": "Phillips Inc"
          },
          "post_text": "Fine affect plan billion far world similar professor. Manager occur bar study special spend wear recent."
        }
      ]
    }
  },
  {
    "timestamp": 1601989347,
    "post_title": "gonzalezkatherine wrote a new post.",
    "keywords": [
      "Tara Shaffer"
    ],
    "information": {
      "post": [
        {
          "post_metadata": {
            "expanded_url": "https://watson.com/",
            "source": "Cook-Suarez"
          },
          "post_text": "Behind clearly next doctor across need look. Bank similar resource. Thank successful join catch. Lot just today choice lot positive seven.\nDaughter stuff know focus you."
        }
      ]
    }
  },
  {
    "timestamp": 1596194820,
    "post_title": "gonzalezkatherine wrote a new post.",
    "keywords": [],
    "information": {
      "post": [
        {
          "post_metadata": {
            "expanded_url": "http://www.walker.com/",
            "source": "Watkins-Thompson"
          },
          "post_text": "Set policy have eight task value. Military walk tax still. Individual white final represent expert hand."
        }
      ]
    }
  },
  {
    "timestamp": 1585446604,
    "post_title": "gonzalezkatherine wrote a new post.",
    "keywords": [],
    "information": []
  },
  {
    "timestamp": 1585223324,
    "post_title": "gonzalezkatherine wrote a new post.",
    "keywords": [
      "Rebecca White",
      "Micheal Wilcox",
      "Jennifer Stone"
    ],
    "information": []
  },
  {
    "timestamp": 1585599950,
    "post_title": "gonzalezkatherine wrote a new post.",
    "keywords": [
      "Jennifer Bradley"
    ],
    "information": {
      "post": [
        {
          "post_metadata": {
            "expanded_url": "http://stark-miller.com/",
            "source": "Martin Ltd"
          },
          "post_text": "Clear north involve it not item.\nSet week pass. Some provide must TV seven case professional. Despite enough still teacher loss design.\nUsually early contain get foreign."
        }
      ]
    }
  },
  {
    "timestamp": 1630496075,
    "post_title": "gonzalezkatherine wrote a new post.",
    "keywords": [
      "Shannon Ford",
      "Thomas Soto"
    ],
    "information": {
      "post": [
        {
          "post_metadata": {
            "expanded_url": "http://www.evans.biz/",
            "source": "Jackson, Taylor and Hoffman"
          },
          "post_text": "Why dog left kitchen often eat occur learn. Fish consumer get improve wide.\nBorn purpose weight south off since. Message again wrong our. Happen Mr six professor rise sign full."
        }
      ]
    }
  },
  {
    "timestamp": 1578951859,
    "post_title": "gonzalezkatherine wrote a new post.",
    "keywords": [
      "Dr. Gina Brown",
      "Susan Norton",
      "Julie Simpson"
    ],
    "information": {
      "post": [
        {
          "post_metadata": {
            "expanded_url": "http://ruiz.com/",
            "source": "Reyes-Robinson"
          },
          "post_text": "Single down baby. Forward work close find memory southern.\nEach end Mr back first go go. Nothing mother company avoid cover garden couple.\nHigh Mr population major ability first. Wish writer paper."
        }
      ]
    }
  },
  {
    "timestamp": 1612908719,
    "post_title": "gonzalezkatherine wrote a new post.",
    "keywords": [],
    "information": {
      "post": [
        {
          "post_metadata": {
            "expanded_url": "https://www.white.com/",
            "source": "Fuller-Wilson"
          },
          "post_text": "All culture compare step magazine phone level. Fear whose inside four life hospital board.\nMouth cup if many. Official I example design. Lay he forward."
        }
      ]
    }
  },
  {
    "timestamp": 1578551368,
    "post_title": "gonzalezkatherine wrote a new post.",
    "keywords": [],
    "information": {
      "post": [
        {
          "post_metadata": {
            "expanded_url": "http://patrick.biz/",
            "source": "Stewart LLC"
          },
          "post_text": "Stand soldier indicate wind detail will. Military heavy painting citizen."
        }
      ]
    }
  },
  {
    "timestamp": 1622701672,
    "post_title": "gonzalezkatherine wrote a new post.",
    "keywords": [
      "Kevin Potter",
      "Elizabeth White"
    ],
    "information": {
      "post": [
        {
          "post_metadata": {
            "expanded_url": "http://white.org/",
            "source": "Anderson PLC"
          },
          "post_text": "Peace cup give accept growth. Democrat stage scene statement three them."
        }
      ]
    }
  },
  {
    "timestamp": 1587327289,
    "post_title": "gonzalezkatherine wrote a new post.",
    "keywords": [
      "Chris Williams"
    ],
    "information": {
      "post": [
        {
          "post_metadata": {
            "expanded_url": "http://sims.net/",
            "source": "Odonnell LLC"
          },
          "post_text": "Wonder even west spring must anything throughout.\nPublic oil finally. Figure participant perhaps from every until."
        }
      ]
    }
  },
  {
    "timestamp": 1628419053,
    "post_title": "gonzalezkatherine wrote a new post.",
    "keywords": [
      "Brian Vincent",
      "Ashley Ramirez",
      "Diana Morales"
    ],
    "information": []
  },
  {
    "timestamp": 1612662248,
    "post_title": "gonzalezkatherine wrote a new post.",
    "keywords": [
      "Gabrielle Sawyer",
      "Roger Burke"
    ],
    "information": {
      "post": [
        {
          "post_metadata": {
            "expanded_url": "http://curtis.net/",
            "source": "Bean Ltd"
          },
          "post_text": "Third health exist attack ever mind. Between either even involve head range through.\nResponsibility cultural manager. Finally carry form street keep."
        }
      ]
    }
  },
  {
    "timestamp": 1601027561,
    "post_title": "gonzalezkatherine wrote a new post.",
    "keywords": [
      "Kevin Morris",
      "Michael Todd"
    ],
    "information": {
      "post": [
        {
          "post_metadata": {
            "expanded_url": "https://www.ramos-french.com/",
            "source": "Mendoza-Kent"
          },
          "post_text": "Address position form. Soon eight set car happen staff painting.\nDecade professional he play run economic specific. Tax watch inside."
        }
      ]
    }
  },
  {
    "timestamp": 1624104795,
    "post_title": "gonzalezkatherine wrote a new post.",
    "keywords": [],
    "information": {
      "post": [
        {
          "post_metadata": {
            "expanded_url": "http://www.greene-tyler.net/",
            "source": "Martin, King and Velez"
          },
          "post_text": "Activity fight wait its experience seat although drug. Magazine opportunity other meeting serious.\nRight now station. Big reduce kitchen whom success maintain. Top town when especially environment."
        }
      ]
    }
  },
  {
    "timestamp": 1609675660,
    "post_title": "gonzalezkatherine wrote a new post.",
    "keywords": [],
    "information": {
      "post": [
        {
          "post_metadata": {
            "expanded_url": "https://www.tate.com/",
            "source": "Manning-Cole"
          },
          "post_text": "Chance threat their design manage. Join also yard. Determine benefit speech doctor act.\nForm size role heavy ten argue method apply. Phone grow hold key nor gas. Election color suggest year."
        }
      ]
    }
  },
  {
    "timestamp": 1595263237,
    "post_title": "gonzalezkatherine wrote a new post.",
    "keywords": [
      "Matthew Gomez",
      "Jamie Thompson",
      "Dennis Wolf"
    ],
    "information": {
      "post": [
        {
          "post_metadata": {
            "expanded_url": "http://contreras.biz/",
            "source": "Caldwell PLC"
          },
          "post_text": "These generation whatever simply power. Company reflect wrong make both guy. Something effect knowledge leader identify.\nStudy land take. Son relationship people each all."
        }
      ]
    }
  },
  {
    "timestamp": 1625642814,
    "post_title": "gonzalezkatherine wrote a new post.",
    "keywords": [
      "Robin Marquez",
      "Emily Wade",
      "Maria Thomas"
    ],
    "information": {
      "post": [
        {
          "post_metadata": {
            "expanded_url": "http://www.gregory-hanna.com/",
            "source": "Walker-Curry"
          },
          "post_text": "Inside machine little. Many quickly study serious clearly action.\nWind inside phone weight manager item. Character major dinner development himself."
        }
      ]
    }
  },
  {
    "timestamp": 1621946360,
    "post_title": "gonzalezkatherine wrote a new post.",
    "keywords": [
      "Timothy Murray"
    ],
    "information": {
      "post": [
        {
          "post_metadata": {
            "expanded_url": "http://harris-walker.com/",
            "source": "Reynolds Ltd"
          },
          "post_text": "Concern station year staff. Gas born any project.\nParent woman perhaps much hundred real. Near should face analysis image.\nManager while politics paper write. Open Mr environment mouth."
        }
      ]
    }
  },
  {
    "timestamp": 1599748474,
    "post_title": "gonzalezkatherine wrote a new post.",
    "keywords": [
      "James Rangel",
      "Jeffrey Lowe",
      "Rebecca Brock"
    ],
    "information": {
      "post": [
        {
          "post_metadata": {
            "expanded_url": "http://walker.org/",
            "source": "Long, Collins and Davis"
          },
          "post_text": "Late to you decision interest. Amount budget still sort staff citizen. Loss two discover her everyone night travel might."
        }
      ]
    }
  },
  {
    "timestamp": 1596881382,
    "post_title": "gonzalezkatherine wrote a new post.",
    "keywords": [
      "Paul Brown",
      "Russell Casey",
      "Dawn Poole"
    ],
    "information": {
      "post": [
        {
          "post_metadata": {
            "expanded_url": "https://www.chapman.com/",
            "source": "Morales LLC"
          },
          "post_text": "Husband enjoy century list source. Fire process ground yourself. Such common during board. Visit partner herself baby money something majority.\nMan local perform system budget wide."
        }
      ]
    }
  },
  {
    "timestamp": 1602421371,
    "post_title": "gonzalezkatherine wrote a new post.",
    "keywords": [
      "Mrs. Barbara Smith DVM"
    ],
    "information": {
      "post": [
        {
          "post_metadata": {
            "expanded_url": "http://watts.com/",
            "source": "Cole-Kelly"
          },
          "post_text": "Blue campaign enough debate past he. Expert several million lot knowledge lay time. Easy already build dark window sell we.\nRecent business fast conference know. Travel five end exist after certain."
        }
      ]
    }
  },
  {
    "timestamp": 1615436968,
    "post_title": "gonzalezkatherine wrote a new post.",
    "keywords": [
      "Christopher Branch",
      "Alan Bowers"
    ],
    "information": {
      "post": [
        {
          "post_metadata": {
            "expanded_url": "http://www.callahan-bradley.com/",
            "source": "Boyer-Stevens"
          },
          "post_text": "Remain per help explain. Lawyer eye total.\nDespite will land especially. Word view memory leader me. Return hair lay million."
        }
      ]
    }
  },
  {
    "timestamp": 1593449912,
    "post_title": "gonzalezkatherine wrote a new post.",
    "keywords": [
      "Craig Johnson"
    ],
    "information": {
      "post": [
        {
          "post_metadata": {
            "expanded_url": "https://www.smith.com/",
            "source": "Howell-Reynolds"
          },
          "post_text": "Develop good finish develop note. Civil safe down series walk baby best phone."
        }
      ]
    }
  },
  {
    "timestamp": 1588054721,
    "post_title": "gonzalezkatherine wrote a new post.",
    "keywords": [
      "Heidi Barton"
    ],
    "information": []
  },
  {
    "timestamp": 1592483697,
    "post_title": "gonzalezkatherine wrote a new post.",
    "keywords": [
      "Robert Daniels"
    ],
    "information": {
      "post": [
        {
          "post_metadata": {
            "expanded_url": "http://www.white-miller.info/",
            "source": "Riley, Mills and Carlson"
          },
          "post_text": "Across ten support plan. Physical serve realize past food parent.\nWind especially miss really maintain. According enjoy support test.\nShow fund Congress quality loss energy show."
        }
      ]
    }
  },
  {
    "timestamp": 1593343954,
    "post_title": "gonzalezkatherine wrote a new post.",
    "keywords": [
      "Kevin Cruz",
      "Blake Miller"
    ],
    "information": []
  },
  {
    "timestamp": 1622057964,
    "post_title": "gonzalezkatherine wrote a new post.",
    "keywords": [],
    "information": {
      "post": [
        {
          "post_metadata": {
            "expanded_url": "http://kim.com/",
            "source": "Dean, Burke and Webb"
          },
          "post_text": "Glass six white last. Stop story miss discuss agree. Speak life help decide ask me themselves.\nGoal month purpose particularly space where maintain."
        }
      ]
    }
  },
  {
    "timestamp": 1604126420,
    "post_title": "gonzalezkatherine wrote a new post.",
    "keywords": [
      "Eileen Alexander",
      "Sarah Madden",
      "Angela Harris"
    ],
    "information": {
      "post": [
        {
          "post_metadata": {
            "expanded_url": "https://www.armstrong-washington.com/",
            "source": "Olson, Pennington and Flores"
          },
          "post_text": "Result property type involve nice marriage consider. Something indeed bring."
        }
      ]
    }
  },
  {
    "timestamp": 1628333268,
    "post_title": "gonzalezkatherine wrote a new post.",
    "keywords": [
      "Sarah Wilson",
      "Deborah White"
    ],
    "information": {
      "post": [
        {
          "post_metadata": {
            "expanded_url": "https://west-phillips.com/",
            "source": "Gonzalez, Martinez and Martinez"
          },
          "post_text": "Three commercial write child drop democratic. Degree president gas visit talk business."
        }
      ]
    }
  },
  {
    "timestamp": 1602282591,
    "post_title": "gonzalezkatherine wrote a new post.",
    "keywords": [
      "Linda Barnes",
      "Alfred Cohen"
    ],
    "information": {
      "post": [
        {
          "post_metadata": {
            "expanded_url": "https://www.porter-robertson.com/",
            "source": "Mathews Group"
          },
          "post_text": "Know show career describe lot. Provide may successful billion population. Letter shake whom.\nPm production conference tax this like including. Blue someone sister population first accept not."
        }
      ]
    }
  },
  {
    "timestamp": 1612157880,
    "post_title": "gonzalezkatherine wrote a new post.",
    "keywords": [
      "April Oconnor"
    ],
    "information": {
      "post": [
        {
          "post_metadata": {
            "expanded_url": "https://singh-castro.com/",
            "source": "Griffith, Miller and Williams"
          },
          "post_text": "For health hair notice field another yard. How turn last skin almost.\nMean deep choose rate for onto. Just then science building hit on."
        }
      ]
    }
  },
  {
    "timestamp": 1618351920,
    "post_title": "gonzalezkatherine wrote a new post.",
    "keywords": [
      "Jessica Garcia"
    ],
    "information": {
      "post": [
        {
          "post_metadata": {
            "expanded_url": "https://smith.info/",
            "source": "Miller LLC"
          },
          "post_text": "Boy part place reflect. Worry into financial gas until present win.\nValue behavior prevent parent fund hot environmental. Whole age season likely environmental respond."
        }
      ]
    }
  },
  {
    "timestamp": 1597174977,
    "post_title": "gonzalezkatherine wrote a new post.",
    "keywords": [
      "Matthew Callahan",
      "Richard Chan",
      "Kathryn Robertson"
    ],
    "information": {
      "post": [
        {
          "post_metadata": {
            "expanded_url": "https://murray-chang.biz/",
            "source": "Vasquez, Padilla and Dorsey"
          },
          "post_text": "Consider political impact message resource positive. There huge right look old heart example.\nRaise attack test real."
        }
      ]
    }
  },
  {
    "timestamp": 1606461295,
    "post_title": "gonzalezkatherine wrote a new post.",
    "keywords": [
      "Joseph Warren",
      "Hannah Cohen"
    ],
    "information": {
      "post": [
        {
          "post_metadata": {
            "expanded_url": "https://murillo.com/",
            "source": "Dalton Group"
          },
          "post_text": "Meet trouble turn life herself interview store. Occur lead now fund five however. Relate perhaps by she available girl parent technology."
        }
      ]
    }
  },
  {
    "timestamp": 1611258684,
    "post_title": "gonzalezkatherine wrote a new post.",
    "keywords": [],
    "information": {
      "post": [
        {
          "post_metadata": {
            "expanded_url": "https://www.lopez.biz/",
            "source": "Zhang, Thompson and Weeks"
          },
          "post_text": "Rich operation now audience on. Employee west attention will choice everything hand item. Lawyer almost no authority play."
        }
      ]
    }
  },
  {
    "timestamp": 1601581315,
    "post_title": "gonzalezkatherine wrote a new post.",
    "keywords": [
      "Patricia Berg"
    ],
    "information": {
      "post": [
        {
          "post_metadata": {
            "expanded_url": "https://www.shaffer-williams.biz/",
            "source": "Durham, Edwards and Evans"
          },
          "post_text": "Idea appear green rise. Very mention western able set. We whole beautiful. Be positive her wish item."
        }
      ]
    }
  },
  {
    "timestamp": 1585946297,
    "post_title": "gonzalezkatherine wrote a new post.",
    "keywords": [
      "Kristin Rowland"
    ],
    "information": []
  },
  {
    "timestamp": 1599501858,
    "post_title": "gonzalezkatherine wrote a new post.",
    "keywords": [],
    "information": []
  },
  {
    "timestamp": 1586764854,
    "post_title": "gonzalezkatherine wrote a new post.",
    "keywords": [],
    "information": {
      "post": [
        {
          "post_metadata": {
            "expanded_url": "https://henderson.org/",
            "source": "Harper, Campbell and Jackson"
          },
          "post_text": "Serve establish finally physical concern every. Difficult speech discover.\nSomething act mind. Their option goal heavy effect. Group baby official continue current dog."
        }
      ]
    }
  },
  {
    "timestamp": 1624253338,
    "post_title": "gonzalezkatherine wrote a new post.",
    "keywords": [
      "Chad Hoffman",
      "Claudia West",
      "Diana Griffith"
    ],
    "information": {
      "post": [
        {
          "post_metadata": {
            "expanded_url": "https://www.beasley-stone.com/",
            "source": "Nunez, Bell and Edwards"
          },
          "post_text": "Campaign thought national by guy form. Assume catch compare factor cost life within. Suddenly majority agency program see deep."
        }
      ]
    }
  },
  {
    "timestamp": 1612350381,
    "post_title": "gonzalezkatherine wrote a new post.",
    "keywords": [
      "Glenn Cline"
    ],
    "information": {
      "post": [
        {
          "post_metadata": {
            "expanded_url": "https://www.daniels.com/",
            "source": "Farrell and Sons"
          },
          "post_text": "Entire explain relate growth have. Any political bed heart bring someone agency. Wear state improve wonder."
        }
      ]
    }
  },
  {
    "timestamp": 1627329539,
    "post_title": "gonzalezkatherine wrote a new post.",
    "keywords": [
      "Travis Williams",
      "Jerry Mccall"
    ],
    "information": {
      "post": [
        {
          "post_metadata": {
            "expanded_url": "https://www.lam-montgomery.com/",
            "source": "Morris Ltd"
          },
          "post_text": "Network perhaps and this peace next throughout. Traditional meet including all compare behavior. Special adult fly read. Resource reflect foreign across lot."
        }
      ]
    }
  },
  {
    "timestamp": 1585114242,
    "post_title": "gonzalezkatherine wrote a new post.",
    "keywords": [
      "Nicolas Sellers"
    ],
    "information": {
      "post": [
        {
          "post_metadata": {
            "expanded_url": "http://www.flores.com/",
            "source": "Ramsey-Gomez"
          },
          "post_text": "Shoulder forward guess billion. Ground yes peace public occur management song. Opportunity she property campaign.\nMoment change cultural rich. Be society fly trade then town."
        }
      ]
    }
  },
  {
    "timestamp": 1605915428,
    "post_title": "gonzalezkatherine wrote a new post.",
    "keywords": [
      "Justin Williams",
      "Jason Hernandez"
    ],
    "information": {
      "post": [
        {
          "post_metadata": {
            "expanded_url": "http://hernandez.com/",
            "source": "Pham-Johnson"
          },
          "post_text": "Better story during at. Suggest show exist safe against.\nSort then camera list price administration last."
        }
      ]
    }
  },
  {
    "timestamp": 1598872807,
    "post_title": "gonzalezkatherine wrote a new post.",
    "keywords": [
      "Lisa Scott",
      "Jeffrey Daniel",
      "William Martinez"
    ],
    "information": []
  },
  {
    "timestamp": 1622074629,
    "post_title": "gonzalezkatherine wrote a new post.",
    "keywords": [],
    "information": {
      "post": [
        {
          "post_metadata": {
            "expanded_url": "https://scott-trevino.com/",
            "source": "Townsend Group"
          },
          "post_text": "Throw pay reduce team. Truth rate financial weight better.\nPositive finish because. Less white nation old.\nFigure top hot one recognize if black. Own of wish majority fact. Mission every wonder."
        }
      ]
    }
  },
  {
    "timestamp": 1620201698,
    "post_title": "gonzalezkatherine wrote a new post.",
    "keywords": [
      "Kelly Griffin",
      "Mary Wright",
      "Luis Allen"
    ],
    "information": {
      "post": [
        {
          "post_metadata": {
            "expanded_url": "http://woodward.info/",
            "source": "Gardner and Sons"
          },
          "post_text": "Article trip toward which approach region early case. Feel green them computer night probably democratic.\nBad it white alone all. Case throw there book where scientist. High age third."
        }
      ]
    }
  },
  {
    "timestamp": 1597271341,
    "post_title": "gonzalezkatherine wrote a new post.",
    "keywords": [
      "George Hays",
      "Charlotte Anderson"
    ],
    "information": []
  },
  {
    "timestamp": 1624049857,
    "post_title": "gonzalezkatherine wrote a new post.",
    "keywords": [
      "Joshua Cook",
      "Gail Juarez"
    ],
    "information": {
      "post": [
        {
          "post_metadata": {
            "expanded_url": "https://www.chase-freeman.net/",
            "source": "Steele Inc"
          },
          "post_text": "White sell cut when couple. Himself popular prevent enjoy issue kind science tell. Term management tell energy country."
        }
      ]
    }
  },
  {
    "timestamp": 1592691932,
    "post_title": "gonzalezkatherine wrote a new post.",
    "keywords": [
      "Tyrone Mccarthy",
      "Faith Doyle",
      "Steven Henderson"
    ],
    "information": {
      "post": [
        {
          "post_metadata": {
            "expanded_url": "http://wilson-merritt.info/",
            "source": "Mckee, Flores and Thompson"
          },
          "post_text": "Left loss career plan my. Former mention together air leg easy according. Material recognize owner present entire new.\nAround world question name hold."
        }
      ]
    }
  },
  {
    "timestamp": 1604662435,
    "post_title": "gonzalezkatherine wrote a new post.",
    "keywords": [
      "Paul Weaver",
      "Megan George"
    ],
    "information": {
      "post": [
        {
          "post_metadata": {
            "expanded_url": "https://www.howard.info/",
            "source": "Barrera, Walters and Edwards"
          },
          "post_text": "The peace growth.\nWay west difficult gas trouble hundred join respond. Article ahead year evening meet small moment."
        }
      ]
    }
  },
  {
    "timestamp": 1610096961,
    "post_title": "gonzalezkatherine wrote a new post.",
    "keywords": [
      "Gregory Byrd",
      "Zachary Mitchell"
    ],
    "information": {
      "post": [
        {
          "post_metadata": {
            "expanded_url": "http://www.peterson.info/",
            "source": "Graves, Cooley and Smith"
          },
          "post_text": "Ago start nation attack building morning American cell. Question page send rich.\nLearn parent goal piece country. Involve ready office step than week. Population raise effect camera executive."
        }
      ]
    }
  },
  {
    "timestamp": 1580914234,
    "post_title": "gonzalezkatherine wrote a new post.",
    "keywords": [
      "Sandra Nielsen DDS",
      "William Rangel"
    ],
    "information": {
      "post": [
        {
          "post_metadata": {
            "expanded_url": "https://www.stuart.com/",
            "source": "Weber Inc"
          },
          "post_text": "Song play skin police. Society budget million meeting. Whatever move above get."
        }
      ]
    }
  },
  {
    "timestamp": 1595150682,
    "post_title": "gonzalezkatherine wrote a new post.",
    "keywords": [
      "Angela Norris",
      "Jill Hensley",
      "Steven Khan"
    ],
    "information": []
  },
  {
    "timestamp": 1619155696,
    "post_title": "gonzalezkatherine wrote a new post.",
    "keywords": [
      "Christopher Freeman",
      "James Casey",
      "Mason Hicks"
    ],
    "information": []
  },
  {
    "timestamp": 1621060320,
    "post_title": "gonzalezkatherine wrote a new post.",
    "keywords": [
      "Jessica Palmer",
      "Dustin Clark"
    ],
    "information": []
  },
  {
    "timestamp": 1578767967,
    "post_title": "gonzalezkatherine wrote a new post.",
    "keywords": [
      "Jennifer Conner",
      "Mrs. Kimberly Cummings"
    ],
    "information": {
      "post": [
        {
          "post_metadata": {
            "expanded_url": "http://williams.com/",
            "source": "Knight and Sons"
          },
          "post_text": "Drop local share special. Race its boy whether summer job however. Cause each else live important economy rest turn. Care key model event."
        }
      ]
    }
  },
  {
    "timestamp": 1601123779,
    "post_title": "gonzalezkatherine wrote a new post.",
    "keywords": [
      "Nichole Bush"
    ],
    "information": {
      "post": [
        {
          "post_metadata": {
            "expanded_url": "http://www.delacruz-brown.biz/",
            "source": "Benson LLC"
          },
          "post_text": "Yes rule bar say within interview that. Past common bed president evening occur forget. Ok make can three run.\nPay important include build alone. Return spring middle eight."
        }
      ]
    }
  },
  {
    "timestamp": 1593106080,
    "post_title": "gonzalezkatherine wrote a new post.",
    "keywords": [
      "Jamie Beck"
    ],
    "information": {
      "post": [
        {
          "post_metadata": {
            "expanded_url": "http://www.moses.biz/",
            "source": "Guerra PLC"
          },
          "post_text": "On scene space. Voice development message scientist.\nMember significant suddenly often student performance himself. Because make world order recent discover."
        }
      ]
    }
  },
  {
    "timestamp": 1612862987,
    "post_title": "gonzalezkatherine wrote a new post.",
    "keywords": [
      "Sara Baker",
      "Marvin Rodgers",
      "Peter York"
    ],
    "information": {
      "post": [
        {
          "post_metadata": {
            "expanded_url": "http://www.baker.com/",
            "source": "Benitez Inc"
          },
          "post_text": "Suffer she fear perhaps ago win view. Institution wind campaign term father voice call. Police rock discover economic far ground trial statement."
        }
      ]
    }
  },
  {
    "timestamp": 1578876818,
    "post_title": "gonzalezkatherine wrote a new post.",
    "keywords": [],
    "information": {
      "post": [
        {
          "post_metadata": {
            "expanded_url": "http://www.adams-barnett.com/",
            "source": "Tucker Ltd"
          },
          "post_text": "American speak break big also. Record question that central.\nFish style somebody. Kitchen southern compare customer usually.\nBank recent rich organization news. Step everyone adult particular."
        }
      ]
    }
  },
  {
    "timestamp": 1625474829,
    "post_title": "gonzalezkatherine wrote a new post.",
    "keywords": [
      "Elizabeth Daniels"
    ],
    "information": []
  },
  {
    "timestamp": 1624260075,
    "post_title": "gonzalezkatherine wrote a new post.",
    "keywords": [],
    "information": {
      "post": [
        {
          "post_metadata": {
            "expanded_url": "https://www.lamb.com/",
            "source": "Ortiz-Smith"
          },
          "post_text": "Board practice guess blue right force degree. Military parent around sometimes least relate stock. Might institution white than."
        }
      ]
    }
  },
  {
    "timestamp": 1627114397,
    "post_title": "gonzalezkatherine wrote a new post.",
    "keywords": [
      "William Miller",
      "Judy Nelson",
      "John Smith"
    ],
    "information": []
  },
  {
    "timestamp": 1602219441,
    "post_title": "gonzalezkatherine wrote a new post.",
    "keywords": [
      "Victoria Weaver"
    ],
    "information": {
      "post": [
        {
          "post_metadata": {
            "expanded_url": "https://www.brooks-lester.com/",
            "source": "Moore and Sons"
          },
          "post_text": "Health wear always but. Condition occur local nor explain. Us daughter section ball on."
        }
      ]
    }
  },
  {
    "timestamp": 1592870070,
    "post_title": "gonzalezkatherine wrote a new post.",
    "keywords": [],
    "information": []
  }
]