{
  "history": [
    {
      "title": "Switchable zero tolerance Graphical User Interface",
      "action": "Clicked ad",
      "timestamp": 1599410256
    },
    {
      "title": "Persevering multi-tasking budgetary management",
      "action": "Clicked ad",
      "timestamp": 1579661047
    },
    {
      "title": "Universal didactic website",
      "action": "Clicked ad",
      "timestamp": 1609318919
    },
    {
      "title": "Open-architected radical firmware",
      "action": "Clicked ad",
      "timestamp": 1610481981
    },
    {
      "title": "Digitized upward-trending groupware",
      "action": "Clicked ad",
      "timestamp": 1582861303
    },
    {
      "title": "Visionary systemic challenge",
      "action": "Clicked ad",
      "timestamp": 1599343060
    },
    {
      "title": "Expanded solution-oriented pricing structure",
      "action": "Clicked ad",
      "timestamp": 1591621906
    },
    {
      "title": "Multi-layered intermediate process improvement",
      "action": "Clicked ad",
      "timestamp": 1585457318
    },
    {
      "title": "User-centric non-volatile approach",
      "action": "Clicked ad",
      "timestamp": 1596768445
    },
    {
      "title": "Focused 6thgeneration concept",
      "action": "Clicked ad",
      "timestamp": 1579332640
    }
  ]
}