[
  {
    "ad_title": "User-friendly reciprocal superstructure",
    "activity": "watch",
    "timestamp": 1598562764
  },
  {
    "ad_title": "Self-enabling 4thgeneration service-desk",
    "activity": "expand",
    "timestamp": 1617678809
  },
  {
    "ad_title": "Team-oriented eco-centric website",
    "activity": "watch",
    "timestamp": 1624995480
  },
  {
    "ad_title": "Intuitive tangible paradigm",
    "activity": "watch",
    "timestamp": 1587887386
  },
  {
    "ad_title": "Self-enabling composite analyzer",
    "activity": "click",
    "timestamp": 1606107074
  },
  {
    "ad_title": "Total cohesive Internet solution",
    "activity": "expand",
    "timestamp": 1619104044
  },
  {
    "ad_title": "Progressive transitional hierarchy",
    "activity": "watch",
    "timestamp": 1620435756
  },
  {
    "ad_title": "Total optimal encoding",
    "activity": "expand",
    "timestamp": 1630986249
  },
  {
    "ad_title": "Switchable secondary paradigm",
    "activity": "watch",
    "timestamp": 1584960937
  },
  {
    "ad_title": "Organic 6thgeneration support",
    "activity": "expand",
    "timestamp": 1585525836
  }
]