{
  "page_likes": [
    {
      "name": "Brown PLC",
      "timestamp": 1603592098
    },
    {
      "name": "Arnold, Lewis and Dunn",
      "timestamp": 1593921548
    },
    {
      "name": "Brooks, Stephens and Santos",
      "timestamp": 1599642940
    },
    {
      "name": "Perez, Dixon and Nelson",
      "timestamp": 1603911416
    },
    {
      "name": "Fleming, Lowery and Ruiz",
      "timestamp": 1607582280
    },
    {
      "name": "Morales PLC",
      "timestamp": 1594661959
    },
    {
      "name": "Jackson-Romero",
      "timestamp": 1581329708
    },
    {
      "name": "Trevino, Lindsey and Griffith",
      "timestamp": 1583384144
    },
    {
      "name": "Hammond-Leonard",
      "timestamp": 1578145702
    },
    {
      "name": "Rogers, Lopez and Hines",
      "timestamp": 1585945845
    },
    {
      "name": "Reynolds, Downs and Johnson",
      "timestamp": 1579434503
    },
    {
      "name": "Wright-Schneider",
      "timestamp": 1593198658
    },
    {
      "name": "King and Sons",
      "timestamp": 1580658349
    },
    {
      "name": "Cantu-Hopkins",
      "timestamp": 1609622194
    },
    {
      "name": "Holloway, Le and Garcia",
      "timestamp": 1599107277
    },
    {
      "name": "Frank, Mathis and Nelson",
      "timestamp": 1607711619
    },
    {
      "name": "Mccann and Sons",
      "timestamp": 1585582389
    },
    {
      "name": "Johnston PLC",
      "timestamp": 1603369078
    },
    {
      "name": "Graham PLC",
      "timestamp": 1589255645
    },
    {
      "name": "Haynes, Stewart and Rose",
      "timestamp": 1581389733
    }
  ]
}