{
  "reactions": [
    {
      "timestamp": 1594974285,
      "data": [
        {
          "reaction": {
            "reaction": "LIKE",
            "actor": "twagner"
          }
        }
      ],
      "title": "twagner likes Matthew Kemp's post."
    },
    {
      "timestamp": 1601932455,
      "data": [
        {
          "reaction": {
            "reaction": "LOVE",
            "actor": "twagner"
          }
        }
      ],
      "title": "twagner likes Angela Hall's post."
    },
    {
      "timestamp": 1587747156,
      "data": [
        {
          "reaction": {
            "reaction": "LIKE",
            "actor": "twagner"
          }
        }
      ],
      "title": "twagner likes Gina Johnson's post."
    },
    {
      "timestamp": 1609962518,
      "data": [
        {
          "reaction": {
            "reaction": "LIKE",
            "actor": "twagner"
          }
        }
      ],
      "title": "twagner likes Cameron Baker's post."
    },
    {
      "timestamp": 1586230631,
      "data": [
        {
          "reaction": {
            "reaction": "LIKE",
            "actor": "twagner"
          }
        }
      ],
      "title": "twagner likes Todd King's post."
    },
    {
      "timestamp": 1592309643,
      "data": [
        {
          "reaction": {
            "reaction": "LIKE",
            "actor": "twagner"
          }
        }
      ],
      "title": "twagner likes Katherine Greer's post."
    },
    {
      "timestamp": 1594212890,
      "data": [
        {
          "reaction": {
            "reaction": "LOVE",
            "actor": "twagner"
          }
        }
      ],
      "title": "twagner likes Jordan Sims's post."
    },
    {
      "timestamp": 1605122674,
      "data": [
        {
          "reaction": {
            "reaction": "LIKE",
            "actor": "twagner"
          }
        }
      ],
      "title": "twagner likes Rhonda Moore's post."
    },
    {
      "timestamp": 1585115016,
      "data": [
        {
          "reaction": {
            "reaction": "LIKE",
            "actor": "twagner"
          }
        }
      ],
      "title": "twagner likes James Myers's post."
    },
    {
      "timestamp": 1604581058,
      "data": [
        {
          "reaction": {
            "reaction": "LIKE",
            "actor": "twagner"
          }
        }
      ],
      "title": "twagner likes Kathy Howard's post."
    },
    {
      "timestamp": 1600568167,
      "data": [
        {
          "reaction": {
            "reaction": "LIKE",
            "actor": "twagner"
          }
        }
      ],
      "title": "twagner likes Emily Byrd's post."
    },
    {
      "timestamp": 1596281264,
      "data": [
        {
          "reaction": {
            "reaction": "LIKE",
            "actor": "twagner"
          }
        }
      ],
      "title": "twagner likes Michael White's post."
    },
    {
      "timestamp": 1607878838,
      "data": [
        {
          "reaction": {
            "reaction": "LIKE",
            "actor": "twagner"
          }
        }
      ],
      "title": "twagner likes Jessica Garrett's post."
    },
    {
      "timestamp": 1582354890,
      "data": [
        {
          "reaction": {
            "reaction": "LOVE",
            "actor": "twagner"
          }
        }
      ],
      "title": "twagner likes Bryan Chambers's post."
    },
    {
      "timestamp": 1606426378,
      "data": [
        {
          "reaction": {
            "reaction": "LIKE",
            "actor": "twagner"
          }
        }
      ],
      "title": "twagner likes Clifford Rogers's post."
    },
    {
      "timestamp": 1588442472,
      "data": [
        {
          "reaction": {
            "reaction": "LIKE",
            "actor": "twagner"
          }
        }
      ],
      "title": "twagner likes Andre Carrillo's post."
    },
    {
      "timestamp": 1604436651,
      "data": [
        {
          "reaction": {
            "reaction": "LIKE",
            "actor": "twagner"
          }
        }
      ],
      "title": "twagner likes Charles Villegas's post."
    },
    {
      "timestamp": 1606818596,
      "data": [
        {
          "reaction": {
            "reaction": "LIKE",
            "actor": "twagner"
          }
        }
      ],
      "title": "twagner likes Stephanie Wilkerson's post."
    },
    {
      "timestamp": 1592774380,
      "data": [
        {
          "reaction": {
            "reaction": "LIKE",
            "actor": "twagner"
          }
        }
      ],
      "title": "twagner likes Catherine Garcia's post."
    },
    {
      "timestamp": 1601595460,
      "data": [
        {
          "reaction": {
            "reaction": "LIKE",
            "actor": "twagner"
          }
        }
      ],
      "title": "twagner likes Nina Cervantes's post."
    }
  ]
}