{
  "comments": [
    {
      "timestamp": 1601887608,
      "title": "rmiller commented on her own post.",
      "attachments": [
        {
          "data": [
            {
              "external_context": {
                "url": "http://www.mcpherson.org/"
              },
              "media": {
                "uri": "https://www.lorempixel.com/47/255"
              }
            }
          ]
        }
      ]
    },
    {
      "timestamp": 1581497682,
      "title": "rmiller replied to Richard Jenkins's comment.",
      "attachments": [
        {
          "data": [
            {
              "external_context": {
                "url": "https://barrett-ford.org/"
              },
              "media": {
                "uri": "https://dummyimage.com/990x210"
              }
            }
          ]
        }
      ]
    },
    {
      "timestamp": 1607221274,
      "title": "rmiller replied to Mary Gonzales's comment."
    },
    {
      "timestamp": 1593917514,
      "title": "rmiller replied to Veronica Taylor's comment.",
      "data": [
        {
          "comment": {
            "timestamp": 1580929652,
            "comment": "Increase white growth himself water may thought fear. Seek democratic financial ability population nor. Part reduce trial practice light from close sure.\nVery born would family sign of.",
            "author": "rmiller",
            "group": "Pruitt, Schneider and Dixon"
          }
        }
      ]
    },
    {
      "timestamp": 1602975010,
      "title": "rmiller replied to Nicholas Turner's comment."
    },
    {
      "timestamp": 1582794884,
      "title": "rmiller commented on her own post.",
      "data": [
        {
          "comment": {
            "timestamp": 1602811100,
            "comment": "Suddenly rather attention southern. Condition consumer time born stop newspaper else.\nTen force bar nothing east win difference.",
            "author": "rmiller",
            "group": "Sims, Delacruz and Alvarado"
          }
        }
      ]
    },
    {
      "timestamp": 1606550935,
      "title": "rmiller commented on her own post."
    },
    {
      "timestamp": 1579484088,
      "title": "rmiller commented on her own post."
    },
    {
      "timestamp": 1589084318,
      "title": "rmiller commented on her own post.",
      "attachments": [
        {
          "data": [
            {
              "external_context": {
                "url": "https://www.jones-white.com/"
              },
              "media": {
                "uri": "https://placekitten.com/751/428"
              }
            }
          ]
        }
      ],
      "data": [
        {
          "comment": {
            "timestamp": 1591252525,
            "comment": "Future our detail part in situation fast mission. Some keep pressure treatment. Mention traditional cultural yet window.",
            "author": "rmiller",
            "group": "Ramirez, Mcconnell and Walsh"
          }
        }
      ]
    },
    {
      "timestamp": 1584375741,
      "title": "rmiller replied to Kerry Lucero's comment."
    },
    {
      "timestamp": 1598813243,
      "title": "rmiller commented on her own post."
    },
    {
      "timestamp": 1598702722,
      "title": "rmiller replied to Jack Warner's comment."
    },
    {
      "timestamp": 1592889089,
      "title": "rmiller commented on her own post."
    },
    {
      "timestamp": 1588494740,
      "title": "rmiller commented on her own post."
    },
    {
      "timestamp": 1608065190,
      "title": "rmiller commented on her own post."
    },
    {
      "timestamp": 1587678769,
      "title": "rmiller replied to Bruce Hughes's comment."
    },
    {
      "timestamp": 1584802010,
      "title": "rmiller replied to Benjamin Saunders's comment.",
      "attachments": [
        {
          "data": [
            {
              "external_context": {
                "url": "http://walters-jones.com/"
              },
              "media": {
                "uri": "https://placeimg.com/57/1000/any"
              }
            }
          ]
        }
      ]
    },
    {
      "timestamp": 1600922065,
      "title": "rmiller replied to Christina Villa's comment.",
      "data": [
        {
          "comment": {
            "timestamp": 1597486927,
            "comment": "Number real appear Mrs. Husband accept turn. Well bank including might.\nAdministration other contain push. Key share reason three. Event marriage ahead player also forget.",
            "author": "rmiller",
            "group": "Bennett, Bishop and Olsen"
          }
        }
      ]
    },
    {
      "timestamp": 1592970495,
      "title": "rmiller replied to Joe Jacobs's comment."
    },
    {
      "timestamp": 1594564344,
      "title": "rmiller commented on her own post."
    },
    {
      "timestamp": 1597527096,
      "title": "rmiller commented on her own post.",
      "attachments": [
        {
          "data": [
            {
              "external_context": {
                "url": "http://salazar-greene.org/"
              },
              "media": {
                "uri": "https://placekitten.com/815/515"
              }
            }
          ]
        }
      ],
      "data": [
        {
          "comment": {
            "timestamp": 1601659975,
            "comment": "We anyone paper worry mind. Plan hospital west way indicate.\nWhole economy tend organization. Risk majority such break man.",
            "author": "rmiller",
            "group": "Ibarra, Nelson and Romero"
          }
        }
      ]
    },
    {
      "timestamp": 1583624184,
      "title": "rmiller commented on her own post."
    },
    {
      "timestamp": 1601827244,
      "title": "rmiller replied to Robert Guzman's comment.",
      "data": [
        {
          "comment": {
            "timestamp": 1608205569,
            "comment": "Industry available sing bed history four watch.\nPurpose west off claim say kind visit. Produce evening game when. During style yeah road audience morning lawyer.",
            "author": "rmiller",
            "group": "Carter Ltd"
          }
        }
      ]
    },
    {
      "timestamp": 1582776704,
      "title": "rmiller commented on her own post."
    },
    {
      "timestamp": 1586681512,
      "title": "rmiller commented on her own post."
    },
    {
      "timestamp": 1600833894,
      "title": "rmiller replied to Lynn Lopez's comment."
    },
    {
      "timestamp": 1602107073,
      "title": "rmiller replied to Jaclyn Cohen's comment.",
      "data": [
        {
          "comment": {
            "timestamp": 1601494038,
            "comment": "Technology discussion another manager. Require represent can second. Scene spring deep admit effect environmental.\nPersonal second least government research million everyone story.",
            "author": "rmiller",
            "group": "Adams Ltd"
          }
        }
      ]
    },
    {
      "timestamp": 1593704468,
      "title": "rmiller replied to Richard Jones's comment.",
      "data": [
        {
          "comment": {
            "timestamp": 1598321970,
            "comment": "My reach perform. Only couple fear while important strategy. Oil late prepare long state image part.",
            "author": "rmiller",
            "group": "Santiago-Castillo"
          }
        }
      ]
    },
    {
      "timestamp": 1593832240,
      "title": "rmiller replied to Jeffrey Cross's comment."
    },
    {
      "timestamp": 1602464966,
      "title": "rmiller commented on her own post."
    },
    {
      "timestamp": 1604193524,
      "title": "rmiller commented on her own post.",
      "data": [
        {
          "comment": {
            "timestamp": 1590380336,
            "comment": "Wonder hope glass future education. Call them type machine.\nWhite need husband couple. Perhaps prepare character. Strong against make social individual.",
            "author": "rmiller",
            "group": "Mercer-Garcia"
          }
        }
      ]
    },
    {
      "timestamp": 1578310269,
      "title": "rmiller replied to Denise Hall MD's comment."
    },
    {
      "timestamp": 1606932893,
      "title": "rmiller commented on her own post."
    },
    {
      "timestamp": 1597287305,
      "title": "rmiller replied to Ian Rowland's comment.",
      "data": [
        {
          "comment": {
            "timestamp": 1593489524,
            "comment": "High better stock. By seem western president against father really country. Professor help capital more.",
            "author": "rmiller",
            "group": "Williams-Summers"
          }
        }
      ]
    },
    {
      "timestamp": 1607911483,
      "title": "rmiller commented on her own post."
    },
    {
      "timestamp": 1585900642,
      "title": "rmiller commented on her own post."
    },
    {
      "timestamp": 1598529279,
      "title": "rmiller commented on her own post."
    },
    {
      "timestamp": 1602379273,
      "title": "rmiller replied to Kimberly Shaffer's comment."
    },
    {
      "timestamp": 1594504830,
      "title": "rmiller replied to Patrick Bradley's comment."
    },
    {
      "timestamp": 1605758550,
      "title": "rmiller commented on her own post.",
      "data": [
        {
          "comment": {
            "timestamp": 1584337891,
            "comment": "Child at culture reduce type perform. Arrive indeed although community peace second.\nEconomy take rock gun. Possible day sign picture.",
            "author": "rmiller",
            "group": "Jackson, Rodriguez and Howell"
          }
        }
      ]
    },
    {
      "timestamp": 1607165421,
      "title": "rmiller replied to Destiny Kim's comment.",
      "attachments": [
        {
          "data": [
            {
              "external_context": {
                "url": "https://www.fisher.org/"
              },
              "media": {
                "uri": "https://placeimg.com/538/11/any"
              }
            }
          ]
        }
      ]
    },
    {
      "timestamp": 1598584635,
      "title": "rmiller replied to James Taylor V's comment."
    },
    {
      "timestamp": 1583012419,
      "title": "rmiller replied to Fernando Harris's comment.",
      "data": [
        {
          "comment": {
            "timestamp": 1601990879,
            "comment": "Another decide single pattern about democratic require a. Price box film technology act.\nEnough serve hot community. Issue because positive morning tax key. Business family business husband.",
            "author": "rmiller",
            "group": "Oliver LLC"
          }
        }
      ]
    },
    {
      "timestamp": 1592835480,
      "title": "rmiller commented on her own post.",
      "attachments": [
        {
          "data": [
            {
              "external_context": {
                "url": "http://www.morris-thompson.info/"
              },
              "media": {
                "uri": "https://www.lorempixel.com/288/847"
              }
            }
          ]
        }
      ],
      "data": [
        {
          "comment": {
            "timestamp": 1581324393,
            "comment": "Possible baby sing more drug account benefit coach. Everybody cultural task travel with share. Also music pattern cultural.",
            "author": "rmiller",
            "group": "Young Ltd"
          }
        }
      ]
    },
    {
      "timestamp": 1586717839,
      "title": "rmiller commented on her own post.",
      "data": [
        {
          "comment": {
            "timestamp": 1580302731,
            "comment": "Plant particular soon save guess respond finish degree. Enjoy but fire recognize down.\nWhatever economic indicate help. Main church who ever. Road provide we really store million professional.",
            "author": "rmiller",
            "group": "Perry-Russo"
          }
        }
      ]
    },
    {
      "timestamp": 1596669577,
      "title": "rmiller commented on her own post.",
      "data": [
        {
          "comment": {
            "timestamp": 1585863699,
            "comment": "Upon now enough year live. Body huge wide four foot. Consider perhaps though discuss seek account commercial particular.",
            "author": "rmiller",
            "group": "Meadows, Johnson and Gray"
          }
        }
      ]
    },
    {
      "timestamp": 1606072034,
      "title": "rmiller commented on her own post."
    },
    {
      "timestamp": 1579008051,
      "title": "rmiller replied to Ellen Crosby's comment.",
      "data": [
        {
          "comment": {
            "timestamp": 1598461346,
            "comment": "White small cover girl law. Be year bill charge myself.\nFill piece deep approach animal nature.\nCase girl exist condition after model watch. President site use move school entire improve.",
            "author": "rmiller",
            "group": "Anderson-Webb"
          }
        }
      ]
    },
    {
      "timestamp": 1591880794,
      "title": "rmiller replied to Mr. Matthew Johnson's comment."
    },
    {
      "timestamp": 1579274565,
      "title": "rmiller replied to Dennis Cowan's comment."
    }
  ]
}