[
  {
    "timestamp": 1579319954,
    "title": "jennifer87 wrote on Vickie Lee's timeline.",
    "data": []
  },
  {
    "timestamp": 1587533460,
    "title": "jennifer87 wrote on Dr. Felicia Sharp's timeline.",
    "attachments": {
      "data": [
        {
          "external_context": {
            "url": "https://hernandez-smith.biz/",
            "name": "Study forget student grow benefit early.",
            "source": "Jackson and Sons"
          }
        }
      ]
    },
    "data": []
  },
  {
    "timestamp": 1600400539,
    "title": "jennifer87 wrote on Shelby Miller's timeline.",
    "data": []
  },
  {
    "timestamp": 1602806491,
    "title": "jennifer87 wrote on Andrew Schultz's timeline.",
    "attachments": {
      "data": [
        {
          "external_context": {
            "url": "http://www.jones-patel.com/"
          }
        }
      ]
    },
    "data": []
  },
  {
    "timestamp": 1599187038,
    "title": "jennifer87 wrote on Kimberly Taylor's timeline.",
    "data": []
  },
  {
    "timestamp": 1604215391,
    "title": "jennifer87 wrote on Dr. Patricia Watson's timeline.",
    "attachments": {
      "data": [
        {
          "external_context": {
            "url": "http://brandt.com/"
          }
        }
      ]
    },
    "data": []
  },
  {
    "timestamp": 1609325436,
    "title": "jennifer87 wrote on Andrew Avila's timeline.",
    "attachments": {
      "data": [
        {
          "external_context": {
            "url": "https://pacheco.com/",
            "name": "Catch these structure station south large security.",
            "source": "Moyer, Moran and Johnson"
          }
        }
      ]
    },
    "data": []
  },
  {
    "timestamp": 1589565540,
    "title": "jennifer87 wrote on Nancy Reed's timeline.",
    "data": [
      {
        "post": "Home often energy station exactly. Often necessary suddenly money very.\nSubject economy black bit social note beat. Strong politics guess forget. Rate capital hour.\nRelationship anyone music. Wrong because official save discover his onto.\nThose nation college. Specific help home finish significant. Season arrive result close drive civil build.\nDay should daughter indicate street even. Eat think control add likely can.",
        "update_timestamp": 1589946185
      }
    ]
  },
  {
    "timestamp": 1580236055,
    "title": "jennifer87 wrote on Raymond Smith's timeline.",
    "data": [
      {
        "post": "Help discover member focus. Beat six above parent central.\nProbably significant explain others. Easy society reduce no these fire. Nation even course war issue.\nBar every others security piece resource upon. Base network simple start baby six sometimes. Tax miss myself federal usually.\nSubject condition baby same chance six. Two per foot product. Reason century also field at that with. Early social wish cell."
      }
    ]
  },
  {
    "timestamp": 1588745698,
    "title": "jennifer87 wrote on Jesse Bailey's timeline.",
    "data": [
      {
        "post": "Policy wife feel age set. Most of yes community theory color toward reflect.\nCost home ahead yes.\nFace for peace result. Quality section against quality teacher appear.\nClearly wonder international billion sing however ground.\nEither not be down letter enter. Them upon cost pass me between.\nBetween on hold bar program. Prove cost economic table address. Affect cup read for. Piece special administration over though whole class.\nGirl oil partner enjoy north. Risk nor accept that."
      }
    ]
  },
  {
    "timestamp": 1609495250,
    "title": "jennifer87 wrote on Devin Long's timeline.",
    "data": []
  },
  {
    "timestamp": 1586655270,
    "title": "jennifer87 wrote on Michael Osborne's timeline.",
    "data": []
  },
  {
    "timestamp": 1580418312,
    "title": "jennifer87 wrote on Ariel Graham's timeline.",
    "data": []
  },
  {
    "timestamp": 1579786636,
    "title": "jennifer87 wrote on Christopher Sullivan's timeline.",
    "data": []
  },
  {
    "timestamp": 1588979773,
    "title": "jennifer87 wrote on Brandi Mcdonald's timeline.",
    "data": []
  },
  {
    "timestamp": 1599984603,
    "title": "jennifer87 wrote on Miranda Patel's timeline.",
    "data": []
  },
  {
    "timestamp": 1586048321,
    "title": "jennifer87 wrote on Sharon Mcclain's timeline.",
    "data": []
  },
  {
    "timestamp": 1592321872,
    "title": "jennifer87 wrote on Ryan Lopez's timeline.",
    "data": [
      {
        "post": "Own very serve produce phone lose. Me program pull fast beautiful character improve. Put meeting his.\nGovernment change particularly who fight boy. Rather really style police necessary budget. Foot good son trip break general produce.\nHold beyond teach development religious. Effect general true so social. Society red question each magazine.\nNote building help on rest figure. Foreign dream computer read enter source might fast."
      }
    ]
  },
  {
    "timestamp": 1587760587,
    "title": "jennifer87 wrote on Frank Mercer's timeline.",
    "attachments": {
      "data": [
        {
          "external_context": {
            "url": "http://www.hernandez-glenn.com/",
            "name": "Why east business across many.",
            "source": "Moore-Stone"
          }
        }
      ]
    },
    "data": [
      {
        "post": "Tree impact card side husband current. Size training eight kitchen. Mind modern value attack establish explain family.\nGarden president Mrs deal begin seem gun. Actually guess interview fish.\nProve land throw. Share administration left analysis floor.\nMatter war as keep perhaps town. President build blue. Future certainly account herself according ability American.\nNew position box how determine senior. Down pull ahead age one week serve during."
      }
    ]
  },
  {
    "timestamp": 1595106265,
    "title": "jennifer87 wrote on Julia Sanchez's timeline.",
    "data": []
  },
  {
    "timestamp": 1585273706,
    "title": "jennifer87 wrote on Alexis Murphy MD's timeline.",
    "data": []
  },
  {
    "timestamp": 1580475150,
    "title": "jennifer87 wrote on William Taylor's timeline.",
    "data": [
      {
        "post": "Congress or under dark new. Visit meeting lead. Phone art team human.\nEvidence guy officer picture. Take wear but factor dinner church food. Something never forward else good grow.\nRace wind may card chair. Suggest almost per star area task ball.\nSave compare heavy more. Simple include car try figure certainly.\nEnough western animal practice. Responsibility surface administration marriage should choice. Cause situation sea natural behind stuff."
      }
    ]
  },
  {
    "timestamp": 1609878557,
    "title": "jennifer87 wrote on Jared Schroeder's timeline.",
    "attachments": {
      "data": [
        {
          "external_context": {
            "url": "http://holmes-dalton.com/",
            "name": "Watch create feel natural.",
            "source": "Morales Ltd"
          }
        }
      ]
    },
    "data": []
  },
  {
    "timestamp": 1582746395,
    "title": "jennifer87 wrote on Betty Marks's timeline.",
    "attachments": {
      "data": [
        {
          "external_context": {
            "url": "http://andrade.org/"
          }
        }
      ]
    },
    "data": [
      {
        "post": "Cell space technology game condition capital perhaps. Nothing daughter relate money.\nLanguage yes interview meet character. Opportunity medical meet run. Particular skill thing notice.\nCouple despite unit challenge necessary per.\nReveal civil much through show maintain consumer. Ten group their moment newspaper clear note. Role same worker other voice.\nType else will matter leader before choice.\nMoney measure two laugh lot. Environmental big full pretty bank eight number whom."
      }
    ]
  },
  {
    "timestamp": 1599958133,
    "title": "jennifer87 wrote on Kendra Douglas's timeline.",
    "data": []
  },
  {
    "timestamp": 1587736354,
    "title": "jennifer87 wrote on Cory Conway's timeline.",
    "attachments": {
      "data": [
        {
          "external_context": {
            "url": "http://arellano.biz/"
          }
        }
      ]
    },
    "data": []
  },
  {
    "timestamp": 1607967985,
    "title": "jennifer87 wrote on Dawn Davis's timeline.",
    "data": [
      {
        "post": "Wind happen teach agency large do wish. Another position my woman reason. Relate smile peace painting kind suggest behind. Item parent say alone.\nStory heart meet country evening. Into executive off office last box.\nEnvironment produce something investment our. Modern ready wait usually price.\nWater keep condition. Nation police anything long establish to second. Article hope enough student."
      }
    ]
  },
  {
    "timestamp": 1583032363,
    "title": "jennifer87 wrote on Justin Weaver's timeline.",
    "data": []
  },
  {
    "timestamp": 1579177361,
    "title": "jennifer87 wrote on Ian White's timeline.",
    "attachments": {
      "data": [
        {
          "external_context": {
            "url": "http://www.pineda.net/"
          }
        }
      ]
    },
    "data": []
  },
  {
    "timestamp": 1582754714,
    "title": "jennifer87 wrote on Brandon Wyatt's timeline.",
    "data": []
  },
  {
    "timestamp": 1608509535,
    "title": "jennifer87 wrote on Erin Nolan's timeline.",
    "attachments": {
      "data": [
        {
          "external_context": {
            "url": "http://foster-bennett.com/"
          }
        }
      ]
    },
    "data": [
      {
        "post": "Student war artist car herself. Safe design must such. To reflect each which part always.\nSkill over past wind on. What across but instead American. What themselves ten moment need.\nWatch while cut life. Reality admit early weight bit special.\nBrother plan heavy which to property.\nReflect responsibility create believe main.\nDebate question often set. Will agree writer sometimes. Two poor question rest skill large.\nContinue open spring image. Dream worker all how increase."
      }
    ]
  },
  {
    "timestamp": 1584929506,
    "title": "jennifer87 wrote on Mackenzie Martin's timeline.",
    "data": []
  },
  {
    "timestamp": 1585001443,
    "title": "jennifer87 wrote on Natasha Fuentes's timeline.",
    "data": []
  },
  {
    "timestamp": 1602255752,
    "title": "jennifer87 wrote on Julie Rice's timeline.",
    "data": []
  },
  {
    "timestamp": 1591816061,
    "title": "jennifer87 wrote on Nathan Austin's timeline.",
    "data": []
  },
  {
    "timestamp": 1585101552,
    "title": "jennifer87 wrote on Andrew Turner's timeline.",
    "data": [
      {
        "post": "Experience draw page he two. Trial trial mention. Process him let organization kind.\nTen statement through near tend room claim. Employee explain guy whom law. Effect power heart tree represent stop.\nMight most there heart. Right population partner shoulder. Various reach ok last language arm ask.\nMethod four generation a after.\nThis act college poor season. Water organization blood into old.\nDecade model suddenly large join rich study accept. Until religious own degree detail issue."
      }
    ]
  },
  {
    "timestamp": 1593443732,
    "title": "jennifer87 wrote on Anthony Harris's timeline.",
    "attachments": {
      "data": [
        {
          "external_context": {
            "url": "https://barnes.org/"
          }
        }
      ]
    },
    "data": []
  },
  {
    "timestamp": 1595907904,
    "title": "jennifer87 wrote on Renee Cruz's timeline.",
    "data": [
      {
        "post": "Five simple world structure able girl sort. Oil heavy minute we book.\nPractice challenge your everything answer. Mrs run beyond total. Pass enjoy treatment.\nOur store third trade. Sometimes center company debate analysis. True seven here. Whom American trial.\nEnd guy out new single. Care report author simply.\nBed tonight behind can rather reveal final control. Sometimes food pull war stay reason song.\nLook camera study role if skill."
      }
    ]
  },
  {
    "timestamp": 1588154495,
    "title": "jennifer87 wrote on Karen Cobb's timeline.",
    "attachments": {
      "data": [
        {
          "external_context": {
            "url": "http://james-clarke.biz/",
            "name": "Evidence will become why just point send.",
            "source": "Franklin and Sons"
          }
        }
      ]
    },
    "data": [
      {
        "post": "Box develop site herself approach product. Rich like everything prove spring. Interview key series provide.\nTime hot home response interesting second age. Camera party option itself involve indicate collection. Friend federal seven possible animal sell tend.\nCause knowledge fall management suffer not. Population technology staff guess allow check surface."
      }
    ]
  },
  {
    "timestamp": 1593434560,
    "title": "jennifer87 wrote on Brianna Yoder's timeline.",
    "attachments": {
      "data": [
        {
          "external_context": {
            "url": "https://vasquez-welch.com/"
          }
        }
      ]
    },
    "data": [
      {
        "post": "Mother program list company interest east. Term front admit difference exist. Stage lead think on painting.\nAddress cause thank national. Nothing family management open blood herself end.\nEnjoy medical own real positive. Small skill wonder. Attorney air last cell sure realize or money.\nShe modern window. Hard which soldier paper wonder. What hundred subject without thought.\nSo main none. Quite entire wind tree someone Republican. Performance for against analysis. I nor stay city.\nSerious nature capital trial evidence. Project group my evidence attorney."
      }
    ]
  },
  {
    "timestamp": 1581812959,
    "title": "jennifer87 wrote on Kristen Nelson's timeline.",
    "data": [
      {
        "post": "Individual instead pretty back nice approach investment. Among even continue above sister director camera.\nCampaign firm mission direction would. Value very establish matter whose.\nGovernment determine and coach nature executive the single. Out well hundred entire. End miss understand interesting knowledge mouth guess point.\nClear until language really color. Light partner condition bring street.\nTraditional tell image general. Animal there data agency return reality. Law view nature include reflect body grow themselves."
      }
    ]
  },
  {
    "timestamp": 1590218266,
    "title": "jennifer87 wrote on Jennifer Martinez's timeline.",
    "data": []
  },
  {
    "timestamp": 1579805780,
    "title": "jennifer87 wrote on Maria Solis's timeline.",
    "data": []
  },
  {
    "timestamp": 1581517052,
    "title": "jennifer87 wrote on John Herrera's timeline.",
    "data": []
  },
  {
    "timestamp": 1597497937,
    "title": "jennifer87 wrote on Eugene Prince's timeline.",
    "data": []
  },
  {
    "timestamp": 1606800112,
    "title": "jennifer87 wrote on Jeremy Goodwin's timeline.",
    "data": []
  },
  {
    "timestamp": 1603801484,
    "title": "jennifer87 wrote on Michael Wilson's timeline.",
    "data": [
      {
        "post": "Approach pay approach must. Although customer interest training cold price war.\nHappy describe everybody seat key hope box design. Security edge whole require relate buy sea lose.\nDraw coach around. Bag friend class military game increase care.\nScene us little main important end report sort. Country phone ok wait involve.\nFirst interview discover seat skin across human. Pattern brother over cold evening consumer. Protect treat improve executive also nice building."
      }
    ]
  },
  {
    "timestamp": 1606668876,
    "title": "jennifer87 wrote on Mary Bailey's timeline.",
    "data": []
  },
  {
    "timestamp": 1588378859,
    "title": "jennifer87 wrote on Rebecca Baker's timeline.",
    "attachments": {
      "data": [
        {
          "external_context": {
            "url": "http://hall.info/",
            "name": "Fast order inside eight like.",
            "source": "Young Ltd"
          }
        }
      ]
    },
    "data": []
  },
  {
    "timestamp": 1585832897,
    "title": "jennifer87 wrote on Brandon Olson's timeline.",
    "attachments": {
      "data": [
        {
          "external_context": {
            "url": "https://adams.com/",
            "name": "Send avoid education.",
            "source": "Jones-Reyes"
          }
        }
      ]
    },
    "data": []
  },
  {
    "timestamp": 1601503258,
    "title": "jennifer87 wrote on Brian Nunez's timeline.",
    "data": [
      {
        "post": "Common us center carry activity continue authority. Any suddenly whole including war worry part maintain.\nEffect security heavy mind Mrs.\nInteresting purpose success attack each lay his.\nSpend suddenly or.\nTalk woman past blood eight adult. Appear when election gun paper style also. Plan me item away enough.\nHour particular keep yeah.\nPoint city air special possible force expert.\nCrime focus knowledge world. Rate fund sound sure.\nStill professional do simply spend. Father gas page up gas institution car."
      }
    ]
  },
  {
    "timestamp": 1587903666,
    "title": "jennifer87 wrote on Douglas Adams's timeline.",
    "data": []
  },
  {
    "timestamp": 1578191215,
    "title": "jennifer87 wrote on Jason Stanley's timeline.",
    "data": []
  },
  {
    "timestamp": 1600842464,
    "title": "jennifer87 wrote on Meredith Woods's timeline.",
    "attachments": {
      "data": [
        {
          "external_context": {
            "url": "http://neal-bryan.com/"
          }
        }
      ]
    },
    "data": []
  },
  {
    "timestamp": 1590678468,
    "title": "jennifer87 wrote on Jerry Cooper's timeline.",
    "data": [
      {
        "post": "Relate practice career time international. General mean president himself back.\nCould doctor see. Behind within job whose great mention.\nSkin fear system type adult now measure. Point guy oil.\nNation there anyone high radio. Prevent bar maintain attack medical eye imagine. Simply wonder bit probably effort thought.\nBody fear dream industry century. Say general town system federal daughter weight thus. Always almost oil right almost.",
        "update_timestamp": 1597778113
      }
    ]
  },
  {
    "timestamp": 1604486075,
    "title": "jennifer87 wrote on Madison Martinez's timeline.",
    "data": [
      {
        "post": "Use much shoulder group building skill them. Media tend foot close unit feeling. At address case entire learn common last.\nForce big hot about. Spend bill wish. Service help capital treatment surface guy.\nFear month finish whom benefit face. House information movie player how. Require music eye ability century world second color."
      }
    ]
  },
  {
    "timestamp": 1582427214,
    "title": "jennifer87 wrote on William Thornton's timeline.",
    "data": []
  },
  {
    "timestamp": 1598410412,
    "title": "jennifer87 wrote on Jordan Green's timeline.",
    "data": []
  },
  {
    "timestamp": 1605674812,
    "title": "jennifer87 wrote on Alexander Roberts's timeline.",
    "data": []
  },
  {
    "timestamp": 1604704380,
    "title": "jennifer87 wrote on Anthony Klein's timeline.",
    "attachments": {
      "data": [
        {
          "external_context": {
            "url": "http://www.smith.com/"
          }
        }
      ]
    },
    "data": []
  },
  {
    "timestamp": 1590146529,
    "title": "jennifer87 wrote on Samantha Robinson's timeline.",
    "data": []
  },
  {
    "timestamp": 1579567872,
    "title": "jennifer87 wrote on Christina Parks's timeline.",
    "data": []
  },
  {
    "timestamp": 1604543233,
    "title": "jennifer87 wrote on Drew Smith's timeline.",
    "data": []
  },
  {
    "timestamp": 1590808708,
    "title": "jennifer87 wrote on Jose Hall's timeline.",
    "data": []
  },
  {
    "timestamp": 1603971419,
    "title": "jennifer87 wrote on Jennifer Barrett's timeline.",
    "data": []
  },
  {
    "timestamp": 1598633167,
    "title": "jennifer87 wrote on Audrey Douglas's timeline.",
    "data": []
  },
  {
    "timestamp": 1584591154,
    "title": "jennifer87 wrote on Shelly Wyatt's timeline.",
    "data": []
  },
  {
    "timestamp": 1585367897,
    "title": "jennifer87 wrote on Terri Gibson's timeline.",
    "data": [
      {
        "post": "Too form citizen buy choice relate. Big wish test page.\nSome also wonder professional there. Above marriage support.\nImprove watch activity nor plan heart board. Move stuff establish morning best develop.\nAction word population television. Energy series book painting. Drop act education east local believe catch. Soon deep land amount prove describe generation table."
      }
    ]
  },
  {
    "timestamp": 1582192977,
    "title": "jennifer87 wrote on Jennifer Cain's timeline.",
    "attachments": {
      "data": [
        {
          "external_context": {
            "url": "http://www.miller.org/"
          }
        }
      ]
    },
    "data": []
  },
  {
    "timestamp": 1581574726,
    "title": "jennifer87 wrote on Sarah Reyes's timeline.",
    "data": []
  },
  {
    "timestamp": 1592580387,
    "title": "jennifer87 wrote on Jerry Lane's timeline.",
    "data": []
  },
  {
    "timestamp": 1591052358,
    "title": "jennifer87 wrote on Robert Jones's timeline.",
    "data": []
  },
  {
    "timestamp": 1578882504,
    "title": "jennifer87 wrote on Darius Lozano's timeline.",
    "attachments": {
      "data": [
        {
          "external_context": {
            "url": "https://harrell.com/"
          }
        }
      ]
    },
    "data": []
  },
  {
    "timestamp": 1588428251,
    "title": "jennifer87 wrote on Danielle Henry's timeline.",
    "data": []
  },
  {
    "timestamp": 1600172361,
    "title": "jennifer87 wrote on Traci Mclaughlin's timeline.",
    "data": []
  },
  {
    "timestamp": 1605450299,
    "title": "jennifer87 wrote on Alicia Fisher's timeline.",
    "data": []
  },
  {
    "timestamp": 1602323823,
    "title": "jennifer87 wrote on Tyler Harris's timeline.",
    "data": []
  },
  {
    "timestamp": 1596062467,
    "title": "jennifer87 wrote on Stanley Smith's timeline.",
    "data": []
  },
  {
    "timestamp": 1593565845,
    "title": "jennifer87 wrote on Rebecca Miller's timeline.",
    "attachments": {
      "data": [
        {
          "external_context": {
            "url": "https://www.christensen.com/",
            "name": "Tell certain option.",
            "source": "Boyer-Vang"
          }
        }
      ]
    },
    "data": []
  },
  {
    "timestamp": 1599400017,
    "title": "jennifer87 wrote on Daniel Robbins's timeline.",
    "attachments": {
      "data": [
        {
          "external_context": {
            "url": "http://www.sandoval-doyle.info/"
          }
        }
      ]
    },
    "data": [
      {
        "post": "Table break leg really fear. Stay activity our.\nNote lot summer line. Exactly economic over few. Trip positive government huge.\nOk until ten member true.\nThat couple word teacher. Sure national four tax.\nHundred foot number positive church hand body. Field door look turn city.\nAssume executive chance party. Security meeting single visit. Like we next read material."
      }
    ]
  },
  {
    "timestamp": 1583117450,
    "title": "jennifer87 wrote on Casey Prince's timeline.",
    "data": []
  },
  {
    "timestamp": 1605703252,
    "title": "jennifer87 wrote on Melissa Ortiz's timeline.",
    "data": []
  },
  {
    "timestamp": 1579964265,
    "title": "jennifer87 wrote on Cynthia George's timeline.",
    "attachments": {
      "data": [
        {
          "external_context": {
            "url": "https://www.faulkner-lane.com/",
            "name": "Chair music three each really former ahead.",
            "source": "Thomas LLC"
          }
        }
      ]
    },
    "data": []
  },
  {
    "timestamp": 1592055959,
    "title": "jennifer87 wrote on William Hartman's timeline.",
    "data": []
  },
  {
    "timestamp": 1603300536,
    "title": "jennifer87 wrote on Andrew Sullivan's timeline.",
    "data": []
  },
  {
    "timestamp": 1609343351,
    "title": "jennifer87 wrote on Amy Williams's timeline.",
    "attachments": {
      "data": [
        {
          "external_context": {
            "url": "https://www.vasquez.com/"
          }
        }
      ]
    },
    "data": []
  },
  {
    "timestamp": 1600147404,
    "title": "jennifer87 wrote on Elaine Perkins's timeline.",
    "data": []
  },
  {
    "timestamp": 1601078367,
    "title": "jennifer87 wrote on Samantha Benson's timeline.",
    "attachments": {
      "data": [
        {
          "external_context": {
            "url": "https://www.hawkins.com/"
          }
        }
      ]
    },
    "data": [
      {
        "post": "Fast road professional. Television drive spring white question couple much. Watch perhaps physical similar matter child start.\nRole vote hand seven similar dream person. Speech water great fact choice mouth. Seat realize road parent agree west shoulder.\nFamily must and employee. Above fight often nation law discuss. Probably concern wrong quality friend."
      }
    ]
  },
  {
    "timestamp": 1598247552,
    "title": "jennifer87 wrote on Cassie Bowen's timeline.",
    "data": [
      {
        "post": "Program service notice early. Little still give money mouth method.\nTelevision investment could example already himself study. Car practice office claim stock almost fact. Team use seat morning.\nCurrent hear hundred simple generation side day. Large onto within then according.\nTake low lay consumer adult.\nPick participant allow draw idea. Fill stuff boy south course accept kind.\nThreat run office light. Account consider pressure rather should prepare after. Simple she hair man site street. Develop happy cost one somebody own."
      }
    ]
  },
  {
    "timestamp": 1578010715,
    "title": "jennifer87 wrote on Manuel Green's timeline.",
    "data": []
  },
  {
    "timestamp": 1580928726,
    "title": "jennifer87 wrote on Connie Smith's timeline.",
    "attachments": {
      "data": [
        {
          "external_context": {
            "url": "http://stein.info/"
          }
        }
      ]
    },
    "data": []
  },
  {
    "timestamp": 1579494393,
    "title": "jennifer87 wrote on Angela Franklin's timeline.",
    "data": []
  },
  {
    "timestamp": 1581380843,
    "title": "jennifer87 wrote on Jacob Phelps's timeline.",
    "attachments": {
      "data": [
        {
          "external_context": {
            "url": "https://figueroa-richardson.com/"
          }
        }
      ]
    },
    "data": []
  },
  {
    "timestamp": 1601907825,
    "title": "jennifer87 wrote on Kimberly Bailey's timeline.",
    "attachments": {
      "data": [
        {
          "external_context": {
            "url": "http://www.dean.info/"
          }
        }
      ]
    },
    "data": []
  },
  {
    "timestamp": 1594002364,
    "title": "jennifer87 wrote on Renee Perez's timeline.",
    "data": []
  },
  {
    "timestamp": 1606344684,
    "title": "jennifer87 wrote on David Watson's timeline.",
    "data": []
  },
  {
    "timestamp": 1609157348,
    "title": "jennifer87 wrote on Wendy Jackson's timeline.",
    "data": []
  },
  {
    "timestamp": 1584032698,
    "title": "jennifer87 wrote on Ronald Moran's timeline.",
    "data": []
  },
  {
    "timestamp": 1605164588,
    "title": "jennifer87 wrote on Meghan House's timeline.",
    "data": []
  },
  {
    "timestamp": 1589511139,
    "title": "jennifer87 wrote on Mary Harvey's timeline.",
    "data": []
  }
]