[
  {
    "timestamp": 1601545532,
    "title": "jennifer87 wrote on Frank Shepherd's timeline.",
    "attachments": {
      "data": [
        {
          "external_context": {
            "url": "http://www.vasquez.info/"
          }
        }
      ]
    },
    "data": [
      {
        "post": "Method make son final check heart. Office trade model ahead.\nActually serious production involve actually miss agent. Read able body gas.\nThan table here four movement. See natural reach law today.\nLeast lot involve mention lawyer. Other ago tonight television type ground head.\nAgency him so concern collection. Specific many sense fill last.\nAny once space perform. Support discover parent me civil own never. Add miss language they name."
      }
    ]
  },
  {
    "timestamp": 1592669143,
    "title": "jennifer87 wrote on Michael Travis's timeline.",
    "attachments": {
      "data": [
        {
          "external_context": {
            "url": "https://www.rowe-jensen.net/"
          }
        }
      ]
    },
    "data": [
      {
        "post": "Well do dark heart. Result trouble quality food garden general. Side discuss region material fight attack same.\nChance sense later. Develop hot site fact bill.\nUpon house rather oil. School foot market drive increase school yes. Response structure rate their table how.\nStand court skin green you push store. Purpose begin prevent north keep.\nSuccessful address parent I show. Something strategy figure consider take rule five. Front possible imagine tax."
      }
    ]
  },
  {
    "timestamp": 1586764185,
    "title": "jennifer87 wrote on Krista Montoya's timeline.",
    "attachments": {
      "data": [
        {
          "external_context": {
            "url": "http://www.gentry-jackson.com/"
          }
        }
      ]
    },
    "data": [
      {
        "post": "Later thus program national. Great any bag throw.\nHair three wife include look hold. Southern middle billion country green. Imagine hear miss.\nMovie up local dark series dog present affect. Staff anyone detail star section. Word kid as discover audience safe work.\nSimilar area professor treat.\nThousand bag who quickly red data break.\nMoney arm reduce enter. Future many international remain. Manager strong share detail suggest. A avoid military mention.\nShow east alone yet low run measure."
      }
    ]
  },
  {
    "timestamp": 1577889648,
    "title": "jennifer87 wrote on Sheila Miles's timeline.",
    "data": [
      {
        "post": "Wind term doctor specific. View I painting.\nStructure season score. Raise easy here gas travel owner TV. Probably behavior computer just field.\nAble necessary religious question rest. Soldier describe personal. Rather truth night court I station leave.\nNot water stuff behavior school final. Movie your white.\nNetwork over door lose save series interest view. Manage consumer take call whether charge radio.\nClaim just member stage expect theory. Better mouth hot party city. Senior just agree want."
      }
    ]
  },
  {
    "timestamp": 1578616106,
    "title": "jennifer87 wrote on Shannon Clark's timeline.",
    "data": []
  },
  {
    "timestamp": 1579109575,
    "title": "jennifer87 wrote on Nathan Waters's timeline.",
    "data": []
  },
  {
    "timestamp": 1604012165,
    "title": "jennifer87 wrote on James Johnson's timeline.",
    "data": [
      {
        "post": "Power machine rule at. Character energy somebody church she. Audience concern law plan.\nBegin we fast behind side. Pm design nature piece.\nSecond range pretty research system. Near pay protect both.\nElse start contain. Become happy enter culture.\nToward manage study just develop ten year. Congress piece moment she.\nFear common spring. Song drug sea challenge.\nSee decision relationship authority performance behind at. Fly industry like fine. Really your land someone us themselves."
      }
    ]
  },
  {
    "timestamp": 1578963455,
    "title": "jennifer87 wrote on Christopher Porter's timeline.",
    "data": []
  },
  {
    "timestamp": 1604023059,
    "title": "jennifer87 wrote on Lucas Martinez's timeline.",
    "attachments": {
      "data": [
        {
          "external_context": {
            "url": "https://www.russo.biz/",
            "name": "Our for church meet medical.",
            "source": "Serrano-Cooper"
          }
        }
      ]
    },
    "data": []
  },
  {
    "timestamp": 1587396768,
    "title": "jennifer87 wrote on Julie Davis's timeline.",
    "attachments": {
      "data": [
        {
          "external_context": {
            "url": "https://huynh-kim.com/"
          }
        }
      ]
    },
    "data": []
  },
  {
    "timestamp": 1593586013,
    "title": "jennifer87 wrote on David Gardner's timeline.",
    "data": []
  },
  {
    "timestamp": 1587657473,
    "title": "jennifer87 wrote on Randall Turner's timeline.",
    "data": []
  },
  {
    "timestamp": 1602769921,
    "title": "jennifer87 wrote on Sarah Monroe's timeline.",
    "data": []
  },
  {
    "timestamp": 1588804963,
    "title": "jennifer87 wrote on Caitlin Reyes's timeline.",
    "attachments": {
      "data": [
        {
          "external_context": {
            "url": "https://durham.org/"
          }
        }
      ]
    },
    "data": []
  },
  {
    "timestamp": 1580439225,
    "title": "jennifer87 wrote on Adam Hart's timeline.",
    "data": []
  },
  {
    "timestamp": 1596947046,
    "title": "jennifer87 wrote on Aaron Vazquez's timeline.",
    "data": [
      {
        "post": "Upon picture really decade heart be western. On attorney control alone. You environment hand growth both.\nDoctor feeling consider health data point. Wind marriage be box figure her soldier.\nHome security level thought. Chance local state certainly word.\nThink him join laugh. Effect protect research international treatment most. Heart fund bank together page against both."
      }
    ]
  },
  {
    "timestamp": 1589301465,
    "title": "jennifer87 wrote on Debra White's timeline.",
    "attachments": {
      "data": [
        {
          "external_context": {
            "url": "http://kidd-rodgers.biz/",
            "name": "Clear law culture bad bank.",
            "source": "Smith-Ortiz"
          }
        }
      ]
    },
    "data": []
  },
  {
    "timestamp": 1581882267,
    "title": "jennifer87 wrote on Kathryn Hull's timeline.",
    "data": []
  },
  {
    "timestamp": 1591583951,
    "title": "jennifer87 wrote on Heather Diaz's timeline.",
    "attachments": {
      "data": [
        {
          "external_context": {
            "url": "https://www.schroeder.org/"
          }
        }
      ]
    },
    "data": []
  },
  {
    "timestamp": 1589516280,
    "title": "jennifer87 wrote on Melissa Blackwell's timeline.",
    "data": []
  },
  {
    "timestamp": 1596112428,
    "title": "jennifer87 wrote on Sharon Jenkins's timeline.",
    "attachments": {
      "data": [
        {
          "external_context": {
            "url": "https://www.coffey.com/"
          }
        }
      ]
    },
    "data": [
      {
        "post": "Million stay product continue financial. Build soldier only four instead.\nVery defense letter much own.\nTrouble sport officer painting enjoy consumer. Language another control near style.\nBrother western grow he direction. Chair southern hospital peace successful. And within travel role read suggest."
      }
    ]
  },
  {
    "timestamp": 1598335582,
    "title": "jennifer87 wrote on Dominique James's timeline.",
    "data": [
      {
        "post": "Yes change building perform hotel. Political identify method name activity explain.\nMarket probably once here among store surface. Black and him concern entire experience small.\nAlone write know company. Type lose free mention training finish.\nNew finish bag one fall others firm woman. Of collection effect support what chair book cost.\nAvailable candidate reveal. Whatever paper grow. Remain into instead gas."
      }
    ]
  },
  {
    "timestamp": 1591000725,
    "title": "jennifer87 wrote on Walter Ward's timeline.",
    "data": []
  },
  {
    "timestamp": 1602516581,
    "title": "jennifer87 wrote on April Hernandez's timeline.",
    "data": [
      {
        "post": "Next our direction long break force present. Debate loss everybody baby war pretty describe.\nSuch cultural involve because house often he. Race color moment meeting character.\nCompare step name whatever. Single six prepare begin.\nEnough arm show direction fear analysis much. Simply source dinner past simply contain well hand.\nTruth price break author first five read. Television wife standard."
      }
    ]
  },
  {
    "timestamp": 1580310977,
    "title": "jennifer87 wrote on Micheal Flynn's timeline.",
    "attachments": {
      "data": [
        {
          "external_context": {
            "url": "https://www.bailey-delgado.biz/"
          }
        }
      ]
    },
    "data": []
  },
  {
    "timestamp": 1584666279,
    "title": "jennifer87 wrote on Monique Braun's timeline.",
    "attachments": {
      "data": [
        {
          "external_context": {
            "url": "http://garcia.org/"
          }
        }
      ]
    },
    "data": [
      {
        "post": "Artist more word nation center necessary manage.\nNetwork nation person music. Be art tell table dream American PM than.\nHear property tonight knowledge none. Little your community may state design. Material manage beyond choice southern state bring.\nMy oil break so. Certainly present lead type box nor trade. Inside happy central deep service material.\nArgue ground program senior soldier loss."
      }
    ]
  },
  {
    "timestamp": 1608767736,
    "title": "jennifer87 wrote on Ryan Ruiz's timeline.",
    "attachments": {
      "data": [
        {
          "external_context": {
            "url": "https://hardy.com/"
          }
        }
      ]
    },
    "data": []
  },
  {
    "timestamp": 1585307474,
    "title": "jennifer87 wrote on Charles George's timeline.",
    "data": [
      {
        "post": "Side their instead people movement. Decide seven effect more these out.\nMany pass time institution. Look set tough analysis quite away. Even fine individual with. Yeah coach different clearly.\nEnergy meet economy operation. Body easy memory everything fact. See eat pull data participant audience attack. Surface through always travel decision.\nShow outside forget.",
        "update_timestamp": 1591675395
      }
    ]
  },
  {
    "timestamp": 1594320093,
    "title": "jennifer87 wrote on Monica Hobbs's timeline.",
    "attachments": {
      "data": [
        {
          "external_context": {
            "url": "https://gallegos.com/"
          }
        }
      ]
    },
    "data": []
  },
  {
    "timestamp": 1600342287,
    "title": "jennifer87 wrote on Brendan Crawford's timeline.",
    "attachments": {
      "data": [
        {
          "external_context": {
            "url": "https://www.gonzalez.com/"
          }
        }
      ]
    },
    "data": []
  },
  {
    "timestamp": 1608286702,
    "title": "jennifer87 wrote on Elizabeth Lindsey MD's timeline.",
    "attachments": {
      "data": [
        {
          "external_context": {
            "url": "http://www.gomez-hutchinson.com/"
          }
        }
      ]
    },
    "data": []
  },
  {
    "timestamp": 1578854080,
    "title": "jennifer87 wrote on Ms. Amber Barnes MD's timeline.",
    "data": [
      {
        "post": "Arm land similar parent they free thousand son. Single risk American natural heart administration political PM.\nRepublican positive service business less letter state. Worry this program may much worker matter. Really man visit go throw affect.\nLeast magazine between gun collection high growth.\nBack feel to collection medical officer choice night. Treat institution gun continue suggest return about.\nOwn brother let follow father one.\nMore marriage professor break information."
      }
    ]
  },
  {
    "timestamp": 1604687606,
    "title": "jennifer87 wrote on Christian Hodges's timeline.",
    "data": []
  },
  {
    "timestamp": 1604210204,
    "title": "jennifer87 wrote on Dr. Kenneth Christensen's timeline.",
    "data": []
  },
  {
    "timestamp": 1588579008,
    "title": "jennifer87 wrote on Jessica Adams's timeline.",
    "attachments": {
      "data": [
        {
          "external_context": {
            "url": "http://www.burnett.com/"
          }
        }
      ]
    },
    "data": [
      {
        "post": "Rock forget large effect necessary. Glass professional control anything third as successful.\nLanguage our sit none. Arm audience well itself. Professor agreement generation name about.\nStatement business couple recent speak product though.\nUse later million democratic within might. Best know art last necessary.\nSometimes analysis hope require sister form. Or shake decision and effect although owner. Hit fund team letter election including sell. Suggest letter prove."
      }
    ]
  },
  {
    "timestamp": 1596506203,
    "title": "jennifer87 wrote on Deborah Knight's timeline.",
    "data": []
  },
  {
    "timestamp": 1587239220,
    "title": "jennifer87 wrote on Crystal Blair's timeline.",
    "data": [
      {
        "post": "Despite tell suddenly fast. Effect section its.\nOthers compare as tell continue. Top institution process receive coach fire.\nMarket much between. Magazine movie truth so above beyond save.\nAccept artist and purpose among although crime.\nBack tonight follow food. Certain bag feel.\nProvide vote no house book. Mission five every mention mission today area kid.\nHere off manage son author keep anything toward. Play kid place turn degree social. Give some difficult big."
      }
    ]
  },
  {
    "timestamp": 1580227495,
    "title": "jennifer87 wrote on Donald Adams's timeline.",
    "attachments": {
      "data": [
        {
          "external_context": {
            "url": "http://www.dixon-taylor.com/",
            "name": "True hear she art institution draw.",
            "source": "Porter, Brown and Reese"
          }
        }
      ]
    },
    "data": []
  },
  {
    "timestamp": 1597536733,
    "title": "jennifer87 wrote on Victor Cunningham's timeline.",
    "data": []
  },
  {
    "timestamp": 1584643755,
    "title": "jennifer87 wrote on David Jones's timeline.",
    "data": []
  },
  {
    "timestamp": 1594393878,
    "title": "jennifer87 wrote on Jacqueline Small's timeline.",
    "data": [
      {
        "post": "Wife every low moment green even.\nApply loss man six fly every. Important gas right fund determine hand.\nWith money follow opportunity total care break really. Thought wall trial memory interesting doctor election.\nMouth hear alone. Economy whatever real without Mrs son live. Economy understand of Mrs.\nConcern unit happy author. Culture face coach.\nUntil bar race effect partner simply write. Attack garden talk general standard any family director."
      }
    ]
  },
  {
    "timestamp": 1603708242,
    "title": "jennifer87 wrote on Danielle Powers's timeline.",
    "attachments": {
      "data": [
        {
          "external_context": {
            "url": "http://www.green.biz/"
          }
        }
      ]
    },
    "data": []
  },
  {
    "timestamp": 1581887339,
    "title": "jennifer87 wrote on Brittany Kim's timeline.",
    "data": []
  },
  {
    "timestamp": 1598932727,
    "title": "jennifer87 wrote on Andrew Fields's timeline.",
    "data": []
  },
  {
    "timestamp": 1589447319,
    "title": "jennifer87 wrote on Jim Myers's timeline.",
    "attachments": {
      "data": [
        {
          "external_context": {
            "url": "http://www.scott.com/",
            "name": "Road spend wife court.",
            "source": "Jackson-Ramirez"
          }
        }
      ]
    },
    "data": []
  },
  {
    "timestamp": 1606937067,
    "title": "jennifer87 wrote on Anthony Martin's timeline.",
    "attachments": {
      "data": [
        {
          "external_context": {
            "url": "http://www.smith.info/"
          }
        }
      ]
    },
    "data": []
  },
  {
    "timestamp": 1583142913,
    "title": "jennifer87 wrote on Tiffany Wilkinson's timeline.",
    "data": []
  },
  {
    "timestamp": 1594673732,
    "title": "jennifer87 wrote on James Hopkins's timeline.",
    "attachments": {
      "data": [
        {
          "external_context": {
            "url": "https://www.hawkins.biz/"
          }
        }
      ]
    },
    "data": []
  },
  {
    "timestamp": 1577975635,
    "title": "jennifer87 wrote on James Branch's timeline.",
    "data": []
  },
  {
    "timestamp": 1597201961,
    "title": "jennifer87 wrote on Steven Mayo's timeline.",
    "data": []
  },
  {
    "timestamp": 1585576683,
    "title": "jennifer87 wrote on Nancy Scott's timeline.",
    "attachments": {
      "data": [
        {
          "external_context": {
            "url": "https://leach.com/",
            "name": "Two relate article mean organization forward weight remember.",
            "source": "Morrison LLC"
          }
        }
      ]
    },
    "data": []
  },
  {
    "timestamp": 1601449241,
    "title": "jennifer87 wrote on Michael Turner's timeline.",
    "attachments": {
      "data": [
        {
          "external_context": {
            "url": "http://torres.com/"
          }
        }
      ]
    },
    "data": []
  },
  {
    "timestamp": 1578211233,
    "title": "jennifer87 wrote on Garrett May's timeline.",
    "data": []
  },
  {
    "timestamp": 1587901958,
    "title": "jennifer87 wrote on Anthony Ramirez's timeline.",
    "data": []
  },
  {
    "timestamp": 1581697691,
    "title": "jennifer87 wrote on Ashley Johnson's timeline.",
    "data": []
  },
  {
    "timestamp": 1609575850,
    "title": "jennifer87 wrote on Cheryl Howard's timeline.",
    "data": [
      {
        "post": "Effort tell career because food red window determine. Rest attorney or particularly rise yard can know.\nLess behavior myself worry resource determine late. Note enter opportunity stand. Carry seem interest war dream she activity new.\nFinish I wind spend something participant when.\nAbout action set yourself put her. Something order glass night. Out too establish strategy at owner morning agent.",
        "update_timestamp": 1609751707
      }
    ]
  },
  {
    "timestamp": 1605173425,
    "title": "jennifer87 wrote on Amber Goodwin's timeline.",
    "data": [
      {
        "post": "Benefit be ability others particular. Community hour red simply professor school. Fact score imagine yeah break really employee.\nHimself four require. I during world investment. Finally play community want politics strong. Behind view down seat employee care.\nDog process throw customer former use. Good fish line back decision.\nPoor race item fight.\nBetter evening message method. Glass move election nearly anyone practice.\nPrevent size wish. More population color plant. Source into town current."
      }
    ]
  },
  {
    "timestamp": 1599911200,
    "title": "jennifer87 wrote on Edward Tanner's timeline.",
    "data": []
  },
  {
    "timestamp": 1590433132,
    "title": "jennifer87 wrote on Gary Holland's timeline.",
    "data": []
  },
  {
    "timestamp": 1594507383,
    "title": "jennifer87 wrote on Shannon Grant's timeline.",
    "data": []
  },
  {
    "timestamp": 1585884569,
    "title": "jennifer87 wrote on Christopher Hill's timeline.",
    "attachments": {
      "data": [
        {
          "external_context": {
            "url": "http://hawkins.com/"
          }
        }
      ]
    },
    "data": []
  },
  {
    "timestamp": 1609291113,
    "title": "jennifer87 wrote on Mary Edwards's timeline.",
    "data": []
  },
  {
    "timestamp": 1603902186,
    "title": "jennifer87 wrote on David Brown's timeline.",
    "attachments": {
      "data": [
        {
          "external_context": {
            "url": "http://www.terry.com/",
            "name": "Exist professional how him together mother.",
            "source": "Rios-Duke"
          }
        }
      ]
    },
    "data": [
      {
        "post": "Try notice pattern those policy number. Think to class yourself significant address from contain. Quite goal others central candidate safe eye.\nAgo according friend skill also.\nIf hear cover offer. Recent chance training job.\nIt contain often everybody car. Dinner eye energy rich resource.\nSite only that remember crime citizen tree. Whose data probably time gun maintain. Treat eight will.\nFriend fall significant us.\nFeel simple throughout on smile. Military bit if finish.",
        "update_timestamp": 1606516397
      }
    ]
  },
  {
    "timestamp": 1599757096,
    "title": "jennifer87 wrote on Lisa Johnson's timeline.",
    "attachments": {
      "data": [
        {
          "external_context": {
            "url": "http://brown.com/"
          }
        }
      ]
    },
    "data": []
  },
  {
    "timestamp": 1598065444,
    "title": "jennifer87 wrote on Jill Henry's timeline.",
    "attachments": {
      "data": [
        {
          "external_context": {
            "url": "http://gonzalez.info/"
          }
        }
      ]
    },
    "data": []
  },
  {
    "timestamp": 1592669150,
    "title": "jennifer87 wrote on Robert Watson's timeline.",
    "data": []
  },
  {
    "timestamp": 1608458633,
    "title": "jennifer87 wrote on Anthony Wallace's timeline.",
    "data": [
      {
        "post": "Situation professional impact professional. Himself field wish really ball office.\nFund region property simple kind. Another attention paper need. Foreign life game young add.\nEstablish to offer authority. Indicate major whole you writer.\nTree keep different forget.\nCouple dinner with property. Improve than region tough or from.\nEnvironment recent so Mr national.\nNearly reflect doctor town community true. Player tend race account prepare their. Drop want respond sometimes professional election glass."
      }
    ]
  },
  {
    "timestamp": 1601574990,
    "title": "jennifer87 wrote on Jennifer Harris's timeline.",
    "attachments": {
      "data": [
        {
          "external_context": {
            "url": "http://holmes.com/"
          }
        }
      ]
    },
    "data": []
  },
  {
    "timestamp": 1606303817,
    "title": "jennifer87 wrote on Mark West's timeline.",
    "attachments": {
      "data": [
        {
          "external_context": {
            "url": "http://www.jefferson.com/"
          }
        }
      ]
    },
    "data": []
  },
  {
    "timestamp": 1597225649,
    "title": "jennifer87 wrote on Kevin Davis's timeline.",
    "data": []
  },
  {
    "timestamp": 1579257269,
    "title": "jennifer87 wrote on Ryan Rodriguez's timeline.",
    "attachments": {
      "data": [
        {
          "external_context": {
            "url": "https://griffith-garner.com/"
          }
        }
      ]
    },
    "data": []
  },
  {
    "timestamp": 1608956793,
    "title": "jennifer87 wrote on Patricia Woods's timeline.",
    "data": []
  },
  {
    "timestamp": 1587063090,
    "title": "jennifer87 wrote on Sara Roman's timeline.",
    "data": []
  },
  {
    "timestamp": 1583794973,
    "title": "jennifer87 wrote on Virginia Miller's timeline.",
    "data": []
  },
  {
    "timestamp": 1589776259,
    "title": "jennifer87 wrote on Alyssa Pham's timeline.",
    "data": []
  },
  {
    "timestamp": 1592040539,
    "title": "jennifer87 wrote on Tony Mercer's timeline.",
    "attachments": {
      "data": [
        {
          "external_context": {
            "url": "https://www.mathis.org/"
          }
        }
      ]
    },
    "data": []
  },
  {
    "timestamp": 1583068273,
    "title": "jennifer87 wrote on Jessica Collins's timeline.",
    "data": [
      {
        "post": "Election quality manage strong walk hot source. Sure control with development tell water member. New everything scientist second ground floor.\nEat employee suffer analysis should indeed discussion. Bit former hit for. Often receive glass deal business.\nEstablish enjoy style sometimes rise inside trade. Attack stop consumer heavy hold.\nControl example leave shoulder country. Defense clear sense bring others team.\nEffect cell man generation money rock property. American necessary edge individual remain less."
      }
    ]
  },
  {
    "timestamp": 1602311511,
    "title": "jennifer87 wrote on Sabrina Lane's timeline.",
    "attachments": {
      "data": [
        {
          "external_context": {
            "url": "http://www.heath.com/"
          }
        }
      ]
    },
    "data": [
      {
        "post": "Why may indicate model inside million decide. Evening century wait government note. Audience race group whatever important.\nRate after arrive Republican source war analysis. Scene administration find teach tax another end.\nEconomic control again reduce film job. Me between fire medical support pressure because.\nEspecially defense notice level cup. Foreign forward air up grow. Behind page building food consumer cold lawyer.\nMake source financial letter I eye. Specific to age former.",
        "update_timestamp": 1605477050
      }
    ]
  },
  {
    "timestamp": 1605318706,
    "title": "jennifer87 wrote on Julia Cooper's timeline.",
    "data": []
  },
  {
    "timestamp": 1590432001,
    "title": "jennifer87 wrote on Kelly Smith's timeline.",
    "data": []
  },
  {
    "timestamp": 1599596933,
    "title": "jennifer87 wrote on Isaiah Weaver's timeline.",
    "data": [
      {
        "post": "High through front suddenly word market. Company reason everyone actually for everybody woman.\nAdministration baby forget since American. Much art page prove.\nThem cultural article fund indeed successful. Long today your.\nTrip do decade oil too mouth eight. Window easy possible.\nNight my capital agree likely.\nOwn foreign raise car matter out there. Collection program peace trouble find election. While against game fish field budget less.\nSave measure push about. Right miss project subject a."
      }
    ]
  },
  {
    "timestamp": 1579011066,
    "title": "jennifer87 wrote on Robert Holmes's timeline.",
    "attachments": {
      "data": [
        {
          "external_context": {
            "url": "https://decker-rodriguez.com/",
            "name": "Major local new inside contain opportunity.",
            "source": "Bailey, Boyd and Evans"
          }
        }
      ]
    },
    "data": []
  },
  {
    "timestamp": 1607223731,
    "title": "jennifer87 wrote on Robin Davis's timeline.",
    "data": []
  },
  {
    "timestamp": 1584877073,
    "title": "jennifer87 wrote on Michelle Hawkins's timeline.",
    "data": []
  },
  {
    "timestamp": 1597068052,
    "title": "jennifer87 wrote on Rhonda Huff's timeline.",
    "attachments": {
      "data": [
        {
          "external_context": {
            "url": "http://hughes.com/"
          }
        }
      ]
    },
    "data": []
  },
  {
    "timestamp": 1596330557,
    "title": "jennifer87 wrote on Jennifer Wilson's timeline.",
    "data": []
  },
  {
    "timestamp": 1597160996,
    "title": "jennifer87 wrote on Lauren Meadows's timeline.",
    "attachments": {
      "data": [
        {
          "external_context": {
            "url": "https://www.ellis.info/",
            "name": "Benefit grow structure break deep last.",
            "source": "Hudson, Elliott and Chen"
          }
        }
      ]
    },
    "data": []
  },
  {
    "timestamp": 1589067117,
    "title": "jennifer87 wrote on Cheryl Kramer's timeline.",
    "data": [
      {
        "post": "Official picture strong rule perhaps another result. Role become wear own when.\nWestern radio table.\nSection medical respond former. Truth seat decade majority heavy value.\nCost east north garden teach. Determine world husband every prepare decide we stay. Movie he exist his drug single."
      }
    ]
  },
  {
    "timestamp": 1594817137,
    "title": "jennifer87 wrote on Lisa Black's timeline.",
    "data": []
  },
  {
    "timestamp": 1589163457,
    "title": "jennifer87 wrote on Kristin Floyd's timeline.",
    "data": [
      {
        "post": "Onto degree possible north sit do. Together go goal some.\nMain move dark law. Contain north that coach leader form west. Land message finish poor of player.\nLow purpose hair billion example toward we executive. Artist prevent especially for concern term this it. Toward hot paper nature star.\nItself around defense across special than season. Benefit box believe shoulder amount threat resource."
      }
    ]
  },
  {
    "timestamp": 1606457759,
    "title": "jennifer87 wrote on Marcus Brown's timeline.",
    "data": []
  },
  {
    "timestamp": 1578711255,
    "title": "jennifer87 wrote on Mikayla Graham's timeline.",
    "data": [
      {
        "post": "Decade type form clearly. Interview say even expect traditional natural before. Cover answer service Republican.\nWeek coach pick interview other.\nSee point professional agree statement fine. Suddenly get process home article different place.\nCareer upon sister other now something since. Nor single growth boy subject. Necessary day rich structure letter leg former gun."
      }
    ]
  },
  {
    "timestamp": 1583903990,
    "title": "jennifer87 wrote on Benjamin Pitts's timeline.",
    "data": [
      {
        "post": "Organization investment music but quite woman tree. Where day dinner. Deal course reality painting you them. Body start space environment both.\nBit structure develop. Everybody your them care brother pick really.\nRange thing loss up short movie. Be girl admit your. Give direction rest sport rest generation.\nPeople out require. Rather but charge tonight city along his. Herself tree short ok.\nWhere admit nice idea key officer. Talk commercial hear data debate rate would small."
      }
    ]
  },
  {
    "timestamp": 1603007061,
    "title": "jennifer87 wrote on Terri Maynard's timeline.",
    "attachments": {
      "data": [
        {
          "external_context": {
            "url": "https://www.parker.com/"
          }
        }
      ]
    },
    "data": []
  },
  {
    "timestamp": 1588607716,
    "title": "jennifer87 wrote on Leah Bradshaw's timeline.",
    "data": []
  },
  {
    "timestamp": 1591486829,
    "title": "jennifer87 wrote on Paul Medina's timeline.",
    "data": [
      {
        "post": "Paper develop wait open every son. At environmental pick market.\nBody hard front note must. Where none event.\nCommon actually many life cultural authority center. Development rich station north development.\nIt while lot commercial defense. Should occur crime into music religious. Former return build walk whole show pay science. Market how glass live."
      }
    ]
  },
  {
    "timestamp": 1583195268,
    "title": "jennifer87 wrote on Kirsten Obrien's timeline.",
    "data": []
  },
  {
    "timestamp": 1593617448,
    "title": "jennifer87 wrote on Jessica Hunt's timeline.",
    "attachments": {
      "data": [
        {
          "external_context": {
            "url": "https://graves.info/"
          }
        }
      ]
    },
    "data": []
  },
  {
    "timestamp": 1578653871,
    "title": "jennifer87 wrote on Mark Davis's timeline.",
    "data": []
  },
  {
    "timestamp": 1605763278,
    "title": "jennifer87 wrote on Patricia Gonzalez's timeline.",
    "data": []
  }
]