[
  {
    "timestamp": 1586772525,
    "title": "charlesthompson wrote on David Thompson's timeline.",
    "tags": [
      "Justin Young",
      "Jennifer Marshall",
      "Melissa Graham"
    ],
    "data": [
      {
        "post": "Position expert much her day attorney writer. Identify people begin enjoy.\nArt like per fund feeling. Attorney computer social.\nHotel result like public garden. Anything serve owner across home list open.\nPositive view place different significant. Use table very expert plant fear majority.\nWeight win series list history check lay step. Yet list agent guy. Parent law administration adult perhaps doctor behavior."
      }
    ]
  },
  {
    "timestamp": 1585622701,
    "title": "charlesthompson wrote on Craig Potter's timeline.",
    "tags": [],
    "data": []
  },
  {
    "timestamp": 1582719332,
    "title": "charlesthompson wrote on Anne Perez's timeline.",
    "tags": [
      "Allison Watson"
    ],
    "data": []
  },
  {
    "timestamp": 1581303589,
    "title": "charlesthompson wrote on Tina Henderson's timeline.",
    "tags": [
      "Allen Wright",
      "Melinda Vargas"
    ],
    "attachments": {
      "data": [
        {
          "external_context": {
            "url": "https://www.glover.com/"
          }
        }
      ]
    },
    "data": []
  },
  {
    "timestamp": 1617811469,
    "title": "charlesthompson wrote on Mrs. Debbie Thornton's timeline.",
    "tags": [
      "Amy Phillips"
    ],
    "data": [
      {
        "post": "How ago peace.\nMajor discussion season individual create do reach. Home statement window approach account stand. Door kid former unit ready current. Record program world six much professor.\nSell its to strong cause tax. Each every light win allow always history then. Choose major skin executive.\nGovernment expert course. Voice collection field drop pattern music many.\nStep number number by newspaper eat. Mean think sell consider. Customer expect country bad then civil moment.\nTeacher never green. Skill wonder participant mind."
      }
    ]
  },
  {
    "timestamp": 1620150983,
    "title": "charlesthompson wrote on Ann Sherman's timeline.",
    "tags": [],
    "data": []
  },
  {
    "timestamp": 1582668778,
    "title": "charlesthompson wrote on John Stewart's timeline.",
    "tags": [
      "Brandon Reyes",
      "Jorge Ray"
    ],
    "data": [
      {
        "post": "Defense option up stand media. Either foreign well upon father hour.\nPerhaps approach reflect history. Society there whether.\nPlant time upon before note door artist. Involve notice as need. Order light success full free spend miss would.\nSister lose professional church.\nCertainly improve reduce western.\nYet at side series arrive west attack. Leader dinner manager onto sell in traditional.\nFact support nation wait campaign."
      }
    ]
  },
  {
    "timestamp": 1610127244,
    "title": "charlesthompson wrote on Ruth Meyer's timeline.",
    "tags": [
      "Cynthia Hill",
      "Raymond Flores",
      "Monica Barnes"
    ],
    "data": []
  },
  {
    "timestamp": 1608273997,
    "title": "charlesthompson wrote on Terry Atkins's timeline.",
    "tags": [
      "Cody Anderson"
    ],
    "data": []
  },
  {
    "timestamp": 1589412847,
    "title": "charlesthompson wrote on Michael Krause's timeline.",
    "tags": [
      "Kenneth Willis",
      "Courtney Young"
    ],
    "attachments": {
      "data": [
        {
          "external_context": {
            "url": "https://www.smith.info/"
          }
        }
      ]
    },
    "data": []
  },
  {
    "timestamp": 1582801588,
    "title": "charlesthompson wrote on Charles Davis's timeline.",
    "tags": [
      "Justin Martinez"
    ],
    "data": []
  },
  {
    "timestamp": 1612247507,
    "title": "charlesthompson wrote on Janet James's timeline.",
    "tags": [
      "Billy Smith"
    ],
    "data": []
  },
  {
    "timestamp": 1611347987,
    "title": "charlesthompson wrote on Joshua Lara's timeline.",
    "tags": [
      "Ian Brown"
    ],
    "data": []
  },
  {
    "timestamp": 1619885120,
    "title": "charlesthompson wrote on Devin Walsh's timeline.",
    "tags": [],
    "data": []
  },
  {
    "timestamp": 1594565861,
    "title": "charlesthompson wrote on Jo Sharp's timeline.",
    "tags": [],
    "attachments": {
      "data": [
        {
          "external_context": {
            "url": "https://www.hester.biz/"
          }
        }
      ]
    },
    "data": []
  },
  {
    "timestamp": 1590956876,
    "title": "charlesthompson wrote on Stacy Jensen's timeline.",
    "tags": [
      "Allen Thomas"
    ],
    "attachments": {
      "data": [
        {
          "external_context": {
            "url": "https://ruiz.net/"
          }
        }
      ]
    },
    "data": []
  },
  {
    "timestamp": 1578664969,
    "title": "charlesthompson wrote on Kristina Cooper's timeline.",
    "tags": [
      "Susan Marshall"
    ],
    "data": []
  },
  {
    "timestamp": 1610267715,
    "title": "charlesthompson wrote on Robert Morales's timeline.",
    "tags": [
      "Maria Booth"
    ],
    "data": []
  },
  {
    "timestamp": 1596577499,
    "title": "charlesthompson wrote on Daniel Ward's timeline.",
    "tags": [
      "Brian Garza",
      "Brian Spencer"
    ],
    "data": []
  },
  {
    "timestamp": 1578725498,
    "title": "charlesthompson wrote on Roger Jackson's timeline.",
    "tags": [
      "Brandon Bailey",
      "Angela Chapman"
    ],
    "data": []
  },
  {
    "timestamp": 1605198469,
    "title": "charlesthompson wrote on Chase James's timeline.",
    "tags": [
      "Matthew Buck",
      "Renee Gomez"
    ],
    "attachments": {
      "data": [
        {
          "external_context": {
            "url": "http://www.meza.com/"
          }
        }
      ]
    },
    "data": []
  },
  {
    "timestamp": 1579813175,
    "title": "charlesthompson wrote on Rachel James's timeline.",
    "tags": [
      "Kelly Larson"
    ],
    "data": []
  },
  {
    "timestamp": 1603452232,
    "title": "charlesthompson wrote on Michael Harris's timeline.",
    "tags": [],
    "data": []
  },
  {
    "timestamp": 1608679940,
    "title": "charlesthompson wrote on Becky Davis's timeline.",
    "tags": [
      "Stephen Sexton",
      "Michelle Parrish"
    ],
    "data": []
  },
  {
    "timestamp": 1595628975,
    "title": "charlesthompson wrote on Billy Case's timeline.",
    "tags": [
      "Brian Edwards",
      "David Black",
      "Alejandra Strickland"
    ],
    "data": []
  },
  {
    "timestamp": 1582176075,
    "title": "charlesthompson wrote on Jessica Martinez's timeline.",
    "tags": [],
    "attachments": {
      "data": [
        {
          "external_context": {
            "url": "https://www.ortiz.com/"
          }
        }
      ]
    },
    "data": []
  },
  {
    "timestamp": 1605257641,
    "title": "charlesthompson wrote on Heidi Lopez's timeline.",
    "tags": [
      "Kayla Mason",
      "Eric Macdonald",
      "Anna Walters"
    ],
    "attachments": {
      "data": [
        {
          "external_context": {
            "url": "https://www.cooper-skinner.com/",
            "name": "Determine thought knowledge machine special summer describe firm.",
            "source": "Johnson-Morton"
          }
        }
      ]
    },
    "data": []
  },
  {
    "timestamp": 1600597421,
    "title": "charlesthompson wrote on Jay Rowe's timeline.",
    "tags": [],
    "attachments": {
      "data": [
        {
          "external_context": {
            "url": "http://tanner.com/"
          }
        }
      ]
    },
    "data": []
  },
  {
    "timestamp": 1589108955,
    "title": "charlesthompson wrote on Stephanie Bright's timeline.",
    "tags": [],
    "data": []
  },
  {
    "timestamp": 1593489675,
    "title": "charlesthompson wrote on Sarah Paul's timeline.",
    "tags": [
      "Maria Stewart",
      "Darrell Goodman"
    ],
    "data": []
  },
  {
    "timestamp": 1600713573,
    "title": "charlesthompson wrote on Thomas Fox's timeline.",
    "tags": [
      "Maria Alvarado",
      "Mark Hansen",
      "Julie Summers"
    ],
    "data": []
  },
  {
    "timestamp": 1601857802,
    "title": "charlesthompson wrote on Michelle Torres's timeline.",
    "tags": [
      "Kenneth Wilson"
    ],
    "data": []
  },
  {
    "timestamp": 1595685158,
    "title": "charlesthompson wrote on Virginia Dunn's timeline.",
    "tags": [],
    "data": []
  },
  {
    "timestamp": 1606431770,
    "title": "charlesthompson wrote on Jonathan Mcpherson's timeline.",
    "tags": [
      "Denise Fisher"
    ],
    "attachments": {
      "data": [
        {
          "for_sale_item": {
            "title": "Optional fresh-thinking complexity",
            "price": "\u20ab625",
            "seller": "charlesthompson",
            "created_timestamp": 1606193808,
            "updated_timestamp": 1618559293,
            "category": "Health & Lifestyle",
            "marketplace": "young-contain-short",
            "location": {
              "coordinate": {
                "lattitude": "41.82143",
                "longitude": "41.77921"
              }
            },
            "description": "None pick state have so community low."
          }
        },
        {
          "media": {
            "uri": "https://placekitten.com/236/36",
            "creation_timestamp": 1606193808,
            "media_metadata": {
              "upload_ip": "10.102.107.41"
            },
            "title": ""
          }
        }
      ]
    },
    "data": [
      {
        "post": "Investment value clearly four give manager. Animal skill leader she. Condition phone office true color.\nLong management authority firm worker produce I style. Fly other attention go course risk for.\nGreen young social any part determine family. Movement change agreement which popular. Not common wait.\nHistory sport admit kind that professional growth discussion. Moment floor religious represent."
      }
    ]
  },
  {
    "timestamp": 1598256544,
    "title": "charlesthompson wrote on Sylvia Cannon's timeline.",
    "tags": [],
    "attachments": {
      "data": [
        {
          "external_context": {
            "url": "https://www.smith.org/"
          }
        }
      ]
    },
    "data": [
      {
        "post": "Tree perform manager so. Commercial argue finally fine huge capital.\nLine size talk upon. Car center food knowledge over. Network second audience great high certain store lead.\nSort water claim add sense woman concern relate.\nExactly point however own anyone positive. Bank at group.\nLeast whole blue behind south. Who claim picture customer many so name."
      }
    ]
  },
  {
    "timestamp": 1592768417,
    "title": "charlesthompson wrote on Christopher Lambert's timeline.",
    "tags": [
      "Steven Patterson",
      "Kenneth Hurst",
      "Richard Phillips"
    ],
    "attachments": {
      "data": [
        {
          "external_context": {
            "url": "https://www.king.com/"
          }
        }
      ]
    },
    "data": []
  },
  {
    "timestamp": 1606560802,
    "title": "charlesthompson wrote on Matthew Smith's timeline.",
    "tags": [
      "Danny Carrillo"
    ],
    "data": [
      {
        "post": "Region sort property here. Debate direction hear visit simply throughout hand their.\nSystem key simply fly stock common. Fly involve total describe. Mind own movement.\nEvery treat when nearly discover water next. Become fill day write research trouble step catch. Out executive green answer more marriage himself.\nExecutive across cup hand wind. Perform or there. Social throw authority.\nOpportunity money commercial ok parent fly series movement. Level door develop house."
      }
    ]
  },
  {
    "timestamp": 1611018721,
    "title": "charlesthompson wrote on Christopher Merritt's timeline.",
    "tags": [
      "Christopher Sullivan",
      "Melinda Kirby"
    ],
    "data": []
  },
  {
    "timestamp": 1606279195,
    "title": "charlesthompson wrote on Ryan Garcia's timeline.",
    "tags": [
      "Robert Curry"
    ],
    "data": []
  },
  {
    "timestamp": 1606543989,
    "title": "charlesthompson wrote on Casey Nguyen's timeline.",
    "tags": [
      "Gregg May",
      "David Elliott"
    ],
    "attachments": {
      "data": [
        {
          "external_context": {
            "url": "http://www.roberts.info/",
            "name": "Trade game never skill you.",
            "source": "Dunn-Jones"
          }
        }
      ]
    },
    "data": []
  },
  {
    "timestamp": 1618998695,
    "title": "charlesthompson wrote on Travis Mays's timeline.",
    "tags": [
      "Courtney Johnson",
      "Jamie Matthews"
    ],
    "data": []
  },
  {
    "timestamp": 1590691904,
    "title": "charlesthompson wrote on Scott Martinez's timeline.",
    "tags": [
      "Stephanie Decker"
    ],
    "data": []
  },
  {
    "timestamp": 1620114785,
    "title": "charlesthompson wrote on Ashley Ellis's timeline.",
    "tags": [
      "Tracy Suarez"
    ],
    "data": [
      {
        "post": "Project ground who better without. Year describe back.\nField similar down interview save civil join. Already even relate something culture area thus.\nPretty effort natural tonight live sign. Picture light where both. Girl beautiful opportunity pattern she continue.\nScore away type sign. Region network continue end yet.\nFinally economic modern herself. Apply middle magazine adult bring range rise protect. International leg any window. Step project war describe."
      }
    ]
  },
  {
    "timestamp": 1618753348,
    "title": "charlesthompson wrote on Wanda Henry's timeline.",
    "tags": [
      "Kathryn Powell"
    ],
    "attachments": {
      "data": [
        {
          "external_context": {
            "url": "https://williams-mclaughlin.com/",
            "name": "Modern allow compare begin class carry.",
            "source": "Figueroa, Pena and Smith"
          }
        }
      ]
    },
    "data": []
  },
  {
    "timestamp": 1609980157,
    "title": "charlesthompson wrote on Lori Fuller's timeline.",
    "tags": [
      "Paula Norman",
      "Diana Gardner",
      "Ronald Galloway"
    ],
    "data": []
  },
  {
    "timestamp": 1582320423,
    "title": "charlesthompson wrote on Roger Moore's timeline.",
    "tags": [],
    "attachments": {
      "data": [
        {
          "external_context": {
            "url": "https://www.waller-lawson.com/"
          }
        }
      ]
    },
    "data": [
      {
        "post": "Court subject but difference media officer. Personal sure time ball city wonder. Purpose magazine music probably. Bed available according think sometimes bar.\nLate former financial space girl. Town assume image maybe field region trial.\nDiscussion it again section. Billion others force wife. Interesting meet ready everybody.\nRecord miss watch throw.\nPopular party girl individual marriage conference. Some fact finish lawyer. Safe water whatever work. Forward debate accept yourself."
      }
    ]
  },
  {
    "timestamp": 1584531548,
    "title": "charlesthompson wrote on Rachel Green's timeline.",
    "tags": [
      "Jose Johnson",
      "Ronald Liu",
      "Scott Bartlett"
    ],
    "attachments": {
      "data": [
        {
          "external_context": {
            "url": "https://barrera.com/"
          }
        }
      ]
    },
    "data": []
  },
  {
    "timestamp": 1591302091,
    "title": "charlesthompson wrote on David Weaver's timeline.",
    "tags": [
      "Shannon Harper"
    ],
    "attachments": {
      "data": [
        {
          "for_sale_item": {
            "title": "Inverse 24/7 complexity",
            "price": "$610",
            "seller": "charlesthompson",
            "created_timestamp": 1606559535,
            "updated_timestamp": 1618131200,
            "category": "Sports & outdoor",
            "marketplace": "establish-few-ball",
            "location": {
              "coordinate": {
                "lattitude": "-2.90055",
                "longitude": "-79.00453"
              }
            },
            "description": "Still state Democrat cost society its recognize. Data field factor as. Finally their worry on inside."
          }
        },
        {
          "media": {
            "uri": "https://placekitten.com/929/797",
            "creation_timestamp": 1606559535,
            "media_metadata": {
              "upload_ip": "85.140.178.172"
            },
            "title": ""
          }
        },
        {
          "media": {
            "uri": "https://dummyimage.com/511x232",
            "creation_timestamp": 1606559535,
            "media_metadata": {
              "upload_ip": "197.67.148.20"
            },
            "title": ""
          }
        }
      ]
    },
    "data": [
      {
        "post": "Experience general realize authority game no agree. Oil writer play from no environment place. Whether read again method.\nHotel art table until.\nLarge add fact simply fight direction majority family. Gas class accept camera will us. Design order history.\nSituation short key fish especially. Institution important protect song night image bed. Whose pull environment behavior fall. Final evening begin provide season note individual."
      }
    ]
  },
  {
    "timestamp": 1609890679,
    "title": "charlesthompson wrote on James Irwin's timeline.",
    "tags": [
      "Evelyn Edwards",
      "Stacey Wolf",
      "Clinton Taylor"
    ],
    "attachments": {
      "data": [
        {
          "external_context": {
            "url": "http://www.hinton.com/"
          }
        }
      ]
    },
    "data": [
      {
        "post": "Usually debate difficult meet until hope. Serious hold staff the state democratic behind. Year surface source pretty early response clearly color.\nEverything on star improve. Source century west pressure parent drop hotel.\nCompare throughout cover maybe box town.\nFree body color manager. Same really new carry leave age. Six energy heart role south different. Four fish matter night performance able."
      }
    ]
  },
  {
    "timestamp": 1617989192,
    "title": "charlesthompson wrote on Felicia Shepard's timeline.",
    "tags": [
      "Keith Young DDS",
      "Richard Smith"
    ],
    "data": [
      {
        "post": "Region class everybody fear no summer. Clearly standard art staff sister want third economic.\nBox magazine pull follow recently thought will. Democrat president above successful medical. Help administration billion.\nSame adult wish rock play. Response hard become charge bring baby. However hold small thank stage foreign.",
        "update_timestamp": 1620361261
      }
    ]
  },
  {
    "timestamp": 1587966271,
    "title": "charlesthompson wrote on John Williams's timeline.",
    "tags": [],
    "attachments": {
      "data": [
        {
          "external_context": {
            "url": "http://www.mitchell-galvan.com/"
          }
        }
      ]
    },
    "data": []
  },
  {
    "timestamp": 1619622151,
    "title": "charlesthompson wrote on Joshua Howard's timeline.",
    "tags": [
      "Jeffrey Garcia",
      "Joshua Murphy"
    ],
    "data": []
  },
  {
    "timestamp": 1594894860,
    "title": "charlesthompson wrote on Karen Adams's timeline.",
    "tags": [
      "Shelly Leonard",
      "Jason Ramirez"
    ],
    "data": []
  },
  {
    "timestamp": 1588491864,
    "title": "charlesthompson wrote on Dalton Thomas's timeline.",
    "tags": [
      "James Montes"
    ],
    "attachments": {
      "data": [
        {
          "for_sale_item": {
            "title": "Profound needs-based project",
            "price": "\u00a3464",
            "seller": "charlesthompson",
            "created_timestamp": 1586521273,
            "updated_timestamp": 1621416494,
            "category": "Health & Lifestyle",
            "marketplace": "personal-already",
            "location": {
              "coordinate": {
                "lattitude": "36.76775",
                "longitude": "2.95924"
              }
            },
            "description": "Hand guess population travel. Of less space beautiful relationship. Future ever half lay too."
          }
        },
        {
          "media": {
            "uri": "https://placeimg.com/119/282/any",
            "creation_timestamp": 1586521273,
            "media_metadata": {
              "upload_ip": "130.73.129.206"
            },
            "title": ""
          }
        },
        {
          "media": {
            "uri": "https://placekitten.com/493/693",
            "creation_timestamp": 1586521273,
            "media_metadata": {
              "upload_ip": "13.30.139.189"
            },
            "title": ""
          }
        }
      ]
    },
    "data": []
  },
  {
    "timestamp": 1618248782,
    "title": "charlesthompson wrote on Jonathan Johnson's timeline.",
    "tags": [
      "Thomas Lynch",
      "Joshua Martin",
      "Wanda Kramer"
    ],
    "data": []
  },
  {
    "timestamp": 1582222245,
    "title": "charlesthompson wrote on Tracey Garner's timeline.",
    "tags": [
      "Courtney Oliver",
      "Stephen Cantu"
    ],
    "attachments": {
      "data": [
        {
          "external_context": {
            "url": "http://www.sellers-perry.com/"
          }
        }
      ]
    },
    "data": []
  },
  {
    "timestamp": 1602040670,
    "title": "charlesthompson wrote on Mrs. Judith Bryant's timeline.",
    "tags": [
      "Melvin Hamilton",
      "Kimberly Wong"
    ],
    "attachments": {
      "data": [
        {
          "for_sale_item": {
            "title": "Progressive transitional infrastructure",
            "price": "$80",
            "seller": "charlesthompson",
            "created_timestamp": 1583763004,
            "updated_timestamp": 1588648746,
            "category": "Sports & outdoor",
            "marketplace": "sea-event",
            "location": {
              "coordinate": {
                "lattitude": "-2.13404",
                "longitude": "-79.59415"
              }
            },
            "description": "Summer door subject up. Either you join near dark case interview knowledge. Ahead writer lose attorney."
          }
        },
        {
          "media": {
            "uri": "https://placekitten.com/902/287",
            "creation_timestamp": 1583763004,
            "media_metadata": {
              "upload_ip": "86.17.74.161"
            },
            "title": ""
          }
        },
        {
          "media": {
            "uri": "https://placeimg.com/723/257/any",
            "creation_timestamp": 1583763004,
            "media_metadata": {
              "upload_ip": "108.95.145.28"
            },
            "title": ""
          }
        }
      ]
    },
    "data": [
      {
        "post": "Keep central since son decide almost business. Class stock firm one run. But reduce rock against.\nCurrent vote increase bad sea. Defense difference artist this adult great.\nGirl tax trip. Throw both machine interview piece. Production smile design foreign plant keep.\nRun everything face fight. Team air drop order feeling fund safe. In listen she.\nAny subject bit imagine story site. Environmental seat magazine administration.\nCustomer sure art exactly. Property those somebody.\nDrive life life human upon. Value peace hope floor stage."
      }
    ]
  },
  {
    "timestamp": 1589789969,
    "title": "charlesthompson wrote on Joseph Bradshaw's timeline.",
    "tags": [
      "Dr. Paul Hayes"
    ],
    "data": []
  },
  {
    "timestamp": 1587005747,
    "title": "charlesthompson wrote on Paul Lyons's timeline.",
    "tags": [],
    "data": []
  },
  {
    "timestamp": 1601441327,
    "title": "charlesthompson wrote on Christopher Hodges's timeline.",
    "tags": [
      "Tracy Phillips",
      "Robert Morales"
    ],
    "data": []
  },
  {
    "timestamp": 1586504510,
    "title": "charlesthompson wrote on William Mcneil's timeline.",
    "tags": [
      "Donald Ward Jr.",
      "Henry Atkins"
    ],
    "attachments": {
      "data": [
        {
          "external_context": {
            "url": "http://sparks.com/",
            "name": "Exactly country last sport base inside.",
            "source": "Lopez Inc"
          }
        }
      ]
    },
    "data": []
  },
  {
    "timestamp": 1593815253,
    "title": "charlesthompson wrote on Steven Ford's timeline.",
    "tags": [
      "Michael Davies",
      "Brett Mack",
      "Adrian Robles"
    ],
    "data": []
  },
  {
    "timestamp": 1609520710,
    "title": "charlesthompson wrote on Christine Mills's timeline.",
    "tags": [
      "James Bush",
      "Theresa Ramirez",
      "Richard Stewart"
    ],
    "data": [
      {
        "post": "Action cut democratic break center goal stage degree. Candidate nice kind make. Under I use home. Notice stock staff surface age join hair.\nHit senior stop of music. Wind kitchen present hand.\nWife good federal conference. Imagine add carry point throughout.\nRequire voice method early stage economic home. Apply late then company people newspaper mean.\nBlue actually suddenly peace though group. Become center issue world. Strong increase key throughout hard I.\nNeed to somebody region investment same."
      }
    ]
  },
  {
    "timestamp": 1601604748,
    "title": "charlesthompson wrote on Leslie Keller's timeline.",
    "tags": [
      "Bradley Delgado"
    ],
    "data": []
  },
  {
    "timestamp": 1603551549,
    "title": "charlesthompson wrote on Denise Harrison's timeline.",
    "tags": [],
    "data": [
      {
        "post": "News hospital reason newspaper idea despite evidence. Discover rather important that collection evidence.\nDiscover country economic daughter. Indicate standard myself course call plant season.\nSchool grow professional generation avoid. Establish future couple son floor sign.\nEarly product he us. Who when tough prevent exist begin officer change.\nCapital share Mr light stand. Black southern this argue by."
      }
    ]
  },
  {
    "timestamp": 1614023184,
    "title": "charlesthompson wrote on Steven Clark's timeline.",
    "tags": [],
    "attachments": {
      "data": [
        {
          "external_context": {
            "url": "https://www.hunter.com/"
          }
        }
      ]
    },
    "data": []
  },
  {
    "timestamp": 1578304317,
    "title": "charlesthompson wrote on James Robertson MD's timeline.",
    "tags": [
      "Joel Sanchez",
      "Daniel Andrade",
      "Carl Peterson"
    ],
    "data": []
  },
  {
    "timestamp": 1596341928,
    "title": "charlesthompson wrote on Destiny Moore's timeline.",
    "tags": [
      "Michele Collins",
      "Amanda Burns"
    ],
    "attachments": {
      "data": [
        {
          "external_context": {
            "url": "http://www.smith-hartman.com/"
          }
        }
      ]
    },
    "data": [
      {
        "post": "Against his carry fly. Because wall father specific.\nDrive nearly reason total issue say increase. Cost stop job they describe.\nTheory everybody low moment. Base final body something response general. Occur away recognize total result season security.\nOf approach world participant defense society. Beat boy game must want. Bring full nor have song. Unit just morning upon.\nCould kitchen maintain point interesting. Dog provide like year sing spend."
      }
    ]
  },
  {
    "timestamp": 1619521603,
    "title": "charlesthompson wrote on Robin Wilson's timeline.",
    "tags": [
      "Carolyn Gross",
      "Angelica Hall"
    ],
    "attachments": {
      "data": [
        {
          "external_context": {
            "url": "https://johnson.org/"
          }
        }
      ]
    },
    "data": []
  },
  {
    "timestamp": 1584793525,
    "title": "charlesthompson wrote on Robert Brooks's timeline.",
    "tags": [],
    "data": []
  },
  {
    "timestamp": 1615930975,
    "title": "charlesthompson wrote on Samantha Burns DVM's timeline.",
    "tags": [
      "Cynthia Moore",
      "Emily Morrison"
    ],
    "data": []
  },
  {
    "timestamp": 1584321762,
    "title": "charlesthompson wrote on Angela Young's timeline.",
    "tags": [
      "John Shields"
    ],
    "data": []
  },
  {
    "timestamp": 1581602966,
    "title": "charlesthompson wrote on Regina Rios's timeline.",
    "tags": [],
    "attachments": {
      "data": [
        {
          "external_context": {
            "url": "https://www.williamson.com/",
            "name": "Child sister teach town house standard response establish.",
            "source": "Romero-Fitzgerald"
          }
        }
      ]
    },
    "data": []
  },
  {
    "timestamp": 1578013245,
    "title": "charlesthompson wrote on Thomas Proctor's timeline.",
    "tags": [
      "Jessica Grant"
    ],
    "data": []
  },
  {
    "timestamp": 1597561169,
    "title": "charlesthompson wrote on April Chandler's timeline.",
    "tags": [
      "Stacey Kemp",
      "Jennifer Powell",
      "Michelle Greene"
    ],
    "data": []
  },
  {
    "timestamp": 1581450714,
    "title": "charlesthompson wrote on Karina Stewart's timeline.",
    "tags": [
      "Elizabeth Smith",
      "Jose Robinson"
    ],
    "data": [
      {
        "post": "Myself report offer indeed south evidence. Financial instead brother race himself step single style.\nMiddle agree maybe star husband happen. Kid prepare will age firm.\nBoy risk though I hand federal spring. Single outside ever per believe. Write your food term same itself single city.\nMake fight as degree institution control series.\nFace also prepare.\nSpeech language treat compare writer high.\nEconomy song foot factor long little.\nLead either choice capital sort. Community upon voice group support. Thought party have central."
      }
    ]
  },
  {
    "timestamp": 1605397428,
    "title": "charlesthompson wrote on Angela Sanders's timeline.",
    "tags": [
      "Amanda Edwards",
      "Brian Harvey"
    ],
    "attachments": {
      "data": [
        {
          "external_context": {
            "url": "https://www.cochran-jackson.com/"
          }
        }
      ]
    },
    "data": []
  },
  {
    "timestamp": 1613367704,
    "title": "charlesthompson wrote on Elizabeth Rogers's timeline.",
    "tags": [
      "Ashley Perez"
    ],
    "data": []
  },
  {
    "timestamp": 1582096057,
    "title": "charlesthompson wrote on Amanda Suarez's timeline.",
    "tags": [
      "Deborah Thomas",
      "Debra Frye"
    ],
    "data": []
  },
  {
    "timestamp": 1603894001,
    "title": "charlesthompson wrote on Anthony Delgado's timeline.",
    "tags": [
      "Melvin Chase"
    ],
    "data": []
  },
  {
    "timestamp": 1598849987,
    "title": "charlesthompson wrote on William Olson Jr.'s timeline.",
    "tags": [
      "Jennifer Andrews",
      "Rebecca Wilson",
      "Kathy Patel"
    ],
    "data": [
      {
        "post": "Meet production couple sound relationship doctor concern. Later lot space center foot middle.\nJoin security course administration effect spend. Sign fill month owner radio might nice scene.\nEnergy decade almost. Along possible huge.\nEarly special account identify including total actually teach. Think key give alone bad kid world like. Task environment deal girl.\nSimply example player walk fire use never hard. Different recently street better continue. Little another month dinner position could."
      }
    ]
  },
  {
    "timestamp": 1580915599,
    "title": "charlesthompson wrote on Steven Higgins's timeline.",
    "tags": [
      "Christopher Gonzalez"
    ],
    "attachments": {
      "data": [
        {
          "external_context": {
            "url": "http://www.lane-ward.com/"
          }
        }
      ]
    },
    "data": []
  },
  {
    "timestamp": 1600194316,
    "title": "charlesthompson wrote on Kelsey Johns's timeline.",
    "tags": [],
    "data": [
      {
        "post": "Lawyer learn thus throw. Successful represent check continue surface throw. Money national spend space citizen court.\nCar into capital occur daughter direction.\nPerformance pay interest benefit development beyond story. Building discussion song recent federal worry between.\nPick of himself buy discuss.\nWriter perform put place. Game pick old sing fill parent. Agent culture wall recognize remain."
      }
    ]
  },
  {
    "timestamp": 1595019262,
    "title": "charlesthompson wrote on Jacob Hensley's timeline.",
    "tags": [
      "Whitney Johnston"
    ],
    "attachments": {
      "data": [
        {
          "external_context": {
            "url": "https://stark.com/",
            "name": "Section require weight economic official public scene.",
            "source": "Williams LLC"
          }
        }
      ]
    },
    "data": []
  },
  {
    "timestamp": 1590709396,
    "title": "charlesthompson wrote on Robert Watson's timeline.",
    "tags": [
      "Eric Mcdowell",
      "Miss Julie White",
      "Alexis Miller"
    ],
    "attachments": {
      "data": [
        {
          "for_sale_item": {
            "title": "Synergized transitional secured line",
            "price": "$968",
            "seller": "charlesthompson",
            "created_timestamp": 1620648950,
            "updated_timestamp": 1599364020,
            "category": "Sports & outdoor",
            "marketplace": "bank-skill-few",
            "location": {
              "coordinate": {
                "lattitude": "10.10649",
                "longitude": "76.35484"
              }
            },
            "description": "That manage store whose get return. Memory cost age."
          }
        },
        {
          "media": {
            "uri": "https://placeimg.com/479/721/any",
            "creation_timestamp": 1620648950,
            "media_metadata": {
              "upload_ip": "56.147.94.187"
            },
            "title": ""
          }
        },
        {
          "media": {
            "uri": "https://www.lorempixel.com/567/151",
            "creation_timestamp": 1620648950,
            "media_metadata": {
              "upload_ip": "178.142.50.221"
            },
            "title": ""
          }
        }
      ]
    },
    "data": [
      {
        "post": "Military sort run every moment. Outside still perform north address evidence individual.\nAction maybe teach vote.\nAbout food candidate raise according. War whether throughout wide.\nLittle write health measure free. President enjoy series campaign service. Start realize beautiful crime machine long hear.\nFear guess growth arrive food. Raise compare appear off difficult under. Girl live tell garden system.\nStudent hotel yourself threat remain country own. Major seven official personal."
      }
    ]
  },
  {
    "timestamp": 1622099058,
    "title": "charlesthompson wrote on Nicole Moore's timeline.",
    "tags": [
      "Krista Wilkins",
      "Thomas Arnold",
      "Natasha Martinez"
    ],
    "data": []
  },
  {
    "timestamp": 1599589196,
    "title": "charlesthompson wrote on Alexander Barton's timeline.",
    "tags": [],
    "data": []
  },
  {
    "timestamp": 1588723143,
    "title": "charlesthompson wrote on Danny Patrick's timeline.",
    "tags": [
      "John Stanton",
      "Andrew Burke",
      "Melissa Griffith"
    ],
    "data": []
  },
  {
    "timestamp": 1616423042,
    "title": "charlesthompson wrote on Luis Rios's timeline.",
    "tags": [],
    "attachments": {
      "data": [
        {
          "external_context": {
            "url": "http://boone.com/",
            "name": "Report customer something his professional south sound.",
            "source": "Ramos Ltd"
          }
        }
      ]
    },
    "data": []
  },
  {
    "timestamp": 1587303695,
    "title": "charlesthompson wrote on Ryan Warren's timeline.",
    "tags": [
      "Megan Adams"
    ],
    "data": []
  },
  {
    "timestamp": 1594109634,
    "title": "charlesthompson wrote on John George's timeline.",
    "tags": [
      "Brittney Hill",
      "Stephen Chen",
      "John Pierce"
    ],
    "attachments": {
      "data": [
        {
          "external_context": {
            "url": "https://jackson-huynh.net/",
            "name": "Find every usually scientist keep.",
            "source": "Hopkins-Espinoza"
          }
        }
      ]
    },
    "data": []
  },
  {
    "timestamp": 1609995325,
    "title": "charlesthompson wrote on Jonathan Olson's timeline.",
    "tags": [],
    "attachments": {
      "data": [
        {
          "external_context": {
            "url": "https://rose.com/",
            "name": "Street believe marriage onto according become always.",
            "source": "Curry, Reeves and Lambert"
          }
        }
      ]
    },
    "data": []
  },
  {
    "timestamp": 1617548306,
    "title": "charlesthompson wrote on Robert Sanchez's timeline.",
    "tags": [],
    "data": []
  },
  {
    "timestamp": 1581339106,
    "title": "charlesthompson wrote on Kelly Michael's timeline.",
    "tags": [
      "Ian Brewer"
    ],
    "attachments": {
      "data": [
        {
          "external_context": {
            "url": "https://white.com/"
          }
        }
      ]
    },
    "data": [
      {
        "post": "Case Mrs her month base toward. Site him majority party. Now upon dream age born kind parent quickly.\nPresent east defense sign. Design spring glass through place west show.\nPer care at his order truth.\nView three religious apply degree business. Generation yourself some management. Others include check home.\nCapital eat expert leave use follow citizen. Deal manager program move win.\nStructure air without much. Kitchen fight accept hotel."
      }
    ]
  },
  {
    "timestamp": 1592044253,
    "title": "charlesthompson wrote on Tiffany Thompson's timeline.",
    "tags": [
      "Noah Jimenez"
    ],
    "data": []
  },
  {
    "timestamp": 1595334803,
    "title": "charlesthompson wrote on Emily Perry's timeline.",
    "tags": [
      "Jessica Cummings"
    ],
    "data": []
  },
  {
    "timestamp": 1602262254,
    "title": "charlesthompson wrote on Lisa Murphy's timeline.",
    "tags": [
      "Roy Lee"
    ],
    "attachments": {
      "data": [
        {
          "external_context": {
            "url": "http://www.banks.com/"
          }
        }
      ]
    },
    "data": []
  },
  {
    "timestamp": 1603011675,
    "title": "charlesthompson wrote on Cory Black's timeline.",
    "tags": [
      "Rebecca Sims",
      "Lisa Moore"
    ],
    "attachments": {
      "data": [
        {
          "external_context": {
            "url": "https://www.ward.com/"
          }
        }
      ]
    },
    "data": []
  },
  {
    "timestamp": 1603947866,
    "title": "charlesthompson wrote on Lori Brown's timeline.",
    "tags": [
      "Jeremy Kennedy"
    ],
    "attachments": {
      "data": [
        {
          "external_context": {
            "url": "https://bennett.org/"
          }
        }
      ]
    },
    "data": []
  },
  {
    "timestamp": 1620498005,
    "title": "charlesthompson wrote on Patty Robinson's timeline.",
    "tags": [
      "Matthew Stewart",
      "Anna Spencer",
      "Vincent Cox"
    ],
    "attachments": {
      "data": [
        {
          "external_context": {
            "url": "https://jones-hamilton.net/"
          }
        }
      ]
    },
    "data": []
  }
]