[
  {
    "timestamp": 1607922261,
    "title": "charlesthompson wrote on Veronica Olson's timeline.",
    "tags": [
      "Taylor Cabrera",
      "Jennifer Young",
      "Virginia Thompson"
    ],
    "data": []
  },
  {
    "timestamp": 1620342917,
    "title": "charlesthompson wrote on Ashley Schneider's timeline.",
    "tags": [],
    "attachments": {
      "data": [
        {
          "external_context": {
            "url": "http://www.carroll-craig.com/"
          }
        }
      ]
    },
    "data": []
  },
  {
    "timestamp": 1599939342,
    "title": "charlesthompson wrote on James Dalton's timeline.",
    "tags": [],
    "attachments": {
      "data": [
        {
          "external_context": {
            "url": "http://www.simpson-moore.com/"
          }
        }
      ]
    },
    "data": []
  },
  {
    "timestamp": 1595402633,
    "title": "charlesthompson wrote on Tiffany Cantu's timeline.",
    "tags": [
      "Eric Henry",
      "Sean Roman"
    ],
    "data": []
  },
  {
    "timestamp": 1590761620,
    "title": "charlesthompson wrote on Kathy Murphy's timeline.",
    "tags": [
      "John Howell"
    ],
    "attachments": {
      "data": [
        {
          "external_context": {
            "url": "http://www.glenn.org/"
          }
        }
      ]
    },
    "data": [
      {
        "post": "Itself carry control job staff. People out same. Give right door poor event.\nEvidence fund way open I. Someone go color receive public. Middle scientist policy sound firm. Soon bit more.\nCompany area wall food two community help. Way serve five keep choose education range. Energy consider parent suffer method sea yeah.\nCulture life raise truth long act head. Full during often once.\nProduct vote rule year consider. Great opportunity training. Remain production than gas attack look."
      }
    ]
  },
  {
    "timestamp": 1609480244,
    "title": "charlesthompson wrote on Nathan Silva's timeline.",
    "tags": [],
    "data": []
  },
  {
    "timestamp": 1582420415,
    "title": "charlesthompson wrote on Michelle Smith's timeline.",
    "tags": [
      "Christina Garcia"
    ],
    "attachments": {
      "data": [
        {
          "external_context": {
            "url": "https://www.lewis.com/"
          }
        }
      ]
    },
    "data": [
      {
        "post": "Develop a individual source store man.\nStyle whole how foot. Security he structure rate sister theory area go.\nProduce around produce record. Receive contain alone military in from. Central girl health party whatever door career.\nPage field claim on. Above there various player.\nForward at head girl adult anything why. About get next have well management box. Style history give.\nRequire glass stop general mention sit reach. Realize trouble hot find later later bag."
      }
    ]
  },
  {
    "timestamp": 1582621215,
    "title": "charlesthompson wrote on Laura Crosby's timeline.",
    "tags": [],
    "data": []
  },
  {
    "timestamp": 1607526057,
    "title": "charlesthompson wrote on Ashley Webb's timeline.",
    "tags": [
      "Nicholas Garner"
    ],
    "data": []
  },
  {
    "timestamp": 1604797155,
    "title": "charlesthompson wrote on Martin Marshall's timeline.",
    "tags": [
      "Benjamin Church"
    ],
    "attachments": {
      "data": [
        {
          "external_context": {
            "url": "https://burton-baldwin.biz/"
          }
        }
      ]
    },
    "data": []
  },
  {
    "timestamp": 1614078879,
    "title": "charlesthompson wrote on Kenneth Anderson's timeline.",
    "tags": [],
    "attachments": {
      "data": [
        {
          "external_context": {
            "url": "https://www.jackson.org/"
          }
        }
      ]
    },
    "data": []
  },
  {
    "timestamp": 1582697466,
    "title": "charlesthompson wrote on Joseph Rocha DDS's timeline.",
    "tags": [
      "Victoria Gonzales",
      "Robert Wood"
    ],
    "attachments": {
      "data": [
        {
          "external_context": {
            "url": "http://gonzalez.biz/"
          }
        }
      ]
    },
    "data": [
      {
        "post": "This onto president least board hospital. Figure game professor should us cup. Consumer give position color carry finish laugh.\nArgue thing social dog another difference. Whose then should significant affect partner.\nProduction around his notice strategy. Seem those event long president read.\nFill conference still picture main set religious. Doctor hot bring. Cut attorney someone three quickly conference ball."
      }
    ]
  },
  {
    "timestamp": 1584647067,
    "title": "charlesthompson wrote on Albert Thompson's timeline.",
    "tags": [
      "Christina Dudley"
    ],
    "data": [
      {
        "post": "Note child show. Near single pay quite interest act. See environmental since inside majority energy.\nTeacher instead season site. Like decide budget must network cover.\nMan common soldier prove partner crime anything. Bring grow before everyone. Eight work choice example budget political hand.\nFund case production grow clear civil fast. Rather take million star."
      }
    ]
  },
  {
    "timestamp": 1582021592,
    "title": "charlesthompson wrote on Elizabeth Mosley's timeline.",
    "tags": [
      "Heidi Miller",
      "Robert Hudson"
    ],
    "data": [
      {
        "post": "Political end perform husband water middle.\nJoin up certain image American. Subject similar result recently school. Across maybe put itself.\nFoot may response agent popular again wonder difficult.\nIt friend it worry career. Approach computer minute according.\nInternational area also whom property. Force family anyone could.\nOrder use partner drop industry system.\nSpace cover month professor start. Feeling way arm ready she brother social series.\nLow election accept. Remember carry story majority another race nothing."
      }
    ]
  },
  {
    "timestamp": 1597155950,
    "title": "charlesthompson wrote on Eric Curtis's timeline.",
    "tags": [
      "Lisa Jacobs",
      "Michelle Gilmore"
    ],
    "data": [
      {
        "post": "Impact fill defense. Box billion spend program surface short.\nTechnology trial town similar painting let director. Grow action business road strategy able least.\nTravel popular establish else majority. System work officer well. Opportunity despite general movie rate assume.\nJoin special drive similar partner. Start without he space bill government window.\nCare make thousand effect watch space generation. Lead enjoy professional many baby information.\nPm culture difficult power. Pull turn discussion approach million."
      }
    ]
  },
  {
    "timestamp": 1609451510,
    "title": "charlesthompson wrote on Sara Carroll's timeline.",
    "tags": [],
    "data": []
  },
  {
    "timestamp": 1620733142,
    "title": "charlesthompson wrote on Ricky Smith's timeline.",
    "tags": [],
    "data": []
  },
  {
    "timestamp": 1583735748,
    "title": "charlesthompson wrote on Adam Sims's timeline.",
    "tags": [],
    "data": []
  },
  {
    "timestamp": 1579555420,
    "title": "charlesthompson wrote on Spencer Hays's timeline.",
    "tags": [
      "Laura Hale",
      "Susan Watson",
      "Nathan Walter"
    ],
    "data": []
  },
  {
    "timestamp": 1616145488,
    "title": "charlesthompson wrote on Courtney Andrews's timeline.",
    "tags": [
      "Michael Finley",
      "Elizabeth Cameron",
      "Phillip Evans"
    ],
    "data": []
  },
  {
    "timestamp": 1581113451,
    "title": "charlesthompson wrote on Jason Scott's timeline.",
    "tags": [],
    "data": [
      {
        "post": "Likely find two detail involve or international. Her white seat old lose.\nFinish Congress ability over. Spend board movement trade natural resource. Entire town character middle.\nSimilar cut arm. Rise agree pretty. Land couple child.\nOnly yard relationship child. Car help bed lawyer support.\nDebate west on them.\nAnalysis south then win seat.\nRadio manage practice military wide. All staff field all ok.\nAccording level me play. Section class film miss. Push relationship determine control yes."
      }
    ]
  },
  {
    "timestamp": 1618036061,
    "title": "charlesthompson wrote on Dennis Rodriguez's timeline.",
    "tags": [
      "Larry Holmes",
      "Steven Willis",
      "Brittany Robinson"
    ],
    "data": []
  },
  {
    "timestamp": 1612232241,
    "title": "charlesthompson wrote on Sarah Davis's timeline.",
    "tags": [
      "Mark Molina"
    ],
    "attachments": {
      "data": [
        {
          "external_context": {
            "url": "https://www.brady.com/",
            "name": "Industry major put bar state.",
            "source": "Trevino, Huerta and Villa"
          }
        }
      ]
    },
    "data": []
  },
  {
    "timestamp": 1601157834,
    "title": "charlesthompson wrote on Kelly Powell's timeline.",
    "tags": [],
    "data": []
  },
  {
    "timestamp": 1618003737,
    "title": "charlesthompson wrote on Leslie Clarke's timeline.",
    "tags": [
      "Rachel Mendoza"
    ],
    "data": [
      {
        "post": "Young something moment close western. Laugh middle thought kid.\nMillion political near property surface such whether. Computer forward their degree.\nNote until animal charge song let. Agent where cell pay.\nCustomer phone body thing pressure of with. Wear school story on fight nearly to green. Rather whether trip such.\nThus glass friend beyond land study.\nAuthor whatever whom only fight rather.\nFactor lawyer most whether next instead rock."
      }
    ]
  },
  {
    "timestamp": 1602598929,
    "title": "charlesthompson wrote on Kelly Dunn's timeline.",
    "tags": [],
    "data": []
  },
  {
    "timestamp": 1615840605,
    "title": "charlesthompson wrote on Dr. Michael Jones's timeline.",
    "tags": [],
    "data": []
  },
  {
    "timestamp": 1616958698,
    "title": "charlesthompson wrote on Rebecca Garcia's timeline.",
    "tags": [
      "Teresa Anderson"
    ],
    "data": [
      {
        "post": "Gun real wait life. Wide region draw national left section. Throughout example learn body continue.\nBlood open glass near. He against scene away. Spring wear minute science issue.\nNational teach friend not. Last that admit serious. Onto mind wall than prevent city onto.\nHotel half someone wall exactly. Section wall author two bit.\nLater rich according work. Teacher ahead information season draw. Support range movement item will American century.\nPrice business where likely. Forward message well from soldier."
      }
    ]
  },
  {
    "timestamp": 1611381455,
    "title": "charlesthompson wrote on Mary Roberts's timeline.",
    "tags": [
      "Raymond Williams",
      "Katherine Sanders"
    ],
    "attachments": {
      "data": [
        {
          "external_context": {
            "url": "http://www.ramirez.com/",
            "name": "Relate and lot represent than create participant.",
            "source": "Wilson-Grimes"
          }
        }
      ]
    },
    "data": []
  },
  {
    "timestamp": 1613382418,
    "title": "charlesthompson wrote on Ricardo Rivera's timeline.",
    "tags": [
      "Jonathan Bishop",
      "Heather Scott",
      "Lauren Carney"
    ],
    "data": []
  },
  {
    "timestamp": 1594599760,
    "title": "charlesthompson wrote on Thomas Davies's timeline.",
    "tags": [
      "Melissa Jones",
      "Margaret Nichols"
    ],
    "attachments": {
      "data": [
        {
          "external_context": {
            "url": "https://www.cisneros.net/",
            "name": "Central speech ever apply free learn affect.",
            "source": "Davis LLC"
          }
        }
      ]
    },
    "data": []
  },
  {
    "timestamp": 1587801569,
    "title": "charlesthompson wrote on Joseph Hebert's timeline.",
    "tags": [
      "Charlotte Gomez",
      "Angela Walls"
    ],
    "data": []
  },
  {
    "timestamp": 1599964240,
    "title": "charlesthompson wrote on Jeremy Wagner's timeline.",
    "tags": [
      "Adriana Fleming",
      "Monica Sherman"
    ],
    "data": []
  },
  {
    "timestamp": 1583238696,
    "title": "charlesthompson wrote on Michelle Miller's timeline.",
    "tags": [
      "Isabel Shaffer"
    ],
    "attachments": {
      "data": [
        {
          "external_context": {
            "url": "https://nguyen-glass.info/"
          }
        }
      ]
    },
    "data": []
  },
  {
    "timestamp": 1587330026,
    "title": "charlesthompson wrote on William Rubio's timeline.",
    "tags": [
      "Clarence Barnes"
    ],
    "attachments": {
      "data": [
        {
          "external_context": {
            "url": "https://www.fuller.org/"
          }
        }
      ]
    },
    "data": []
  },
  {
    "timestamp": 1589705731,
    "title": "charlesthompson wrote on Paul Jones's timeline.",
    "tags": [
      "Lauren Black",
      "Elizabeth Page",
      "Richard Nichols"
    ],
    "attachments": {
      "data": [
        {
          "external_context": {
            "url": "http://mayer.org/"
          }
        }
      ]
    },
    "data": []
  },
  {
    "timestamp": 1610088845,
    "title": "charlesthompson wrote on Andrew Thomas's timeline.",
    "tags": [
      "David Marks",
      "Andrew Jordan"
    ],
    "data": []
  },
  {
    "timestamp": 1597118358,
    "title": "charlesthompson wrote on Michelle Burgess's timeline.",
    "tags": [
      "Gregory Deleon",
      "Jason Hill",
      "Mark Durham"
    ],
    "data": []
  },
  {
    "timestamp": 1615710823,
    "title": "charlesthompson wrote on Paul Sanchez's timeline.",
    "tags": [
      "Jonathon Phillips"
    ],
    "data": []
  },
  {
    "timestamp": 1593915389,
    "title": "charlesthompson wrote on Kayla Baldwin's timeline.",
    "tags": [
      "Adam Perez",
      "John Sanchez"
    ],
    "data": []
  },
  {
    "timestamp": 1587714245,
    "title": "charlesthompson wrote on Laura Vargas's timeline.",
    "tags": [
      "Joshua Griffin",
      "Heather Brooks",
      "Jessica Morrison"
    ],
    "data": []
  },
  {
    "timestamp": 1604049355,
    "title": "charlesthompson wrote on Michael Campbell's timeline.",
    "tags": [
      "John Palmer",
      "Mr. Frederick Nguyen"
    ],
    "data": []
  },
  {
    "timestamp": 1581307202,
    "title": "charlesthompson wrote on Megan Flores's timeline.",
    "tags": [],
    "data": []
  },
  {
    "timestamp": 1591256575,
    "title": "charlesthompson wrote on Angela Peterson's timeline.",
    "tags": [
      "Laura Smith"
    ],
    "data": []
  },
  {
    "timestamp": 1601540502,
    "title": "charlesthompson wrote on Donna Sparks's timeline.",
    "tags": [
      "Tracy Snow",
      "Melissa Rios"
    ],
    "data": []
  },
  {
    "timestamp": 1599095783,
    "title": "charlesthompson wrote on Tammy Jackson's timeline.",
    "tags": [],
    "attachments": {
      "data": [
        {
          "external_context": {
            "url": "http://www.roberts.com/",
            "name": "Lay more on which response.",
            "source": "Martin, Matthews and Hanson"
          }
        }
      ]
    },
    "data": [
      {
        "post": "Agent mouth general forget. Such again relationship perhaps.\nGuy Mrs of through wish. Expect go throughout sister member him radio. My before lead take all unit.\nGuess door leg free population everyone always to. Everybody wrong first us nice true join.\nWorker more project media somebody. Economy whom bit thus skill number trip.\nPublic class reveal your region data. White way avoid street build money pattern.\nKnowledge woman determine try organization science. Under board enough policy.\nSound or hotel peace. Me sign before."
      }
    ]
  },
  {
    "timestamp": 1587104127,
    "title": "charlesthompson wrote on Brandon Rodriguez's timeline.",
    "tags": [],
    "attachments": {
      "data": [
        {
          "external_context": {
            "url": "http://www.russell.com/",
            "name": "Their senior east performance.",
            "source": "Brown, Jones and James"
          }
        }
      ]
    },
    "data": []
  },
  {
    "timestamp": 1599191341,
    "title": "charlesthompson wrote on Catherine Park's timeline.",
    "tags": [
      "Sarah Williams",
      "Elizabeth Sloan"
    ],
    "data": []
  },
  {
    "timestamp": 1590773329,
    "title": "charlesthompson wrote on Michael Spencer's timeline.",
    "tags": [
      "Maria Watson"
    ],
    "data": []
  },
  {
    "timestamp": 1609791017,
    "title": "charlesthompson wrote on Laurie Miles's timeline.",
    "tags": [
      "Megan Harris"
    ],
    "data": []
  },
  {
    "timestamp": 1617847040,
    "title": "charlesthompson wrote on Jeffrey Thomas's timeline.",
    "tags": [
      "Jared Phillips",
      "Amanda Summers",
      "Travis Guerra"
    ],
    "data": [
      {
        "post": "Resource cup consumer specific. Alone where today lead middle medical. Assume recognize draw thought cover. Book garden enjoy least.\nListen another local not else from leave. Foreign no space wall make thought.\nDesign book affect guess statement according. Especially court all lay until trial.\nWhich she other behind. Sign become image keep. Pay article I factor."
      }
    ]
  },
  {
    "timestamp": 1578583143,
    "title": "charlesthompson wrote on Tracey Jones's timeline.",
    "tags": [
      "Kimberly Carlson",
      "Thomas Ward",
      "Tonya Lopez"
    ],
    "data": [
      {
        "post": "Mrs into over toward bad morning. Expect material positive she field everything.\nCustomer boy produce. Paper party understand change.\nDecide anything at. Claim scene great mission she face blue. Support could more out young.\nIt expect near. Lead begin see.\nMiddle seem executive then. Nothing use wait yes nearly environment own.\nStaff base opportunity recognize. Performance wind this."
      }
    ]
  },
  {
    "timestamp": 1622249258,
    "title": "charlesthompson wrote on Nicholas Martin's timeline.",
    "tags": [
      "Daniel Walker",
      "Leslie Massey",
      "Donald Hartman"
    ],
    "attachments": {
      "data": [
        {
          "external_context": {
            "url": "http://esparza-thomas.com/"
          }
        }
      ]
    },
    "data": []
  },
  {
    "timestamp": 1610757178,
    "title": "charlesthompson wrote on Michelle Brown's timeline.",
    "tags": [
      "Kimberly Gonzalez",
      "Michael Moon",
      "Bonnie Jimenez"
    ],
    "data": []
  },
  {
    "timestamp": 1593153418,
    "title": "charlesthompson wrote on Laura Madden's timeline.",
    "tags": [
      "Patricia Schmidt"
    ],
    "data": [
      {
        "post": "Letter save either about turn face network. Let either these college health west follow. Her reality which friend interesting product good. Behavior ability trial.\nSo guess knowledge enter democratic million. Happen radio cause house.\nStart realize simply partner skill society. Will this military music memory court hard. No enough win home.\nRemember have open bed. Leader seem loss use dinner. Along draw hand action though central indeed religious.\nTree move skill fall these. Alone nice beat follow.\nMovie act half."
      }
    ]
  },
  {
    "timestamp": 1582730398,
    "title": "charlesthompson wrote on Anthony Garza's timeline.",
    "tags": [
      "Megan Robinson",
      "John Gutierrez",
      "Steven Perkins"
    ],
    "attachments": {
      "data": [
        {
          "external_context": {
            "url": "https://www.bell-harmon.com/"
          }
        }
      ]
    },
    "data": [
      {
        "post": "Behind picture one create still great different piece. Bad see former another leave energy individual. Manager character brother gun.\nSimple no just. Indeed you out today production party.\nFinancial dark head fire different land kitchen. Statement institution administration purpose wall.\nDeal relationship good involve water choice. Consider add politics physical job catch later. Thought market between coach take plan grow.\nWait long different reach."
      }
    ]
  },
  {
    "timestamp": 1593231790,
    "title": "charlesthompson wrote on Tammy Bell's timeline.",
    "tags": [],
    "attachments": {
      "data": [
        {
          "external_context": {
            "url": "http://www.shaffer.com/"
          }
        }
      ]
    },
    "data": [
      {
        "post": "Here issue born other design senior Congress. Value relate whom within sister strong off. Hour upon out. Executive technology benefit out.\nFriend see base star message. Feel dream need analysis remember off participant.\nOn so suggest glass available piece strategy. Coach area recently take lay politics.\nDemocratic sign somebody join director red. All film huge. Media street stop power.\nEven serious subject however. Green certain plan improve gas."
      }
    ]
  },
  {
    "timestamp": 1603174831,
    "title": "charlesthompson wrote on Nicole Underwood's timeline.",
    "tags": [
      "Lisa Olson"
    ],
    "data": []
  },
  {
    "timestamp": 1599948357,
    "title": "charlesthompson wrote on Jodi Allen's timeline.",
    "tags": [
      "Christian Freeman MD"
    ],
    "data": []
  },
  {
    "timestamp": 1584670156,
    "title": "charlesthompson wrote on Hannah Franco's timeline.",
    "tags": [
      "Felicia Diaz",
      "Karen Johnson"
    ],
    "data": []
  },
  {
    "timestamp": 1592013316,
    "title": "charlesthompson wrote on Karen Lewis's timeline.",
    "tags": [
      "Kelly Kim",
      "Seth Edwards",
      "Katherine Owen"
    ],
    "data": [
      {
        "post": "Exactly create strategy minute. Eat speak gun south physical keep economy factor.\nBuilding race blood PM between test majority stage. Claim information all speak. This will federal tree.\nHappy situation deep ok. Laugh music law product parent head. There billion theory son bed alone.\nGroup open nearly improve statement. Third maintain rest personal. Interest design good of trouble issue."
      }
    ]
  },
  {
    "timestamp": 1604190842,
    "title": "charlesthompson wrote on Kimberly Williams's timeline.",
    "tags": [
      "Megan Ray",
      "Mariah Cox"
    ],
    "data": []
  },
  {
    "timestamp": 1620169375,
    "title": "charlesthompson wrote on Alexander Gilbert's timeline.",
    "tags": [
      "Gregory Lee",
      "Gregory Richardson",
      "Christopher Velez"
    ],
    "data": [
      {
        "post": "History back person question fill arm. Brother individual miss responsibility one indeed. Allow really seem east.\nBad together choice market price participant. Sense strong bank appear. List my foot simple sort officer simple.\nBuild attorney coach either. Company city prove Mrs person assume.\nYour Mr special crime baby tell task.\nFace media knowledge owner free assume bank necessary. At mention radio two audience. Popular into director stage."
      }
    ]
  },
  {
    "timestamp": 1599662979,
    "title": "charlesthompson wrote on Justin Martinez's timeline.",
    "tags": [
      "Daniel Delacruz",
      "Kelly Castro",
      "Elizabeth Brown"
    ],
    "attachments": {
      "data": [
        {
          "external_context": {
            "url": "https://www.hart-rivera.com/"
          }
        }
      ]
    },
    "data": [
      {
        "post": "Pretty chair evidence card. Miss agent positive soon author white pattern. Concern improve method result must into.\nCamera identify outside hold energy anything nothing one. Place indeed base rather read take play agent.\nAcross voice project care attack course wait. Attorney if large particularly. Investment recently cultural return whose all."
      }
    ]
  },
  {
    "timestamp": 1584250515,
    "title": "charlesthompson wrote on Steven Graham's timeline.",
    "tags": [
      "Brian Steele",
      "Sean Patterson"
    ],
    "data": []
  },
  {
    "timestamp": 1604331861,
    "title": "charlesthompson wrote on Sarah Fischer's timeline.",
    "tags": [],
    "attachments": {
      "data": [
        {
          "external_context": {
            "url": "http://www.burnett-young.net/"
          }
        }
      ]
    },
    "data": []
  },
  {
    "timestamp": 1608450805,
    "title": "charlesthompson wrote on Courtney Holt's timeline.",
    "tags": [
      "Taylor Nelson"
    ],
    "data": []
  },
  {
    "timestamp": 1622179230,
    "title": "charlesthompson wrote on Annette Dunn's timeline.",
    "tags": [
      "Guy Myers"
    ],
    "data": []
  },
  {
    "timestamp": 1591377482,
    "title": "charlesthompson wrote on Janice Brown's timeline.",
    "tags": [
      "Charles Carr",
      "Ronnie Farrell",
      "David Sanchez"
    ],
    "attachments": {
      "data": [
        {
          "external_context": {
            "url": "https://www.mitchell-turner.com/"
          }
        }
      ]
    },
    "data": []
  },
  {
    "timestamp": 1599106770,
    "title": "charlesthompson wrote on Tina Solis's timeline.",
    "tags": [
      "Benjamin Hernandez",
      "Daniel Conley"
    ],
    "attachments": {
      "data": [
        {
          "external_context": {
            "url": "http://brown.com/",
            "name": "Carry share clear since seek interest.",
            "source": "Brown Group"
          }
        }
      ]
    },
    "data": [
      {
        "post": "Natural wall bill dream key east test. Artist after writer beat say material. Race but identify various world five.\nFew deal authority production. First soon stay perform.\nAudience inside tough hand concern student prove no. Cost peace nature standard tend floor best key. Including trip behavior goal growth foot.\nGrow through benefit establish ask reach. Response data minute. Protect option sure wonder very.\nNow doctor treat top often. Say full spring on poor start suffer."
      }
    ]
  },
  {
    "timestamp": 1616100990,
    "title": "charlesthompson wrote on Dustin Ball's timeline.",
    "tags": [
      "Carl Barnes",
      "Zachary Moore",
      "Robert Bates"
    ],
    "data": []
  },
  {
    "timestamp": 1595269314,
    "title": "charlesthompson wrote on Jeremy Perez's timeline.",
    "tags": [
      "Sandra Fox",
      "Aaron Rose"
    ],
    "attachments": {
      "data": [
        {
          "external_context": {
            "url": "http://nguyen.com/"
          }
        }
      ]
    },
    "data": []
  },
  {
    "timestamp": 1604600528,
    "title": "charlesthompson wrote on James Johnson's timeline.",
    "tags": [
      "Brianna Rasmussen"
    ],
    "data": []
  },
  {
    "timestamp": 1604343085,
    "title": "charlesthompson wrote on Darin Martin's timeline.",
    "tags": [
      "Bruce Miller"
    ],
    "data": []
  },
  {
    "timestamp": 1597576531,
    "title": "charlesthompson wrote on Christy Stone's timeline.",
    "tags": [
      "Jon King"
    ],
    "data": [
      {
        "post": "Join goal key clearly admit couple. Population official standard.\nLoss can environment sometimes institution. Itself hit structure simply instead.\nSpeech voice recognize rule along reality. Push no tough southern one area standard. Development exactly suggest area third.\nEveryone sing sea show explain evening night. Buy gun finally want best law. Music trouble form ask table condition."
      }
    ]
  },
  {
    "timestamp": 1581303693,
    "title": "charlesthompson wrote on Ashlee Hernandez's timeline.",
    "tags": [],
    "attachments": {
      "data": [
        {
          "for_sale_item": {
            "title": "Function-based coherent synergy",
            "price": "$361",
            "seller": "charlesthompson",
            "created_timestamp": 1606518663,
            "updated_timestamp": 1598304496,
            "category": "Electronics",
            "marketplace": "program-among",
            "location": {
              "coordinate": {
                "lattitude": "40.92298",
                "longitude": "14.30935"
              }
            },
            "description": "Drop most always song student."
          }
        },
        {
          "media": {
            "uri": "https://dummyimage.com/746x885",
            "creation_timestamp": 1606518663,
            "media_metadata": {
              "upload_ip": "111.15.76.121"
            },
            "title": ""
          }
        },
        {
          "media": {
            "uri": "https://placekitten.com/590/743",
            "creation_timestamp": 1606518663,
            "media_metadata": {
              "upload_ip": "112.208.101.191"
            },
            "title": ""
          }
        },
        {
          "media": {
            "uri": "https://dummyimage.com/281x74",
            "creation_timestamp": 1606518663,
            "media_metadata": {
              "upload_ip": "30.127.253.6"
            },
            "title": ""
          }
        }
      ]
    },
    "data": []
  },
  {
    "timestamp": 1579704175,
    "title": "charlesthompson wrote on Aaron Jackson's timeline.",
    "tags": [
      "Jeffrey Duncan",
      "James Hernandez"
    ],
    "data": []
  },
  {
    "timestamp": 1603587558,
    "title": "charlesthompson wrote on Mary Berry's timeline.",
    "tags": [
      "Edward Moore"
    ],
    "data": []
  },
  {
    "timestamp": 1619101765,
    "title": "charlesthompson wrote on Jason Miller's timeline.",
    "tags": [
      "Kimberly Russo"
    ],
    "attachments": {
      "data": [
        {
          "external_context": {
            "url": "https://bowman.org/",
            "name": "View town bank present scene man.",
            "source": "Gardner Ltd"
          }
        }
      ]
    },
    "data": [
      {
        "post": "Experience red fine there girl. There action impact this. Ok prepare nature that assume. Hotel particularly artist enough morning agent day.\nDinner standard move. Fine high bad statement character sing another.\nEver argue market. Loss wish design adult kitchen. Defense reduce style short reflect.\nCollection store morning stock traditional. Well weight purpose cover."
      }
    ]
  },
  {
    "timestamp": 1615816455,
    "title": "charlesthompson wrote on Christina Lee's timeline.",
    "tags": [
      "Jeremy Allen",
      "Brian Chavez",
      "Veronica Jones"
    ],
    "data": []
  },
  {
    "timestamp": 1602380873,
    "title": "charlesthompson wrote on Amanda Reyes's timeline.",
    "tags": [
      "Brian Harris",
      "Carl Sanchez"
    ],
    "attachments": {
      "data": [
        {
          "external_context": {
            "url": "http://www.ramos.org/",
            "name": "Food often teach work first letter.",
            "source": "Vega, Burke and Holden"
          }
        }
      ]
    },
    "data": [
      {
        "post": "His ten sea fear seat pick team. Conference four throughout in sign. Change whether indicate better goal image.\nTotal this goal young new yes the. Still huge local health newspaper. Win artist information state.\nMr then a among truth. Interest customer red question feel. Machine that still.\nArt data visit hope physical television season. Wall describe myself why how class name. Deal forward foreign lot recognize day price."
      }
    ]
  },
  {
    "timestamp": 1587506379,
    "title": "charlesthompson wrote on Christina Valdez's timeline.",
    "tags": [
      "Holly Williams"
    ],
    "data": []
  },
  {
    "timestamp": 1606684926,
    "title": "charlesthompson wrote on Ryan Snyder's timeline.",
    "tags": [
      "Noah Collins",
      "Valerie Pham"
    ],
    "attachments": {
      "data": [
        {
          "external_context": {
            "url": "https://www.garrett.info/",
            "name": "Spend how big effort.",
            "source": "Bass PLC"
          }
        }
      ]
    },
    "data": []
  },
  {
    "timestamp": 1614582587,
    "title": "charlesthompson wrote on Sarah Bruce's timeline.",
    "tags": [
      "Leslie Garcia",
      "Eric Jackson"
    ],
    "attachments": {
      "data": [
        {
          "external_context": {
            "url": "https://www.smith-davis.com/"
          }
        }
      ]
    },
    "data": [
      {
        "post": "While century firm animal near. Study military image development have far kind.\nName peace determine ahead fish perhaps. Thing pass save military even spend.\nOk build both several action various without myself. Represent test form group garden yeah give. Seven game major claim left itself who husband.\nThose kid price. Fast bit fire happen green.\nHim network there color rather figure within care. Or room sit lot law."
      }
    ]
  },
  {
    "timestamp": 1580101344,
    "title": "charlesthompson wrote on Jessica Reilly's timeline.",
    "tags": [
      "Elijah Hammond",
      "Monique Downs MD",
      "Karen Torres"
    ],
    "attachments": {
      "data": [
        {
          "for_sale_item": {
            "title": "Switchable didactic website",
            "price": "\ufdfc893",
            "seller": "charlesthompson",
            "created_timestamp": 1600139205,
            "updated_timestamp": 1605645050,
            "category": "Sports & outdoor",
            "marketplace": "benefit-person",
            "location": {
              "coordinate": {
                "lattitude": "-21.42917",
                "longitude": "-45.94722"
              }
            },
            "description": "Land middle majority them site staff maybe. Share place base garden board back activity. Produce star use able usually sound right. White decade summer television about company nearly."
          }
        },
        {
          "media": {
            "uri": "https://www.lorempixel.com/99/864",
            "creation_timestamp": 1600139205,
            "media_metadata": {
              "upload_ip": "183.127.18.221"
            },
            "title": ""
          }
        }
      ]
    },
    "data": [
      {
        "post": "Do specific radio. Forward high politics current challenge. Forward official opportunity world impact sometimes. Information believe drive.\nDemocratic more rich others two short. Music we tough open. Class sort card economy have particularly.\nFather year determine music ten. Turn begin too.\nBring real ever stay cause cause. Staff but nearly player light human bar race."
      }
    ]
  },
  {
    "timestamp": 1594133256,
    "title": "charlesthompson wrote on Dr. David Nguyen's timeline.",
    "tags": [
      "Linda Stark"
    ],
    "attachments": {
      "data": [
        {
          "external_context": {
            "url": "http://www.brady.com/"
          }
        }
      ]
    },
    "data": []
  },
  {
    "timestamp": 1609434721,
    "title": "charlesthompson wrote on Kayla Perez's timeline.",
    "tags": [
      "Daniel Jackson"
    ],
    "attachments": {
      "data": [
        {
          "external_context": {
            "url": "http://wilcox.info/"
          }
        }
      ]
    },
    "data": []
  },
  {
    "timestamp": 1614349377,
    "title": "charlesthompson wrote on Michelle Lopez's timeline.",
    "tags": [
      "Lisa Bennett"
    ],
    "attachments": {
      "data": [
        {
          "external_context": {
            "url": "http://www.meza-wolfe.info/"
          }
        }
      ]
    },
    "data": []
  },
  {
    "timestamp": 1585455887,
    "title": "charlesthompson wrote on Melissa Webb's timeline.",
    "tags": [
      "Kristen Francis"
    ],
    "attachments": {
      "data": [
        {
          "external_context": {
            "url": "http://thomas-anderson.com/"
          }
        }
      ]
    },
    "data": []
  },
  {
    "timestamp": 1613518398,
    "title": "charlesthompson wrote on Christopher White's timeline.",
    "tags": [
      "Kenneth Cook"
    ],
    "data": []
  },
  {
    "timestamp": 1585590737,
    "title": "charlesthompson wrote on Roberto Le's timeline.",
    "tags": [],
    "attachments": {
      "data": [
        {
          "external_context": {
            "url": "http://www.smith.com/",
            "name": "Owner month reveal truth true approach during including.",
            "source": "Ramos LLC"
          }
        }
      ]
    },
    "data": [
      {
        "post": "Line woman somebody entire subject. Should store change trade edge pay.\nTraining present standard say sort. Glass institution color can.\nMrs upon spring off. Establish politics street interest walk need down.\nChange respond agency happen road official reflect. Number pass public partner. Such dinner major charge PM.\nCoach add not political hard executive. Friend art special report measure. Service side and page image few despite."
      }
    ]
  },
  {
    "timestamp": 1619622186,
    "title": "charlesthompson wrote on Hannah Rios's timeline.",
    "tags": [],
    "attachments": {
      "data": [
        {
          "external_context": {
            "url": "http://mejia.com/"
          }
        }
      ]
    },
    "data": []
  },
  {
    "timestamp": 1609106124,
    "title": "charlesthompson wrote on Brooke Palmer's timeline.",
    "tags": [
      "Denise Wilson",
      "Clinton Williamson",
      "Mckenzie White"
    ],
    "attachments": {
      "data": [
        {
          "external_context": {
            "url": "https://www.parker.com/"
          }
        }
      ]
    },
    "data": [
      {
        "post": "Sound fight interesting us career old. Level see attack mission player let hundred note. Become sing economy price boy buy stage.\nMother no director bank. Project produce have nor stock will third successful. Public back building.\nArgue ready without action yet. Business miss them whom great maintain.\nAlone parent product sense big remain action worry. Home age short can usually big other. Respond check market fire eat community.\nPrevent occur might own artist. Class a us difference.",
        "update_timestamp": 1618855273
      }
    ]
  },
  {
    "timestamp": 1619862861,
    "title": "charlesthompson wrote on David Lee's timeline.",
    "tags": [],
    "data": []
  },
  {
    "timestamp": 1579351700,
    "title": "charlesthompson wrote on Dean Cardenas's timeline.",
    "tags": [
      "Stephanie Jefferson"
    ],
    "attachments": {
      "data": [
        {
          "external_context": {
            "url": "https://www.peters-johnson.com/"
          }
        }
      ]
    },
    "data": []
  },
  {
    "timestamp": 1619904400,
    "title": "charlesthompson wrote on Michael Bowman's timeline.",
    "tags": [],
    "attachments": {
      "data": [
        {
          "external_context": {
            "url": "http://ryan-haynes.org/"
          }
        }
      ]
    },
    "data": []
  },
  {
    "timestamp": 1617951105,
    "title": "charlesthompson wrote on Michael Haney's timeline.",
    "tags": [
      "Katie Maldonado",
      "William Sloan",
      "Zachary Dougherty"
    ],
    "attachments": {
      "data": [
        {
          "for_sale_item": {
            "title": "Face-to-face solution-oriented parallelism",
            "price": "$117",
            "seller": "charlesthompson",
            "created_timestamp": 1614352000,
            "updated_timestamp": 1606271920,
            "category": "Sports & outdoor",
            "marketplace": "nation-worker-role",
            "location": {
              "coordinate": {
                "lattitude": "51.62907",
                "longitude": "-0.74934"
              }
            },
            "description": "Animal model already tell her."
          }
        },
        {
          "media": {
            "uri": "https://dummyimage.com/833x806",
            "creation_timestamp": 1614352000,
            "media_metadata": {
              "upload_ip": "173.58.245.76"
            },
            "title": ""
          }
        }
      ]
    },
    "data": []
  },
  {
    "timestamp": 1597142222,
    "title": "charlesthompson wrote on Perry Robinson's timeline.",
    "tags": [
      "Jaclyn Anderson"
    ],
    "attachments": {
      "data": [
        {
          "external_context": {
            "url": "http://www.marshall-smith.com/"
          }
        }
      ]
    },
    "data": []
  },
  {
    "timestamp": 1612304427,
    "title": "charlesthompson wrote on Ronald Wade's timeline.",
    "tags": [
      "Lauren Aguilar DVM",
      "Aaron Schmidt"
    ],
    "data": []
  },
  {
    "timestamp": 1615003916,
    "title": "charlesthompson wrote on Teresa Maldonado's timeline.",
    "tags": [
      "Christopher Blankenship",
      "Michelle Miller",
      "Rita Mccoy"
    ],
    "data": []
  }
]