[
  {
    "timestamp": 1577877076,
    "title": "todd47 wrote on Anthony Burke's timeline.",
    "tags": [
      "Jonathan Odonnell",
      "Samuel Miller",
      "Travis Cannon"
    ],
    "attachments": {
      "data": [
        {
          "external_context": {
            "url": "https://www.beck-clark.net/"
          }
        }
      ]
    },
    "data": []
  },
  {
    "timestamp": 1605452045,
    "title": "todd47 wrote on Jonathan Espinoza's timeline.",
    "tags": [
      "Brenda Gould"
    ],
    "data": []
  },
  {
    "timestamp": 1591138064,
    "title": "todd47 wrote on Robert Frost's timeline.",
    "tags": [
      "Stephanie Reyes",
      "Tonya Johnson DVM",
      "Kimberly Jones"
    ],
    "attachments": {
      "data": [
        {
          "external_context": {
            "url": "http://www.stout.com/"
          }
        }
      ]
    },
    "data": []
  },
  {
    "timestamp": 1592538727,
    "title": "todd47 wrote on Aimee Simpson's timeline.",
    "tags": [
      "Megan Jensen"
    ],
    "data": []
  },
  {
    "timestamp": 1586043921,
    "title": "todd47 wrote on Jessica Wells's timeline.",
    "tags": [],
    "data": []
  },
  {
    "timestamp": 1585476198,
    "title": "todd47 wrote on Brandon Jackson's timeline.",
    "tags": [
      "Melissa Bishop",
      "Aaron Murray"
    ],
    "data": []
  },
  {
    "timestamp": 1600658374,
    "title": "todd47 wrote on Robin Barajas's timeline.",
    "tags": [
      "Mr. Eric Young"
    ],
    "attachments": {
      "data": [
        {
          "external_context": {
            "url": "https://yu-dodson.org/"
          }
        }
      ]
    },
    "data": []
  },
  {
    "timestamp": 1589590941,
    "title": "todd47 wrote on Kimberly Cummings's timeline.",
    "tags": [],
    "data": []
  },
  {
    "timestamp": 1600150325,
    "title": "todd47 wrote on Ryan Hayes's timeline.",
    "tags": [
      "Peggy Ortiz",
      "Christine Edwards"
    ],
    "data": []
  },
  {
    "timestamp": 1579190701,
    "title": "todd47 wrote on Anita James's timeline.",
    "tags": [],
    "attachments": {
      "data": [
        {
          "external_context": {
            "url": "http://www.dean.com/"
          }
        }
      ]
    },
    "data": []
  },
  {
    "timestamp": 1597388972,
    "title": "todd47 wrote on Maurice Walter's timeline.",
    "tags": [],
    "attachments": {
      "data": [
        {
          "external_context": {
            "url": "https://www.quinn.com/",
            "name": "Want back sense save interest.",
            "source": "Smith-Knox"
          }
        }
      ]
    },
    "data": []
  },
  {
    "timestamp": 1582084650,
    "title": "todd47 wrote on William Winters's timeline.",
    "tags": [
      "Martin Harrison",
      "Paul Wright"
    ],
    "data": [
      {
        "post": "International dark gun enough street role they. Shoulder protect value whether some. Matter hair control very summer usually bit.\nSouth where candidate participant term new. Outside former thousand respond big here. Green behind letter exactly Mr behavior. Question two during.\nLand name politics might executive personal I know. Building start concern with which. Amount key identify manage structure finally far organization."
      }
    ]
  },
  {
    "timestamp": 1589223863,
    "title": "todd47 wrote on William Poole's timeline.",
    "tags": [
      "Cindy Williams",
      "Jessica Mack"
    ],
    "attachments": {
      "data": [
        {
          "external_context": {
            "url": "https://zhang-bennett.com/"
          }
        }
      ]
    },
    "data": []
  },
  {
    "timestamp": 1598793396,
    "title": "todd47 wrote on Emily Shaw's timeline.",
    "tags": [
      "Andrea Miller"
    ],
    "data": []
  },
  {
    "timestamp": 1582455315,
    "title": "todd47 wrote on Janet Bender's timeline.",
    "tags": [
      "Juan Wood DDS"
    ],
    "attachments": {
      "data": [
        {
          "external_context": {
            "url": "https://baldwin.com/"
          }
        }
      ]
    },
    "data": []
  },
  {
    "timestamp": 1590768708,
    "title": "todd47 wrote on Dale Garcia's timeline.",
    "tags": [
      "Timothy Deleon",
      "Faith Guzman",
      "Sandra Gilmore"
    ],
    "attachments": {
      "data": [
        {
          "for_sale_item": {
            "title": "Cloned optimizing initiative",
            "price": "\u20a6932",
            "seller": "todd47",
            "created_timestamp": 1599951112,
            "updated_timestamp": 1609763086,
            "category": "Electronics",
            "marketplace": "food-always-wrong",
            "location": {
              "coordinate": {
                "lattitude": "30.24706",
                "longitude": "115.04814"
              }
            },
            "description": "Than blood process stand."
          }
        },
        {
          "media": {
            "uri": "https://placeimg.com/248/605/any",
            "creation_timestamp": 1599951112,
            "media_metadata": {
              "upload_ip": "24.107.6.125"
            },
            "title": ""
          }
        }
      ]
    },
    "data": []
  },
  {
    "timestamp": 1594882796,
    "title": "todd47 wrote on Rebecca Daniel's timeline.",
    "tags": [
      "Sharon Stuart",
      "Evelyn Valentine",
      "Michael Ortega"
    ],
    "data": []
  },
  {
    "timestamp": 1610674711,
    "title": "todd47 wrote on Karen Hill's timeline.",
    "tags": [
      "Heather Scott",
      "Michael Palmer"
    ],
    "data": []
  },
  {
    "timestamp": 1596655234,
    "title": "todd47 wrote on Sherri Hendricks's timeline.",
    "tags": [],
    "data": []
  },
  {
    "timestamp": 1605418032,
    "title": "todd47 wrote on Sarah Lin's timeline.",
    "tags": [],
    "data": []
  },
  {
    "timestamp": 1601228596,
    "title": "todd47 wrote on Jacob Brown's timeline.",
    "tags": [],
    "data": []
  },
  {
    "timestamp": 1581580022,
    "title": "todd47 wrote on Jamie Robinson's timeline.",
    "tags": [
      "Todd Kim",
      "Deanna Hale"
    ],
    "attachments": {
      "data": [
        {
          "external_context": {
            "url": "https://johnson-conway.com/"
          }
        }
      ]
    },
    "data": []
  },
  {
    "timestamp": 1611188435,
    "title": "todd47 wrote on Bradley Watson's timeline.",
    "tags": [
      "Stephanie Price",
      "Morgan Taylor"
    ],
    "attachments": {
      "data": [
        {
          "external_context": {
            "url": "https://www.mcdonald.biz/",
            "name": "Share after front.",
            "source": "Valdez, Bryant and Diaz"
          }
        }
      ]
    },
    "data": []
  },
  {
    "timestamp": 1595735451,
    "title": "todd47 wrote on Robin Henry's timeline.",
    "tags": [],
    "data": []
  },
  {
    "timestamp": 1599741285,
    "title": "todd47 wrote on Jeffrey Hughes's timeline.",
    "tags": [
      "Jason Phillips"
    ],
    "data": []
  },
  {
    "timestamp": 1603678262,
    "title": "todd47 wrote on Janet Holder's timeline.",
    "tags": [
      "Michelle Martinez",
      "Cynthia Gonzalez",
      "Samantha Cabrera"
    ],
    "data": []
  },
  {
    "timestamp": 1592462551,
    "title": "todd47 wrote on Sharon Abbott's timeline.",
    "tags": [
      "Kristin Savage DDS",
      "Charles Stokes",
      "Ricardo Perez"
    ],
    "data": []
  },
  {
    "timestamp": 1597843409,
    "title": "todd47 wrote on Stephen Deleon's timeline.",
    "tags": [
      "Shelley Kerr",
      "Andrew Patrick"
    ],
    "attachments": {
      "data": [
        {
          "external_context": {
            "url": "https://www.turner.org/",
            "name": "Perhaps suggest certain role.",
            "source": "Smith Ltd"
          }
        }
      ]
    },
    "data": []
  },
  {
    "timestamp": 1582582534,
    "title": "todd47 wrote on Nicole White's timeline.",
    "tags": [
      "Shawn Lynch",
      "Wesley Harris"
    ],
    "attachments": {
      "data": [
        {
          "external_context": {
            "url": "https://lopez.biz/",
            "name": "In professor find.",
            "source": "Howell, Davis and Brown"
          }
        }
      ]
    },
    "data": []
  },
  {
    "timestamp": 1592663999,
    "title": "todd47 wrote on Traci Lindsey's timeline.",
    "tags": [],
    "data": [
      {
        "post": "Throw phone foot your education suddenly Mr.\nArgue find never inside. Sell believe forward down dog.\nMusic on shake act difference show huge case. Similar hear guess goal some.\nBelieve seat theory your middle no shoulder until. Product test above behavior cover when.\nBuy else point want candidate glass. Far school director quickly herself within century.\nSource another onto national identify area. Situation language most recognize treat. Next occur out. Pull report fine month.\nAttorney resource should. Which whatever pattern movie."
      }
    ]
  },
  {
    "timestamp": 1584901046,
    "title": "todd47 wrote on Steven Ross's timeline.",
    "tags": [
      "Mark Weaver"
    ],
    "attachments": {
      "data": [
        {
          "external_context": {
            "url": "http://rivera-reeves.com/"
          }
        }
      ]
    },
    "data": []
  },
  {
    "timestamp": 1582043745,
    "title": "todd47 wrote on Darren Lawrence's timeline.",
    "tags": [
      "Michelle Bennett",
      "Eric Lucas",
      "Michelle Martin"
    ],
    "data": []
  },
  {
    "timestamp": 1595535642,
    "title": "todd47 wrote on Regina Murray's timeline.",
    "tags": [
      "Christine York",
      "Diana Thomas"
    ],
    "data": []
  },
  {
    "timestamp": 1607481470,
    "title": "todd47 wrote on Kayla Jones's timeline.",
    "tags": [
      "Joel Peterson"
    ],
    "data": []
  },
  {
    "timestamp": 1602058041,
    "title": "todd47 wrote on Darryl Bradley's timeline.",
    "tags": [],
    "data": []
  },
  {
    "timestamp": 1582776726,
    "title": "todd47 wrote on Lauren Browning's timeline.",
    "tags": [
      "Gabriel Reilly"
    ],
    "data": [
      {
        "post": "Need work eye who run. Network though teacher together.\nNewspaper a above raise radio job police. Five if past and.\nSix few make ago. Material enter grow stay process position. Under worker change reflect produce six clear. Kind without be class.\nWar trade game race man. Task control red huge seem daughter.\nTax artist left TV home news. Employee although mean read join perhaps ever. Type article hold drive possible."
      }
    ]
  },
  {
    "timestamp": 1582515950,
    "title": "todd47 wrote on Jennifer Mason's timeline.",
    "tags": [
      "Allison Cole",
      "Garrett Mason"
    ],
    "attachments": {
      "data": [
        {
          "external_context": {
            "url": "http://cooper.net/",
            "name": "Former attorney discuss program music drop television future.",
            "source": "Long, Allen and Phillips"
          }
        }
      ]
    },
    "data": [
      {
        "post": "Any mean left care thousand get likely. Clear or much without position project appear. Speech attention thing large address. Respond generation increase culture dog glass available.\nPoint property with science. Wife site wonder. Southern edge college pretty.\nDoctor check attention will management. Case box movie range especially.\nGarden provide she almost owner source down. According conference their discover trip.\nLikely effect leave dream hand garden. Lead stock teacher little.\nEnd save make rock though color police."
      }
    ]
  },
  {
    "timestamp": 1611985700,
    "title": "todd47 wrote on Wendy Bentley's timeline.",
    "tags": [
      "Peggy Gray",
      "Kristopher Patton",
      "Jennifer Obrien"
    ],
    "attachments": {
      "data": [
        {
          "external_context": {
            "url": "https://russo.org/"
          }
        }
      ]
    },
    "data": [
      {
        "post": "She difference pull international sign. Maybe professional true treat group picture.\nSame at southern general admit hair. Current into exactly each improve condition student. Degree hair camera.\nFirst various professional him. Consider chair she develop.\nResponse most again. But open various seven picture ask. Suddenly institution support land detail.\nHis character character. Couple lead five. Look security account."
      }
    ]
  },
  {
    "timestamp": 1577974181,
    "title": "todd47 wrote on Barbara Morrison's timeline.",
    "tags": [
      "Lynn Hunt",
      "Jeanette Bean",
      "Robert Rodriguez"
    ],
    "attachments": {
      "data": [
        {
          "for_sale_item": {
            "title": "Team-oriented content-based policy",
            "price": "$132",
            "seller": "todd47",
            "created_timestamp": 1580188060,
            "updated_timestamp": 1580128938,
            "category": "Electronics",
            "marketplace": "off-international",
            "location": {
              "coordinate": {
                "lattitude": "36.82167",
                "longitude": "128.63083"
              }
            },
            "description": "Sort arm charge. Ago soon study whom speak he ahead. Buy dream huge without thousand final figure."
          }
        },
        {
          "media": {
            "uri": "https://www.lorempixel.com/818/80",
            "creation_timestamp": 1580188060,
            "media_metadata": {
              "upload_ip": "62.223.244.149"
            },
            "title": ""
          }
        },
        {
          "media": {
            "uri": "https://dummyimage.com/927x385",
            "creation_timestamp": 1580188060,
            "media_metadata": {
              "upload_ip": "5.248.148.41"
            },
            "title": ""
          }
        },
        {
          "media": {
            "uri": "https://www.lorempixel.com/202/34",
            "creation_timestamp": 1580188060,
            "media_metadata": {
              "upload_ip": "72.125.211.41"
            },
            "title": ""
          }
        }
      ]
    },
    "data": []
  },
  {
    "timestamp": 1592863952,
    "title": "todd47 wrote on Jacqueline Wyatt's timeline.",
    "tags": [
      "Allen Henderson",
      "Richard Ross"
    ],
    "data": []
  },
  {
    "timestamp": 1588444613,
    "title": "todd47 wrote on Francisco Powell's timeline.",
    "tags": [
      "Christopher Jacobson",
      "Joy Parsons"
    ],
    "attachments": {
      "data": [
        {
          "for_sale_item": {
            "title": "Total intermediate focus group",
            "price": "\u20a8129",
            "seller": "todd47",
            "created_timestamp": 1597179425,
            "updated_timestamp": 1596933361,
            "category": "Sports & outdoor",
            "marketplace": "fast-between",
            "location": {
              "coordinate": {
                "lattitude": "53.59782",
                "longitude": "34.33825"
              }
            },
            "description": "Control risk until certain hear scientist growth enter."
          }
        },
        {
          "media": {
            "uri": "https://dummyimage.com/639x454",
            "creation_timestamp": 1597179425,
            "media_metadata": {
              "upload_ip": "24.161.29.25"
            },
            "title": ""
          }
        }
      ]
    },
    "data": []
  },
  {
    "timestamp": 1592786710,
    "title": "todd47 wrote on Ms. Carla Ruiz's timeline.",
    "tags": [
      "Claudia Potts",
      "Amber Stafford"
    ],
    "data": []
  },
  {
    "timestamp": 1594643189,
    "title": "todd47 wrote on Timothy Garcia's timeline.",
    "tags": [
      "Jonathan Ray",
      "Amanda Edwards",
      "Holly Richard"
    ],
    "attachments": {
      "data": [
        {
          "external_context": {
            "url": "https://www.gray.com/"
          }
        }
      ]
    },
    "data": [
      {
        "post": "Unit it much nation mention. Price heavy floor look wall.\nBuild water write owner evidence face. Art reveal test ever itself hour remain your. Move protect administration item.\nPlace treat particularly. Guess decision reflect.\nRed unit far degree. Time wrong page real explain. Dream check available movie already these have throughout.\nSize modern character knowledge often often. Cell begin audience according.\nStand beyond let will. Thousand when agent generation operation international just."
      }
    ]
  },
  {
    "timestamp": 1599811852,
    "title": "todd47 wrote on Stephanie Long's timeline.",
    "tags": [
      "Marie Pearson",
      "Katie Barton",
      "Michael Baker"
    ],
    "attachments": {
      "data": [
        {
          "external_context": {
            "url": "http://dunn-todd.com/",
            "name": "Effort perhaps study eye this.",
            "source": "Hodges, Gamble and Garcia"
          }
        }
      ]
    },
    "data": []
  },
  {
    "timestamp": 1599295023,
    "title": "todd47 wrote on Diane Aguilar's timeline.",
    "tags": [],
    "attachments": {
      "data": [
        {
          "for_sale_item": {
            "title": "Secured eco-centric archive",
            "price": "$331",
            "seller": "todd47",
            "created_timestamp": 1600445600,
            "updated_timestamp": 1591969984,
            "category": "Sports & outdoor",
            "marketplace": "tonight-across",
            "location": {
              "coordinate": {
                "lattitude": "51.67822",
                "longitude": "33.9162"
              }
            },
            "description": "Science hundred if whose low. Some if range camera nor."
          }
        },
        {
          "media": {
            "uri": "https://dummyimage.com/700x378",
            "creation_timestamp": 1600445600,
            "media_metadata": {
              "upload_ip": "195.100.26.47"
            },
            "title": ""
          }
        },
        {
          "media": {
            "uri": "https://placekitten.com/262/895",
            "creation_timestamp": 1600445600,
            "media_metadata": {
              "upload_ip": "106.151.75.52"
            },
            "title": ""
          }
        }
      ]
    },
    "data": []
  },
  {
    "timestamp": 1609463806,
    "title": "todd47 wrote on Kylie Brady's timeline.",
    "tags": [
      "Matthew Rodriguez"
    ],
    "attachments": {
      "data": [
        {
          "external_context": {
            "url": "http://caldwell.com/"
          }
        }
      ]
    },
    "data": []
  },
  {
    "timestamp": 1588926526,
    "title": "todd47 wrote on Jimmy Riley's timeline.",
    "tags": [
      "Robin Ponce"
    ],
    "data": []
  },
  {
    "timestamp": 1583488937,
    "title": "todd47 wrote on Lisa Gordon's timeline.",
    "tags": [
      "Paige Barrett",
      "Curtis Hansen",
      "Loretta Martin"
    ],
    "attachments": {
      "data": [
        {
          "external_context": {
            "url": "http://www.cook.com/"
          }
        }
      ]
    },
    "data": []
  },
  {
    "timestamp": 1587282867,
    "title": "todd47 wrote on Shannon Anderson's timeline.",
    "tags": [
      "Christopher Spears II",
      "Travis Sherman",
      "Chelsey Newman"
    ],
    "data": []
  },
  {
    "timestamp": 1601918920,
    "title": "todd47 wrote on Gregory Kim's timeline.",
    "tags": [
      "Nicole Cox",
      "Jennifer Adams"
    ],
    "data": [
      {
        "post": "Cause church machine upon culture chair day. Score final opportunity seven finally different.\nEvidence appear clearly defense. Little power when let bring natural street. Whether remain enter we work or.\nMrs three spend sure could usually. Compare give indeed law skin third town risk.\nTo light shoulder material. Age window indicate land church serve decision.\nTreat language small bill PM continue. Role nice agreement treat western newspaper."
      }
    ]
  },
  {
    "timestamp": 1588172678,
    "title": "todd47 wrote on Angel Jones's timeline.",
    "tags": [
      "Jason Johnson",
      "Jacob Nelson",
      "Brandon Howell"
    ],
    "data": [
      {
        "post": "Worker try wonder up. Organization weight clearly player card stock apply.\nLose perhaps wait idea. Spend approach enjoy gun next.\nOff despite concern impact three leave. Expect many party school.\nBuild your hope long exist yes. Close conference compare anything.\nReach method owner. In decide place development. Sound wonder probably movie capital training impact.\nWant generation chance more animal. This election us public section same beautiful.\nProve nothing lay watch ten sell. Environment week clear music friend thousand long."
      }
    ]
  },
  {
    "timestamp": 1580910779,
    "title": "todd47 wrote on Diane Thomas's timeline.",
    "tags": [
      "Jennifer Yu",
      "Brandon Johnston",
      "Eric Frazier"
    ],
    "data": []
  },
  {
    "timestamp": 1583392546,
    "title": "todd47 wrote on Crystal Martinez's timeline.",
    "tags": [
      "Maria Soto"
    ],
    "data": []
  },
  {
    "timestamp": 1596681474,
    "title": "todd47 wrote on Christopher Harper's timeline.",
    "tags": [
      "Gregory Santos",
      "Benjamin Murphy"
    ],
    "attachments": {
      "data": [
        {
          "external_context": {
            "url": "http://greene.com/",
            "name": "Activity those lawyer artist author or.",
            "source": "Ramos-Stanton"
          }
        }
      ]
    },
    "data": []
  },
  {
    "timestamp": 1596535766,
    "title": "todd47 wrote on Cassie Foster's timeline.",
    "tags": [
      "Andrea Barajas",
      "Ashley Jackson"
    ],
    "data": []
  },
  {
    "timestamp": 1596324450,
    "title": "todd47 wrote on Kathy Peterson's timeline.",
    "tags": [],
    "data": [
      {
        "post": "Son group animal language everyone audience nor us.\nWar for pull west contain mother itself. Form organization organization last such.\nPm field allow. Budget evidence radio my. Factor project author building build.\nThank owner some hundred travel. Clearly Mrs party president voice. Deal if than.\nDrug response culture rate TV. Green his baby car. Audience sport away section six.\nPart treat design modern enough. Culture product audience here require kid."
      }
    ]
  },
  {
    "timestamp": 1599055079,
    "title": "todd47 wrote on Elizabeth Ponce's timeline.",
    "tags": [
      "Jerry Cole",
      "Rebecca Williams",
      "Alicia Curry"
    ],
    "data": []
  },
  {
    "timestamp": 1585032185,
    "title": "todd47 wrote on Karen Murphy's timeline.",
    "tags": [],
    "data": []
  },
  {
    "timestamp": 1582094668,
    "title": "todd47 wrote on Alicia Kelley MD's timeline.",
    "tags": [],
    "data": [
      {
        "post": "Mr total fund study method tough huge. Such relationship condition career modern.\nHair produce that environment everyone sort believe.\nThen travel maybe. President evening purpose another. Leave face sort.\nSmile six relate vote drop water movie. Create trouble president character more technology student.\nGreat last everyone world summer around art interest. Section ten future street mission body politics body. Rule better science of."
      }
    ]
  },
  {
    "timestamp": 1608843603,
    "title": "todd47 wrote on Tamara Morris's timeline.",
    "tags": [
      "Katelyn Blackburn"
    ],
    "attachments": {
      "data": [
        {
          "for_sale_item": {
            "title": "Phased value-added protocol",
            "price": "\u17db25",
            "seller": "todd47",
            "created_timestamp": 1603426820,
            "updated_timestamp": 1598145039,
            "category": "Health & Lifestyle",
            "marketplace": "since-try-authority",
            "location": {
              "coordinate": {
                "lattitude": "41.48199",
                "longitude": "-81.79819"
              }
            },
            "description": "Throughout traditional when glass guy tell peace last. Likely task glass dream suffer. Book pattern into state approach too."
          }
        },
        {
          "media": {
            "uri": "https://www.lorempixel.com/615/481",
            "creation_timestamp": 1603426820,
            "media_metadata": {
              "upload_ip": "12.87.211.134"
            },
            "title": ""
          }
        },
        {
          "media": {
            "uri": "https://placekitten.com/951/948",
            "creation_timestamp": 1603426820,
            "media_metadata": {
              "upload_ip": "11.0.224.194"
            },
            "title": ""
          }
        },
        {
          "media": {
            "uri": "https://www.lorempixel.com/729/632",
            "creation_timestamp": 1603426820,
            "media_metadata": {
              "upload_ip": "34.102.121.41"
            },
            "title": ""
          }
        }
      ]
    },
    "data": []
  },
  {
    "timestamp": 1601446539,
    "title": "todd47 wrote on Kevin Hall PhD's timeline.",
    "tags": [],
    "data": []
  },
  {
    "timestamp": 1593105253,
    "title": "todd47 wrote on Michelle Raymond's timeline.",
    "tags": [
      "Joseph Rodriguez",
      "Michelle Zuniga",
      "Brandon Wright"
    ],
    "data": []
  },
  {
    "timestamp": 1604761812,
    "title": "todd47 wrote on Denise Bowen's timeline.",
    "tags": [
      "Bethany Mitchell"
    ],
    "data": []
  },
  {
    "timestamp": 1580016853,
    "title": "todd47 wrote on Kenneth Parks's timeline.",
    "tags": [
      "Mary Ramirez",
      "Kenneth Sullivan",
      "James Johnson"
    ],
    "data": []
  },
  {
    "timestamp": 1608200038,
    "title": "todd47 wrote on Ronald Becker's timeline.",
    "tags": [
      "Ms. Wendy Davis DDS"
    ],
    "attachments": {
      "data": [
        {
          "external_context": {
            "url": "http://www.noble-ayers.com/"
          }
        }
      ]
    },
    "data": []
  },
  {
    "timestamp": 1582825855,
    "title": "todd47 wrote on Jennifer Brown's timeline.",
    "tags": [
      "Noah Shea",
      "Michael Ball"
    ],
    "data": []
  },
  {
    "timestamp": 1590121197,
    "title": "todd47 wrote on Justin Jacobs's timeline.",
    "tags": [
      "Robert Dixon",
      "Dylan Best"
    ],
    "attachments": {
      "data": [
        {
          "external_context": {
            "url": "https://www.mahoney.com/"
          }
        }
      ]
    },
    "data": []
  },
  {
    "timestamp": 1606957801,
    "title": "todd47 wrote on Jason Williams's timeline.",
    "tags": [
      "Ashley Hill"
    ],
    "data": []
  },
  {
    "timestamp": 1578083778,
    "title": "todd47 wrote on Sarah Bass's timeline.",
    "tags": [
      "Adam Andrews",
      "Joseph Bryan"
    ],
    "data": []
  },
  {
    "timestamp": 1579183186,
    "title": "todd47 wrote on Dennis Howard's timeline.",
    "tags": [
      "Timothy Gilbert"
    ],
    "data": []
  },
  {
    "timestamp": 1601837571,
    "title": "todd47 wrote on Cristian Brown's timeline.",
    "tags": [
      "Dustin Martin",
      "Whitney Malone"
    ],
    "data": [
      {
        "post": "Eight story increase speak.\nDemocrat eight data increase piece course. Design leg mention.\nUnder represent author say between.\nBox yourself head social week piece. Need teach rich according to administration interview near.\nDay social response shake choose institution. Act indeed pick job him.\nMeet Congress benefit live part line threat. Sort gas option child early money."
      }
    ]
  },
  {
    "timestamp": 1579889857,
    "title": "todd47 wrote on Norma Pineda's timeline.",
    "tags": [
      "Alyssa Cox"
    ],
    "data": []
  },
  {
    "timestamp": 1596390013,
    "title": "todd47 wrote on Christopher Brown's timeline.",
    "tags": [
      "Jaime Reynolds",
      "Donald Patterson",
      "Andre Benjamin"
    ],
    "data": []
  },
  {
    "timestamp": 1612335588,
    "title": "todd47 wrote on Robin Vega's timeline.",
    "tags": [
      "Scott Jensen",
      "Christopher Brown",
      "Charles Thompson"
    ],
    "attachments": {
      "data": [
        {
          "external_context": {
            "url": "https://preston.com/",
            "name": "Tax change form there challenge season paper.",
            "source": "Garcia, Curtis and Figueroa"
          }
        }
      ]
    },
    "data": []
  },
  {
    "timestamp": 1583995316,
    "title": "todd47 wrote on Claudia Thornton's timeline.",
    "tags": [
      "Amy Graham",
      "David Aguilar"
    ],
    "attachments": {
      "data": [
        {
          "external_context": {
            "url": "https://graham-smith.com/"
          }
        }
      ]
    },
    "data": []
  },
  {
    "timestamp": 1597705683,
    "title": "todd47 wrote on Terry Allen's timeline.",
    "tags": [
      "Amy Conner",
      "Sarah Henderson",
      "Sandra Hall"
    ],
    "attachments": {
      "data": [
        {
          "external_context": {
            "url": "https://www.knox.com/"
          }
        }
      ]
    },
    "data": []
  },
  {
    "timestamp": 1603479769,
    "title": "todd47 wrote on Deborah Roberts's timeline.",
    "tags": [
      "Jeffrey Stone"
    ],
    "data": []
  },
  {
    "timestamp": 1594014020,
    "title": "todd47 wrote on Jonathon Cox's timeline.",
    "tags": [
      "Timothy Oliver",
      "Richard Williams",
      "Elizabeth Berry"
    ],
    "data": []
  },
  {
    "timestamp": 1585023846,
    "title": "todd47 wrote on Kurt Harrison's timeline.",
    "tags": [],
    "attachments": {
      "data": [
        {
          "external_context": {
            "url": "http://www.malone.com/"
          }
        }
      ]
    },
    "data": []
  },
  {
    "timestamp": 1603970541,
    "title": "todd47 wrote on Angel Harris's timeline.",
    "tags": [
      "Stephanie Cooley",
      "Heather Garcia"
    ],
    "attachments": {
      "data": [
        {
          "external_context": {
            "url": "https://thompson-powell.com/"
          }
        }
      ]
    },
    "data": []
  },
  {
    "timestamp": 1605438895,
    "title": "todd47 wrote on Andre Davis's timeline.",
    "tags": [],
    "data": []
  },
  {
    "timestamp": 1584772090,
    "title": "todd47 wrote on Michelle Powell's timeline.",
    "tags": [
      "Nicole Rodriguez"
    ],
    "attachments": {
      "data": [
        {
          "external_context": {
            "url": "https://www.mullins-jackson.com/"
          }
        }
      ]
    },
    "data": []
  },
  {
    "timestamp": 1590550237,
    "title": "todd47 wrote on Lisa Baker's timeline.",
    "tags": [
      "Sarah Thomas",
      "Angela Diaz"
    ],
    "attachments": {
      "data": [
        {
          "external_context": {
            "url": "http://www.stone.com/"
          }
        }
      ]
    },
    "data": []
  },
  {
    "timestamp": 1578846127,
    "title": "todd47 wrote on John Johnson's timeline.",
    "tags": [
      "Jennifer Silva",
      "Tyler Cole",
      "Spencer Mercer"
    ],
    "attachments": {
      "data": [
        {
          "external_context": {
            "url": "http://www.thomas-coleman.net/"
          }
        }
      ]
    },
    "data": []
  },
  {
    "timestamp": 1608531897,
    "title": "todd47 wrote on Ashley Campbell's timeline.",
    "tags": [
      "Shawn Stevens",
      "Kelly Roman"
    ],
    "data": []
  },
  {
    "timestamp": 1604917855,
    "title": "todd47 wrote on Amanda Glover's timeline.",
    "tags": [
      "Adrian Sanchez"
    ],
    "data": [
      {
        "post": "Table suffer third surface themselves by. Owner real every expect outside. Step century despite election democratic.\nI marriage trip again plant. Most call like. Also consumer his food page true brother.\nAgain high better senior. Chance modern contain test. Chair finish blue difficult more somebody blood beat.\nWhere doctor price base book. Require bring analysis understand administration would write. Able about party probably.\nMachine one thank think. Prevent risk especially real Congress apply level."
      }
    ]
  },
  {
    "timestamp": 1609197196,
    "title": "todd47 wrote on Mario Garcia's timeline.",
    "tags": [
      "Jeffrey Brennan",
      "Matthew Montgomery"
    ],
    "data": []
  },
  {
    "timestamp": 1582170236,
    "title": "todd47 wrote on Kyle Cannon's timeline.",
    "tags": [
      "Rachel Williams",
      "Melissa Estes"
    ],
    "data": []
  },
  {
    "timestamp": 1583454516,
    "title": "todd47 wrote on Paul Dawson's timeline.",
    "tags": [
      "Lisa Thomas"
    ],
    "data": []
  },
  {
    "timestamp": 1580431441,
    "title": "todd47 wrote on James Martin's timeline.",
    "tags": [
      "Hunter Ramirez"
    ],
    "attachments": {
      "data": [
        {
          "external_context": {
            "url": "http://hicks.com/"
          }
        }
      ]
    },
    "data": []
  },
  {
    "timestamp": 1593766834,
    "title": "todd47 wrote on Felicia Mcintyre's timeline.",
    "tags": [
      "Marie Nelson",
      "Jennifer Brown",
      "Kristin Garcia"
    ],
    "data": []
  },
  {
    "timestamp": 1598923889,
    "title": "todd47 wrote on Jesse Jennings's timeline.",
    "tags": [
      "Amy Sims"
    ],
    "data": []
  },
  {
    "timestamp": 1598945760,
    "title": "todd47 wrote on Donald Finley's timeline.",
    "tags": [],
    "attachments": {
      "data": [
        {
          "external_context": {
            "url": "http://www.kerr.com/"
          }
        }
      ]
    },
    "data": []
  },
  {
    "timestamp": 1591361399,
    "title": "todd47 wrote on Hunter Bryant's timeline.",
    "tags": [
      "Shannon Reynolds"
    ],
    "data": []
  },
  {
    "timestamp": 1585505135,
    "title": "todd47 wrote on Anita Taylor's timeline.",
    "tags": [
      "Holly Moreno",
      "Karen Nichols"
    ],
    "data": []
  },
  {
    "timestamp": 1583277720,
    "title": "todd47 wrote on Richard Allen's timeline.",
    "tags": [],
    "data": [
      {
        "post": "Loss develop staff sea itself. Allow where great particular offer free involve.\nPerformance everyone finally cold wife democratic heart each. Care view prevent size box dark movement.\nMe stage cover wife month onto usually once. True system data than discuss energy. Could daughter various actually school water bring yes.\nSchool bit prevent example thing place. Whatever admit customer thank need. Work then campaign those recent.\nMovie week exactly food project owner talk. Voice property evening attack would think."
      }
    ]
  },
  {
    "timestamp": 1587709066,
    "title": "todd47 wrote on Travis Simmons's timeline.",
    "tags": [],
    "data": []
  },
  {
    "timestamp": 1592483560,
    "title": "todd47 wrote on Sandra Dunn's timeline.",
    "tags": [
      "Nicholas Cooper",
      "Tracy Glover",
      "Donna Weiss"
    ],
    "data": []
  },
  {
    "timestamp": 1586173030,
    "title": "todd47 wrote on Benjamin Foster's timeline.",
    "tags": [
      "Tracy Taylor",
      "Daniel Haney"
    ],
    "data": []
  },
  {
    "timestamp": 1584210915,
    "title": "todd47 wrote on Anthony Key's timeline.",
    "tags": [
      "Devon Cross",
      "Jon Cardenas"
    ],
    "data": []
  }
]