[
  {
    "timestamp": 1588115629,
    "title": "todd47 wrote on Jeremy Ortiz's timeline.",
    "tags": [
      "Michele Stone"
    ],
    "data": []
  },
  {
    "timestamp": 1599305083,
    "title": "todd47 wrote on Catherine Brown's timeline.",
    "tags": [
      "Timothy Brown",
      "Anna Jordan"
    ],
    "attachments": {
      "data": [
        {
          "for_sale_item": {
            "title": "Extended composite functionalities",
            "price": "$201",
            "seller": "todd47",
            "created_timestamp": 1584100095,
            "updated_timestamp": 1577973602,
            "category": "Sports & outdoor",
            "marketplace": "by-one-fast-various",
            "location": {
              "coordinate": {
                "lattitude": "36.91023",
                "longitude": "-121.75689"
              }
            },
            "description": "Arrive choice their air production. Most least newspaper. Heavy character more dream idea."
          }
        },
        {
          "media": {
            "uri": "https://placeimg.com/317/195/any",
            "creation_timestamp": 1584100095,
            "media_metadata": {
              "upload_ip": "169.80.19.6"
            },
            "title": ""
          }
        },
        {
          "media": {
            "uri": "https://dummyimage.com/196x184",
            "creation_timestamp": 1584100095,
            "media_metadata": {
              "upload_ip": "30.129.234.47"
            },
            "title": ""
          }
        }
      ]
    },
    "data": []
  },
  {
    "timestamp": 1608521519,
    "title": "todd47 wrote on Daniel Vargas's timeline.",
    "tags": [],
    "attachments": {
      "data": [
        {
          "external_context": {
            "url": "https://www.garcia-perry.org/"
          }
        }
      ]
    },
    "data": []
  },
  {
    "timestamp": 1593340731,
    "title": "todd47 wrote on Cheryl Davis's timeline.",
    "tags": [
      "Jon Bennett",
      "Kelly Case",
      "Jennifer Horne"
    ],
    "data": []
  },
  {
    "timestamp": 1604171067,
    "title": "todd47 wrote on Tim Gonzalez's timeline.",
    "tags": [
      "Nicole Kelly"
    ],
    "data": []
  },
  {
    "timestamp": 1608366102,
    "title": "todd47 wrote on Stephen Morris's timeline.",
    "tags": [
      "Christine Thomas"
    ],
    "data": [
      {
        "post": "Sit interesting personal turn. Police organization beat determine gas to produce team. Scene sing behavior south game official no soon.\nIndividual around expert pattern story might why. Politics eight institution finish only onto.\nGreen none car value summer. High rule memory such box outside. Approach money writer feeling.\nOccur shake certainly large charge. Today want issue.\nPerformance arrive fall too spring throughout. Heavy boy you long direction ready."
      }
    ]
  },
  {
    "timestamp": 1598744909,
    "title": "todd47 wrote on William Rodriguez's timeline.",
    "tags": [
      "Frank Miller",
      "Sara Miller",
      "Carla Mcdaniel"
    ],
    "data": []
  },
  {
    "timestamp": 1585989427,
    "title": "todd47 wrote on Joseph Tucker's timeline.",
    "tags": [
      "Keith Franklin",
      "Stacy Spears"
    ],
    "attachments": {
      "data": [
        {
          "external_context": {
            "url": "https://martin.com/"
          }
        }
      ]
    },
    "data": [
      {
        "post": "Same save doctor red physical find morning. Significant exactly receive economic out although.\nSay become likely tend suggest. Prepare Democrat stand act sister light husband relate.\nHigh father actually program idea type.\nGirl probably live others source when. Price song though sure."
      }
    ]
  },
  {
    "timestamp": 1602314874,
    "title": "todd47 wrote on Sherri Turner's timeline.",
    "tags": [
      "Renee Williamson"
    ],
    "attachments": {
      "data": [
        {
          "external_context": {
            "url": "http://roth.com/",
            "name": "Station professor artist school store.",
            "source": "Gomez-Barber"
          }
        }
      ]
    },
    "data": []
  },
  {
    "timestamp": 1600524427,
    "title": "todd47 wrote on Maria Camacho's timeline.",
    "tags": [
      "Sarah Young"
    ],
    "data": []
  },
  {
    "timestamp": 1585430125,
    "title": "todd47 wrote on Matthew Williams's timeline.",
    "tags": [],
    "data": []
  },
  {
    "timestamp": 1580938049,
    "title": "todd47 wrote on Lisa Copeland's timeline.",
    "tags": [
      "Patricia Gonzalez"
    ],
    "data": []
  },
  {
    "timestamp": 1584554242,
    "title": "todd47 wrote on Thomas Lynn's timeline.",
    "tags": [
      "Elizabeth Everett",
      "Christopher Harvey"
    ],
    "data": []
  },
  {
    "timestamp": 1591172438,
    "title": "todd47 wrote on Ruth Perez's timeline.",
    "tags": [
      "Michael Knox"
    ],
    "data": []
  },
  {
    "timestamp": 1601303842,
    "title": "todd47 wrote on David Hancock's timeline.",
    "tags": [
      "Bobby Doyle"
    ],
    "data": []
  },
  {
    "timestamp": 1609158777,
    "title": "todd47 wrote on Vanessa Robles's timeline.",
    "tags": [],
    "data": []
  },
  {
    "timestamp": 1606867566,
    "title": "todd47 wrote on Andrew Miller's timeline.",
    "tags": [
      "Mark Estes"
    ],
    "data": []
  },
  {
    "timestamp": 1581389157,
    "title": "todd47 wrote on Tracy Velez's timeline.",
    "tags": [
      "Monique Velasquez",
      "Krista Gray",
      "Sarah Davis"
    ],
    "data": []
  },
  {
    "timestamp": 1594276863,
    "title": "todd47 wrote on Barbara Copeland's timeline.",
    "tags": [
      "Andrew Jennings",
      "Corey Mack II"
    ],
    "data": []
  },
  {
    "timestamp": 1590250800,
    "title": "todd47 wrote on Mr. Michael Robinson's timeline.",
    "tags": [
      "Peter Villegas",
      "Russell Hurst"
    ],
    "attachments": {
      "data": [
        {
          "external_context": {
            "url": "https://www.johnson-flores.org/"
          }
        }
      ]
    },
    "data": []
  },
  {
    "timestamp": 1578478483,
    "title": "todd47 wrote on Lori Roberts's timeline.",
    "tags": [],
    "data": []
  },
  {
    "timestamp": 1589137752,
    "title": "todd47 wrote on Amy Huber's timeline.",
    "tags": [
      "Brandon Morgan",
      "Eric Wells"
    ],
    "attachments": {
      "data": [
        {
          "external_context": {
            "url": "http://www.marshall-browning.org/"
          }
        }
      ]
    },
    "data": []
  },
  {
    "timestamp": 1593765802,
    "title": "todd47 wrote on Cynthia Ramos's timeline.",
    "tags": [
      "Mr. Daniel Levine",
      "Barbara Ross",
      "Derrick Taylor"
    ],
    "data": []
  },
  {
    "timestamp": 1593138017,
    "title": "todd47 wrote on Kathryn Clayton's timeline.",
    "tags": [
      "Jacob Hinton",
      "Patricia Hale",
      "Kimberly Hill"
    ],
    "data": []
  },
  {
    "timestamp": 1590342382,
    "title": "todd47 wrote on Jeff Ball's timeline.",
    "tags": [
      "Todd Gonzalez"
    ],
    "attachments": {
      "data": [
        {
          "external_context": {
            "url": "http://lewis.info/"
          }
        }
      ]
    },
    "data": []
  },
  {
    "timestamp": 1589732601,
    "title": "todd47 wrote on Virginia Hernandez's timeline.",
    "tags": [
      "Bill Wilson",
      "Michael Potter"
    ],
    "data": []
  },
  {
    "timestamp": 1611649473,
    "title": "todd47 wrote on Ms. Pamela Duran's timeline.",
    "tags": [
      "Lori West",
      "Robert Hughes",
      "Leslie Murray"
    ],
    "attachments": {
      "data": [
        {
          "external_context": {
            "url": "http://www.cook-collins.info/",
            "name": "Very move should own field physical avoid behavior.",
            "source": "Young, Calhoun and Walton"
          }
        }
      ]
    },
    "data": []
  },
  {
    "timestamp": 1580749201,
    "title": "todd47 wrote on Sandra Day's timeline.",
    "tags": [],
    "data": []
  },
  {
    "timestamp": 1585520605,
    "title": "todd47 wrote on Adam Howell's timeline.",
    "tags": [
      "Mary Johnson",
      "Matthew Dennis",
      "Nicholas Larson"
    ],
    "data": [
      {
        "post": "They treatment know peace same class. Baby require act take weight phone she.\nAgent TV power imagine see. Remain note eight language reach one. Run here provide bit.\nBit Republican area attention treat.\nMinute debate budget today must. Black trade long data firm.\nConsider I pass operation office decade else. Usually single hospital simple somebody science start.\nFilm member month close can. Pressure author tend how in game. Sea step fund.\nExist member war throw fact control easy answer."
      }
    ]
  },
  {
    "timestamp": 1603287212,
    "title": "todd47 wrote on Joyce Frazier's timeline.",
    "tags": [
      "Andrew Rose",
      "Connor Page"
    ],
    "data": []
  },
  {
    "timestamp": 1586710941,
    "title": "todd47 wrote on Monica Atkins's timeline.",
    "tags": [
      "Kevin Garcia"
    ],
    "data": []
  },
  {
    "timestamp": 1597755758,
    "title": "todd47 wrote on James Cuevas's timeline.",
    "tags": [
      "Reginald Williams",
      "Alexander Bailey"
    ],
    "data": []
  },
  {
    "timestamp": 1602241981,
    "title": "todd47 wrote on Tyler Shepherd's timeline.",
    "tags": [
      "Zachary White",
      "Kristi Phillips"
    ],
    "data": []
  },
  {
    "timestamp": 1598664600,
    "title": "todd47 wrote on Philip Brown's timeline.",
    "tags": [
      "Robert Williams",
      "Karina Simmons"
    ],
    "data": []
  },
  {
    "timestamp": 1611628949,
    "title": "todd47 wrote on Shane Watkins's timeline.",
    "tags": [
      "Amanda Wright",
      "Tiffany Washington",
      "Jose Jacobs"
    ],
    "attachments": {
      "data": [
        {
          "external_context": {
            "url": "https://www.cunningham-davis.com/"
          }
        }
      ]
    },
    "data": []
  },
  {
    "timestamp": 1611667473,
    "title": "todd47 wrote on Paul Ryan's timeline.",
    "tags": [
      "Terri Martinez",
      "Emily Butler"
    ],
    "data": []
  },
  {
    "timestamp": 1596319013,
    "title": "todd47 wrote on Craig Ortiz's timeline.",
    "tags": [
      "Emily Moon",
      "Darryl Walters",
      "Robert Anderson"
    ],
    "data": []
  },
  {
    "timestamp": 1611771000,
    "title": "todd47 wrote on Jamie Chandler's timeline.",
    "tags": [],
    "data": [
      {
        "post": "Lead happen position down. Chair without sound general deal.\nSet sign ability improve cost dark north. Well investment draw save guy.\nTravel draw ability doctor concern near wall. Among minute hot human data. Congress voice have.\nCouple property people why. Glass task item international bit.\nParent give system. Goal could society big."
      }
    ]
  },
  {
    "timestamp": 1594124117,
    "title": "todd47 wrote on Jerry Baker's timeline.",
    "tags": [],
    "attachments": {
      "data": [
        {
          "external_context": {
            "url": "http://sandoval.com/",
            "name": "Leader draw why coach determine.",
            "source": "Carroll Inc"
          }
        }
      ]
    },
    "data": []
  },
  {
    "timestamp": 1603478209,
    "title": "todd47 wrote on Michael Lopez's timeline.",
    "tags": [
      "Brooke Harris"
    ],
    "attachments": {
      "data": [
        {
          "external_context": {
            "url": "https://www.cobb.com/"
          }
        }
      ]
    },
    "data": []
  },
  {
    "timestamp": 1598176782,
    "title": "todd47 wrote on Larry Solomon's timeline.",
    "tags": [
      "Willie Wright",
      "Kelly Pineda",
      "Melissa Gray"
    ],
    "data": []
  },
  {
    "timestamp": 1592170925,
    "title": "todd47 wrote on Brittany Jackson's timeline.",
    "tags": [
      "Aaron Simmons",
      "Kim Hale"
    ],
    "attachments": {
      "data": [
        {
          "for_sale_item": {
            "title": "Seamless object-oriented info-mediaries",
            "price": "$60",
            "seller": "todd47",
            "created_timestamp": 1591639107,
            "updated_timestamp": 1583357207,
            "category": "Electronics",
            "marketplace": "north-reality-lot",
            "location": {
              "coordinate": {
                "lattitude": "55.39485",
                "longitude": "43.83992"
              }
            },
            "description": "Entire hope bed general current describe. Maybe later skin require activity."
          }
        },
        {
          "media": {
            "uri": "https://www.lorempixel.com/765/373",
            "creation_timestamp": 1591639107,
            "media_metadata": {
              "upload_ip": "74.136.52.27"
            },
            "title": ""
          }
        }
      ]
    },
    "data": []
  },
  {
    "timestamp": 1606569299,
    "title": "todd47 wrote on Tommy Flores's timeline.",
    "tags": [
      "Misty Allen"
    ],
    "attachments": {
      "data": [
        {
          "external_context": {
            "url": "https://www.brown.info/"
          }
        }
      ]
    },
    "data": []
  },
  {
    "timestamp": 1583138913,
    "title": "todd47 wrote on Vincent Jackson's timeline.",
    "tags": [],
    "data": []
  },
  {
    "timestamp": 1603475959,
    "title": "todd47 wrote on Jerry Gibson's timeline.",
    "tags": [
      "Rhonda Scott",
      "Tyler Cook",
      "Amanda Kelley"
    ],
    "attachments": {
      "data": [
        {
          "external_context": {
            "url": "https://www.goodwin.com/"
          }
        }
      ]
    },
    "data": [
      {
        "post": "Up view top newspaper ground east. Send vote sound write certain production general. Population site wall practice rate indeed media. Never growth baby hour time the training yet.\nConference fish environment least prevent fine form media. Wear charge wrong live her teacher figure. Sit more deep.\nMovement catch near statement single. Just sport more each science.\nStyle floor decade describe course. Example north hotel.\nFinish young face product after. Place family consider player one floor main apply. Amount capital professional network scientist each among."
      }
    ]
  },
  {
    "timestamp": 1612264299,
    "title": "todd47 wrote on Mary Rhodes's timeline.",
    "tags": [
      "Randy Smith",
      "David Harrington"
    ],
    "attachments": {
      "data": [
        {
          "external_context": {
            "url": "https://jones.com/"
          }
        }
      ]
    },
    "data": []
  },
  {
    "timestamp": 1607931654,
    "title": "todd47 wrote on Ernest Wilson's timeline.",
    "tags": [],
    "data": []
  },
  {
    "timestamp": 1608762754,
    "title": "todd47 wrote on Sarah Simpson's timeline.",
    "tags": [
      "David Morris"
    ],
    "data": []
  },
  {
    "timestamp": 1588939124,
    "title": "todd47 wrote on Courtney Henderson's timeline.",
    "tags": [],
    "attachments": {
      "data": [
        {
          "for_sale_item": {
            "title": "Assimilated dynamic system engine",
            "price": "\u20a6615",
            "seller": "todd47",
            "created_timestamp": 1602287685,
            "updated_timestamp": 1603603853,
            "category": "Health & Lifestyle",
            "marketplace": "left-get-such",
            "location": {
              "coordinate": {
                "lattitude": "45.40008",
                "longitude": "-73.58248"
              }
            },
            "description": "Conference sister southern quite front number statement. True painting each audience. Report down painting."
          }
        },
        {
          "media": {
            "uri": "https://www.lorempixel.com/324/534",
            "creation_timestamp": 1602287685,
            "media_metadata": {
              "upload_ip": "176.84.129.144"
            },
            "title": ""
          }
        },
        {
          "media": {
            "uri": "https://placekitten.com/126/740",
            "creation_timestamp": 1602287685,
            "media_metadata": {
              "upload_ip": "138.96.127.161"
            },
            "title": ""
          }
        },
        {
          "media": {
            "uri": "https://www.lorempixel.com/197/109",
            "creation_timestamp": 1602287685,
            "media_metadata": {
              "upload_ip": "85.174.10.242"
            },
            "title": ""
          }
        }
      ]
    },
    "data": []
  },
  {
    "timestamp": 1600073843,
    "title": "todd47 wrote on Kimberly Mccarty's timeline.",
    "tags": [
      "William Martinez",
      "Patrick Anderson"
    ],
    "attachments": {
      "data": [
        {
          "external_context": {
            "url": "https://fox-murphy.info/"
          }
        }
      ]
    },
    "data": [
      {
        "post": "Attorney job interesting again. Rate wide member month if result past.\nExpert book data according. Move as herself no chair material. Performance song color too off.\nThat life eight remain baby way language who. Those real billion role society tend. Any century kind network thing. Tell notice interview he mother though take.\nWar American leader talk strong ask summer. Actually ever natural blue short.\nBenefit shake trip watch tough. Seven statement development some most some."
      }
    ]
  },
  {
    "timestamp": 1587695102,
    "title": "todd47 wrote on Alexander Levine's timeline.",
    "tags": [
      "Ms. Sharon Garcia DVM",
      "Melissa Payne"
    ],
    "attachments": {
      "data": [
        {
          "external_context": {
            "url": "http://carroll-walker.biz/"
          }
        }
      ]
    },
    "data": []
  },
  {
    "timestamp": 1601876492,
    "title": "todd47 wrote on Jill Craig's timeline.",
    "tags": [],
    "data": []
  },
  {
    "timestamp": 1610604688,
    "title": "todd47 wrote on Megan Jones's timeline.",
    "tags": [
      "Samantha Robertson",
      "Brianna Anderson"
    ],
    "data": []
  },
  {
    "timestamp": 1578053486,
    "title": "todd47 wrote on Tonya Shelton's timeline.",
    "tags": [
      "Stacy White"
    ],
    "attachments": {
      "data": [
        {
          "external_context": {
            "url": "http://cabrera.biz/"
          }
        }
      ]
    },
    "data": []
  },
  {
    "timestamp": 1607919846,
    "title": "todd47 wrote on Samantha Ryan's timeline.",
    "tags": [
      "Sue Graham"
    ],
    "data": []
  },
  {
    "timestamp": 1596739831,
    "title": "todd47 wrote on Shelby Valenzuela's timeline.",
    "tags": [
      "Lauren Ware",
      "Jordan Salinas",
      "Ricky Gonzalez"
    ],
    "attachments": {
      "data": [
        {
          "external_context": {
            "url": "https://www.ortiz-johnson.com/",
            "name": "Magazine generation century involve increase yes.",
            "source": "Lopez-Hudson"
          }
        }
      ]
    },
    "data": []
  },
  {
    "timestamp": 1580560381,
    "title": "todd47 wrote on Scott Jenkins's timeline.",
    "tags": [],
    "attachments": {
      "data": [
        {
          "external_context": {
            "url": "http://buchanan-harris.info/",
            "name": "Knowledge push experience.",
            "source": "Wilson-Davis"
          }
        }
      ]
    },
    "data": []
  },
  {
    "timestamp": 1584548219,
    "title": "todd47 wrote on Jenny Garcia's timeline.",
    "tags": [
      "Tara Vargas",
      "Willie Henderson",
      "Christopher Mcguire"
    ],
    "data": []
  },
  {
    "timestamp": 1609647757,
    "title": "todd47 wrote on Steven Nichols's timeline.",
    "tags": [],
    "data": []
  },
  {
    "timestamp": 1595105821,
    "title": "todd47 wrote on Marc Adkins's timeline.",
    "tags": [
      "Tracey Neal",
      "Jerry Martin",
      "Lindsey Shepherd"
    ],
    "data": []
  },
  {
    "timestamp": 1597021985,
    "title": "todd47 wrote on Carla Mcclain's timeline.",
    "tags": [
      "John Robinson"
    ],
    "attachments": {
      "data": [
        {
          "external_context": {
            "url": "http://www.wells.com/",
            "name": "Follow modern particular family they act different.",
            "source": "Graves and Sons"
          }
        }
      ]
    },
    "data": []
  },
  {
    "timestamp": 1593575315,
    "title": "todd47 wrote on Diane Garza's timeline.",
    "tags": [
      "Andrew Martin",
      "Amy Barker"
    ],
    "data": []
  },
  {
    "timestamp": 1585471155,
    "title": "todd47 wrote on Mrs. Bonnie Miller's timeline.",
    "tags": [
      "Cody Montoya",
      "Mary Avila"
    ],
    "attachments": {
      "data": [
        {
          "external_context": {
            "url": "https://www.flowers.biz/"
          }
        }
      ]
    },
    "data": [
      {
        "post": "Special crime despite land. Line me suggest room.\nCampaign court he class decade theory. Responsibility rock pay collection.\nNor picture play chair task. Last challenge daughter wish sell. Music stock break skin today leader and win.\nNothing particularly last plant.\nShow give able laugh similar. Natural return should project.\nLook doctor culture better network as. Financial particularly study industry find draw."
      }
    ]
  },
  {
    "timestamp": 1591408410,
    "title": "todd47 wrote on Ryan Weber's timeline.",
    "tags": [],
    "attachments": {
      "data": [
        {
          "external_context": {
            "url": "https://www.quinn.org/"
          }
        }
      ]
    },
    "data": []
  },
  {
    "timestamp": 1604308044,
    "title": "todd47 wrote on Angel White's timeline.",
    "tags": [
      "Michelle Gutierrez",
      "Reginald Martinez",
      "Stacy Hunt"
    ],
    "data": []
  },
  {
    "timestamp": 1586080506,
    "title": "todd47 wrote on Donald Williams's timeline.",
    "tags": [
      "Ryan Davis",
      "Ryan Aguilar",
      "James George"
    ],
    "data": []
  },
  {
    "timestamp": 1588039508,
    "title": "todd47 wrote on Lauren Miller's timeline.",
    "tags": [
      "Brittney Powell"
    ],
    "attachments": {
      "data": [
        {
          "external_context": {
            "url": "http://pham.com/"
          }
        }
      ]
    },
    "data": []
  },
  {
    "timestamp": 1599863829,
    "title": "todd47 wrote on Elizabeth Ramos's timeline.",
    "tags": [
      "Eric Le"
    ],
    "attachments": {
      "data": [
        {
          "external_context": {
            "url": "http://patterson-webb.com/"
          }
        }
      ]
    },
    "data": []
  },
  {
    "timestamp": 1578682750,
    "title": "todd47 wrote on Brenda Ritter's timeline.",
    "tags": [
      "Jennifer Romero"
    ],
    "data": [
      {
        "post": "It one would allow. Matter entire success reason save land money. Make politics month walk send training.\nExactly most director citizen. Job former nearly. Expect home story Mrs property generation Republican perform.\nInvolve partner air message. Near simple no alone forward born watch.\nThe argue boy out fall though soldier. Better nothing thus opportunity science more few short."
      }
    ]
  },
  {
    "timestamp": 1599746677,
    "title": "todd47 wrote on Andres Padilla's timeline.",
    "tags": [
      "Jennifer Bean",
      "Kristina Ortega"
    ],
    "attachments": {
      "data": [
        {
          "for_sale_item": {
            "title": "Universal intangible firmware",
            "price": "\u20b4311",
            "seller": "todd47",
            "created_timestamp": 1585882596,
            "updated_timestamp": 1595973559,
            "category": "Sports & outdoor",
            "marketplace": "bring-in-of-fire",
            "location": {
              "coordinate": {
                "lattitude": "37.73222",
                "longitude": "115.70111"
              }
            },
            "description": "Have quickly unit very million. Notice personal write reach different base. Team nor show vote throw build suddenly travel."
          }
        },
        {
          "media": {
            "uri": "https://placekitten.com/2/211",
            "creation_timestamp": 1585882596,
            "media_metadata": {
              "upload_ip": "144.237.94.210"
            },
            "title": ""
          }
        },
        {
          "media": {
            "uri": "https://www.lorempixel.com/942/69",
            "creation_timestamp": 1585882596,
            "media_metadata": {
              "upload_ip": "46.194.207.239"
            },
            "title": ""
          }
        },
        {
          "media": {
            "uri": "https://placekitten.com/849/563",
            "creation_timestamp": 1585882596,
            "media_metadata": {
              "upload_ip": "75.255.108.14"
            },
            "title": ""
          }
        }
      ]
    },
    "data": []
  },
  {
    "timestamp": 1602928764,
    "title": "todd47 wrote on Mark Thompson DDS's timeline.",
    "tags": [
      "Shelley Abbott",
      "Adam Anderson IV"
    ],
    "data": []
  },
  {
    "timestamp": 1609935720,
    "title": "todd47 wrote on Alyssa Miller's timeline.",
    "tags": [
      "Jamie White"
    ],
    "attachments": {
      "data": [
        {
          "external_context": {
            "url": "http://www.taylor.info/"
          }
        }
      ]
    },
    "data": []
  },
  {
    "timestamp": 1590682762,
    "title": "todd47 wrote on Nicholas Sellers's timeline.",
    "tags": [
      "Nathan Rivera",
      "Andrea Chen"
    ],
    "attachments": {
      "data": [
        {
          "external_context": {
            "url": "http://klein.com/"
          }
        }
      ]
    },
    "data": []
  },
  {
    "timestamp": 1578873558,
    "title": "todd47 wrote on Christopher Wells's timeline.",
    "tags": [
      "William Thomas",
      "Brett Smith"
    ],
    "data": []
  },
  {
    "timestamp": 1595199933,
    "title": "todd47 wrote on Jamie Sherman's timeline.",
    "tags": [],
    "data": []
  },
  {
    "timestamp": 1590576188,
    "title": "todd47 wrote on Robert Richards's timeline.",
    "tags": [],
    "data": [
      {
        "post": "Evening buy well statement. Front coach send score. Century price doctor leader indeed. Production set whole know beat.\nImportant challenge population hair. Better here his. Wife executive either compare realize kitchen beyond necessary.\nPlay use election off four talk those. Enter plant fight bed fill policy win.\nCondition city determine read everything save brother. Life receive him send difficult.\nFactor happen rock sister send recent. Product base anything other population defense join film."
      }
    ]
  },
  {
    "timestamp": 1594950627,
    "title": "todd47 wrote on Kimberly Hammond's timeline.",
    "tags": [
      "Lauren Burns",
      "Mrs. Jennifer Woods"
    ],
    "data": []
  },
  {
    "timestamp": 1606397303,
    "title": "todd47 wrote on Jeffrey Thomas's timeline.",
    "tags": [
      "Carlos Smith"
    ],
    "data": []
  },
  {
    "timestamp": 1581058819,
    "title": "todd47 wrote on Renee Williams's timeline.",
    "tags": [
      "Melanie Thomas"
    ],
    "attachments": {
      "data": [
        {
          "for_sale_item": {
            "title": "Operative leadingedge orchestration",
            "price": "\u20ac482",
            "seller": "todd47",
            "created_timestamp": 1593380723,
            "updated_timestamp": 1597644068,
            "category": "Electronics",
            "marketplace": "charge-identify",
            "location": {
              "coordinate": {
                "lattitude": "53.38333",
                "longitude": "-0.76667"
              }
            },
            "description": "Then house yet popular."
          }
        },
        {
          "media": {
            "uri": "https://placekitten.com/1017/927",
            "creation_timestamp": 1593380723,
            "media_metadata": {
              "upload_ip": "35.105.35.227"
            },
            "title": ""
          }
        },
        {
          "media": {
            "uri": "https://placeimg.com/661/328/any",
            "creation_timestamp": 1593380723,
            "media_metadata": {
              "upload_ip": "79.172.164.254"
            },
            "title": ""
          }
        }
      ]
    },
    "data": [
      {
        "post": "Thank individual at mention tonight husband determine. Radio push game remember begin this professor. Matter when gun doctor degree. Describe world pick bit go statement.\nSupport through fine that heavy where. Discussion myself specific recent program six.\nChair possible part teach easy. Account impact play news consider. Maybe within unit of piece.\nSite tonight whatever network. Since themselves worker whole explain mother. Near others need.\nWhat stock box also hair interesting. Seat speak him leave record arrive. Impact stuff lose along."
      }
    ]
  },
  {
    "timestamp": 1587411449,
    "title": "todd47 wrote on Donna Duffy's timeline.",
    "tags": [],
    "attachments": {
      "data": [
        {
          "for_sale_item": {
            "title": "Advanced background monitoring",
            "price": "$272",
            "seller": "todd47",
            "created_timestamp": 1595848824,
            "updated_timestamp": 1603996130,
            "category": "Sports & outdoor",
            "marketplace": "left-writer-land",
            "location": {
              "coordinate": {
                "lattitude": "47.38093",
                "longitude": "-122.23484"
              }
            },
            "description": "Play again thus require. Top base instead ever training service."
          }
        },
        {
          "media": {
            "uri": "https://placekitten.com/332/224",
            "creation_timestamp": 1595848824,
            "media_metadata": {
              "upload_ip": "54.76.60.227"
            },
            "title": ""
          }
        }
      ]
    },
    "data": []
  },
  {
    "timestamp": 1583741106,
    "title": "todd47 wrote on Casey Morris's timeline.",
    "tags": [
      "Heather Rasmussen",
      "Samuel David"
    ],
    "data": [
      {
        "post": "Teacher character rich health. Clearly save alone against move perform public. Case art soldier.\nSignificant open actually face offer. Budget everything majority candidate trouble. Last bag media prepare.\nWindow fill order term media last.\nRace training future seven point involve entire. Listen must drive organization. Go official next Mr prove former.\nPer bad represent voice through."
      }
    ]
  },
  {
    "timestamp": 1583227499,
    "title": "todd47 wrote on Eric Scott's timeline.",
    "tags": [],
    "data": []
  },
  {
    "timestamp": 1579331471,
    "title": "todd47 wrote on Jeremy Nolan's timeline.",
    "tags": [
      "Matthew Mcclure",
      "Lisa Barajas",
      "Nichole Wells"
    ],
    "data": []
  },
  {
    "timestamp": 1600205511,
    "title": "todd47 wrote on Gabriel Grimes's timeline.",
    "tags": [
      "Ethan Lopez"
    ],
    "data": []
  },
  {
    "timestamp": 1592076347,
    "title": "todd47 wrote on Caleb Reynolds's timeline.",
    "tags": [
      "Theresa Brooks",
      "Timothy Ward",
      "Brian Jimenez"
    ],
    "data": [
      {
        "post": "Way his pass offer well. Score behavior board movement. Important pick customer. Young subject sound table.\nPrepare exist before side memory many discover. Study record animal blood environment easy pretty. Student fall sport bar simply.\nSometimes teach high drug.\nMemory bit race southern card arrive. Give city both idea mean action. Degree participant address green development conference.\nWindow about suggest safe. Happy rise instead mission."
      }
    ]
  },
  {
    "timestamp": 1610707495,
    "title": "todd47 wrote on Melanie Anderson's timeline.",
    "tags": [],
    "data": []
  },
  {
    "timestamp": 1584434407,
    "title": "todd47 wrote on Andrew Johnson's timeline.",
    "tags": [
      "Mr. Joel Vasquez"
    ],
    "attachments": {
      "data": [
        {
          "external_context": {
            "url": "https://hall.com/"
          }
        }
      ]
    },
    "data": []
  },
  {
    "timestamp": 1580812881,
    "title": "todd47 wrote on Kevin Cox's timeline.",
    "tags": [
      "Joshua Reed"
    ],
    "data": []
  },
  {
    "timestamp": 1601435690,
    "title": "todd47 wrote on Michael Miller's timeline.",
    "tags": [
      "Michael Johnston"
    ],
    "attachments": {
      "data": [
        {
          "external_context": {
            "url": "https://king-page.org/"
          }
        }
      ]
    },
    "data": []
  },
  {
    "timestamp": 1586522326,
    "title": "todd47 wrote on Jasmin Love's timeline.",
    "tags": [
      "Jean Savage",
      "Zachary Molina",
      "Jeffrey Jones"
    ],
    "attachments": {
      "data": [
        {
          "for_sale_item": {
            "title": "Secured background matrix",
            "price": "\u20b2833",
            "seller": "todd47",
            "created_timestamp": 1604982282,
            "updated_timestamp": 1580542124,
            "category": "Health & Lifestyle",
            "marketplace": "base-nature-know",
            "location": {
              "coordinate": {
                "lattitude": "47.64995",
                "longitude": "-117.23991"
              }
            },
            "description": "Commercial soldier learn example ok fund against. Quite strategy various never though. Cell describe or bed down level."
          }
        },
        {
          "media": {
            "uri": "https://placekitten.com/361/349",
            "creation_timestamp": 1604982282,
            "media_metadata": {
              "upload_ip": "10.83.162.218"
            },
            "title": ""
          }
        },
        {
          "media": {
            "uri": "https://dummyimage.com/152x484",
            "creation_timestamp": 1604982282,
            "media_metadata": {
              "upload_ip": "102.246.31.75"
            },
            "title": ""
          }
        },
        {
          "media": {
            "uri": "https://dummyimage.com/562x844",
            "creation_timestamp": 1604982282,
            "media_metadata": {
              "upload_ip": "10.100.119.70"
            },
            "title": ""
          }
        }
      ]
    },
    "data": []
  },
  {
    "timestamp": 1609913658,
    "title": "todd47 wrote on Andrew Boone's timeline.",
    "tags": [
      "Corey Bell"
    ],
    "data": []
  },
  {
    "timestamp": 1589527390,
    "title": "todd47 wrote on Justin Blanchard's timeline.",
    "tags": [
      "Lauren Baker"
    ],
    "data": [
      {
        "post": "Rise own before major body Mr phone. Themselves only possible above keep write. Building everyone general account manager suddenly none.\nHuge issue anything as matter trouble customer. Ok as night simple white point.\nTry occur ok reflect ahead. Customer senior hotel control structure night every. Land just deep will.\nEffort exactly eye night upon kind do. Maybe rate remain shoulder day receive assume.\nFree way own current education six effort. Above according resource fly green so interest personal."
      }
    ]
  },
  {
    "timestamp": 1611949581,
    "title": "todd47 wrote on Leah Lucero's timeline.",
    "tags": [
      "Peter Smith"
    ],
    "data": []
  },
  {
    "timestamp": 1610326211,
    "title": "todd47 wrote on Taylor Wheeler's timeline.",
    "tags": [
      "Jesus Shea",
      "Michael Flores",
      "Ryan Buck"
    ],
    "attachments": {
      "data": [
        {
          "for_sale_item": {
            "title": "Synergistic bottom-line firmware",
            "price": "\ufdfc614",
            "seller": "todd47",
            "created_timestamp": 1603565110,
            "updated_timestamp": 1593961247,
            "category": "Health & Lifestyle",
            "marketplace": "letter-time",
            "location": {
              "coordinate": {
                "lattitude": "39.46667",
                "longitude": "141.95"
              }
            },
            "description": "Act more go only city issue likely let. Style ground class draw building."
          }
        },
        {
          "media": {
            "uri": "https://placekitten.com/208/232",
            "creation_timestamp": 1603565110,
            "media_metadata": {
              "upload_ip": "2.128.217.97"
            },
            "title": ""
          }
        },
        {
          "media": {
            "uri": "https://www.lorempixel.com/26/303",
            "creation_timestamp": 1603565110,
            "media_metadata": {
              "upload_ip": "143.67.199.42"
            },
            "title": ""
          }
        },
        {
          "media": {
            "uri": "https://placeimg.com/606/377/any",
            "creation_timestamp": 1603565110,
            "media_metadata": {
              "upload_ip": "203.12.60.185"
            },
            "title": ""
          }
        }
      ]
    },
    "data": []
  },
  {
    "timestamp": 1602952997,
    "title": "todd47 wrote on Michael Parks's timeline.",
    "tags": [
      "Kevin King",
      "Edwin Wells"
    ],
    "attachments": {
      "data": [
        {
          "external_context": {
            "url": "https://www.king-russell.com/"
          }
        }
      ]
    },
    "data": []
  },
  {
    "timestamp": 1610051391,
    "title": "todd47 wrote on Brittany Hurley's timeline.",
    "tags": [
      "James Palmer",
      "Christopher Hunt"
    ],
    "attachments": {
      "data": [
        {
          "external_context": {
            "url": "https://peters.org/"
          }
        }
      ]
    },
    "data": [
      {
        "post": "Either become technology specific admit market military pretty. Free federal baby others order if. Behind may arrive generation open.\nAlso ok population argue teacher west rule. Out treatment up.\nStock take east maintain policy number rule. Million citizen reduce vote nearly but always.\nElse day black open including audience. Think bank admit. Other if when detail improve one outside.\nTerm factor method man out service. Development visit simply picture your near choose."
      }
    ]
  },
  {
    "timestamp": 1595799470,
    "title": "todd47 wrote on Earl Downs's timeline.",
    "tags": [
      "Tina Oneal"
    ],
    "attachments": {
      "data": [
        {
          "external_context": {
            "url": "http://www.stanley.org/"
          }
        }
      ]
    },
    "data": [
      {
        "post": "Scene grow nature your practice summer. Call tree wonder garden a.\nNature fish majority degree recently plan music think. Clear partner big water bit find amount.\nHis source top. News theory yourself between. Practice become agency.\nArm all threat ready. Opportunity later determine consumer.\nMission culture study become every strong. Where miss myself. Score serve evening wish by half drive."
      }
    ]
  },
  {
    "timestamp": 1587428090,
    "title": "todd47 wrote on Heather Thomas's timeline.",
    "tags": [],
    "data": []
  },
  {
    "timestamp": 1608013247,
    "title": "todd47 wrote on Shelley Perry's timeline.",
    "tags": [],
    "data": []
  },
  {
    "timestamp": 1597187468,
    "title": "todd47 wrote on Kim Bolton's timeline.",
    "tags": [
      "Krystal White",
      "Teresa Casey"
    ],
    "attachments": {
      "data": [
        {
          "external_context": {
            "url": "http://www.patterson.com/"
          }
        }
      ]
    },
    "data": []
  }
]