{
  "history_v2": [
    {
      "title": "Reactive zero tolerance pricing structure",
      "action": "Clicked ad",
      "timestamp": 1619980184
    },
    {
      "title": "Configurable multi-tasking Graphical User Interface",
      "action": "Clicked ad",
      "timestamp": 1601375791
    },
    {
      "title": "Object-based regional open system",
      "action": "Clicked ad",
      "timestamp": 1615617083
    },
    {
      "title": "Multi-lateral 24/7 database",
      "action": "Clicked ad",
      "timestamp": 1615613889
    },
    {
      "title": "Robust national parallelism",
      "action": "Clicked ad",
      "timestamp": 1614026231
    },
    {
      "title": "Multi-tiered 24hour infrastructure",
      "action": "Clicked ad",
      "timestamp": 1604890081
    },
    {
      "title": "Fully-configurable holistic array",
      "action": "Clicked ad",
      "timestamp": 1588418727
    },
    {
      "title": "Synergized actuating benchmark",
      "action": "Clicked ad",
      "timestamp": 1607542210
    },
    {
      "title": "Re-engineered high-level archive",
      "action": "Clicked ad",
      "timestamp": 1608364042
    },
    {
      "title": "Quality-focused uniform moratorium",
      "action": "Clicked ad",
      "timestamp": 1614096306
    }
  ]
}