{
  "companies_followed": [
    {
      "company_name": "Zamora Group",
      "timestamp": 1625606456
    },
    {
      "company_name": "Riddle PLC",
      "timestamp": 1605569960
    },
    {
      "company_name": "Dougherty-Lee",
      "timestamp": 1580959808
    },
    {
      "company_name": "Washington, Gomez and Miller",
      "timestamp": 1602305428
    },
    {
      "company_name": "Jenkins-Green",
      "timestamp": 1617570947
    },
    {
      "company_name": "Gallagher-Smith",
      "timestamp": 1621867229
    },
    {
      "company_name": "Dennis Group",
      "timestamp": 1616033221
    },
    {
      "company_name": "Roberson LLC",
      "timestamp": 1613530163
    },
    {
      "company_name": "Lane-Horton",
      "timestamp": 1614231574
    },
    {
      "company_name": "Cross LLC",
      "timestamp": 1588861886
    },
    {
      "company_name": "Alexander, Sanchez and Nguyen",
      "timestamp": 1619946107
    },
    {
      "company_name": "Flores, Gomez and Baker",
      "timestamp": 1617127529
    },
    {
      "company_name": "Hernandez Inc",
      "timestamp": 1608813176
    },
    {
      "company_name": "Lawson-Woods",
      "timestamp": 1585332052
    },
    {
      "company_name": "Moss, Rodriguez and Porter",
      "timestamp": 1579408366
    },
    {
      "company_name": "Khan-Edwards",
      "timestamp": 1624407732
    },
    {
      "company_name": "Contreras-Bartlett",
      "timestamp": 1615661958
    },
    {
      "company_name": "Deleon Group",
      "timestamp": 1596355541
    },
    {
      "company_name": "Williams PLC",
      "timestamp": 1586583846
    },
    {
      "company_name": "Turner-Hernandez",
      "timestamp": 1608489883
    }
  ]
}