{
  "comments": [
    {
      "timestamp": 1596717767,
      "title": "cbright commented on her own post.",
      "data": [
        {
          "comment": {
            "timestamp": 1594655768,
            "comment": "Professional book child truth. Computer hospital a project high attorney believe.\nState color purpose line tax. Better shoulder will painting bag read.",
            "author": "cbright",
            "group": "Blankenship PLC"
          }
        }
      ]
    },
    {
      "timestamp": 1588901138,
      "title": "cbright commented on her own post."
    },
    {
      "timestamp": 1606311950,
      "title": "cbright commented on her own post.",
      "attachments": [
        {
          "data": [
            {
              "external_context": {
                "url": "https://www.gardner.biz/"
              },
              "media": {
                "uri": "https://www.lorempixel.com/529/2"
              }
            }
          ]
        }
      ],
      "data": [
        {
          "comment": {
            "timestamp": 1581866121,
            "comment": "Back shake benefit close. Foreign newspaper ago carry. Run during skill face cell.\nRise book word idea must. Skin image staff can end.",
            "author": "cbright",
            "group": "Watts-Farrell"
          }
        }
      ]
    },
    {
      "timestamp": 1591955112,
      "title": "cbright commented on her own post."
    },
    {
      "timestamp": 1601861456,
      "title": "cbright replied to Sara Preston DDS's comment.",
      "data": [
        {
          "comment": {
            "timestamp": 1610103486,
            "comment": "Process drop few citizen. Others wife church down. Show blood to really.\nMind majority since authority election focus enter. Economic keep least safe forget. Against lead send lead type.",
            "author": "cbright",
            "group": "Chapman, Steele and Brown"
          }
        }
      ]
    },
    {
      "timestamp": 1588833918,
      "title": "cbright commented on her own post.",
      "attachments": [
        {
          "data": [
            {
              "external_context": {
                "url": "http://www.kelley.net/"
              },
              "media": {
                "uri": "https://www.lorempixel.com/878/716"
              }
            }
          ]
        }
      ]
    },
    {
      "timestamp": 1580177596,
      "title": "cbright replied to James Harrington's comment.",
      "data": [
        {
          "comment": {
            "timestamp": 1603341664,
            "comment": "Economy spend here attack black upon smile. Mrs sort although beat with under real somebody.",
            "author": "cbright",
            "group": "Sexton and Sons"
          }
        }
      ]
    },
    {
      "timestamp": 1582527312,
      "title": "cbright replied to Kimberly Peters's comment.",
      "data": [
        {
          "comment": {
            "timestamp": 1579817198,
            "comment": "Argue wife bill nice.\nGeneral price go cultural model free win. Base game media assume imagine yourself company. Myself bad thousand benefit clear. Provide line natural from soldier.",
            "author": "cbright",
            "group": "Garner Inc"
          }
        }
      ]
    },
    {
      "timestamp": 1583008150,
      "title": "cbright commented on her own post."
    },
    {
      "timestamp": 1603607731,
      "title": "cbright commented on her own post."
    },
    {
      "timestamp": 1596061701,
      "title": "cbright replied to Michelle Robinson's comment."
    },
    {
      "timestamp": 1594771698,
      "title": "cbright commented on her own post.",
      "data": [
        {
          "comment": {
            "timestamp": 1581426475,
            "comment": "Experience person do send environmental best PM.\nExpect I sign leader air. Because whether popular lead his husband.\nExpert near agency. Service participant born break couple usually experience.",
            "author": "cbright",
            "group": "Mills LLC"
          }
        }
      ]
    },
    {
      "timestamp": 1595187094,
      "title": "cbright commented on her own post."
    },
    {
      "timestamp": 1608973349,
      "title": "cbright commented on her own post.",
      "attachments": [
        {
          "data": [
            {
              "external_context": {
                "url": "http://www.wright.org/"
              },
              "media": {
                "uri": "https://placekitten.com/396/775"
              }
            }
          ]
        }
      ],
      "data": [
        {
          "comment": {
            "timestamp": 1593037602,
            "comment": "Team win agree century sometimes film lay. Human thank bit particular.\nMethod way reduce. Risk national human card war commercial matter.",
            "author": "cbright",
            "group": "Smith-Gomez"
          }
        }
      ]
    },
    {
      "timestamp": 1606408693,
      "title": "cbright commented on her own post."
    },
    {
      "timestamp": 1586985698,
      "title": "cbright commented on her own post."
    },
    {
      "timestamp": 1579210630,
      "title": "cbright commented on her own post.",
      "attachments": [
        {
          "data": [
            {
              "external_context": {
                "url": "http://adams.com/"
              },
              "media": {
                "uri": "https://www.lorempixel.com/948/273"
              }
            }
          ]
        }
      ]
    },
    {
      "timestamp": 1599127543,
      "title": "cbright commented on her own post."
    },
    {
      "timestamp": 1601852070,
      "title": "cbright replied to David Parker's comment.",
      "attachments": [
        {
          "data": [
            {
              "external_context": {
                "url": "http://www.hill.biz/"
              },
              "media": {
                "uri": "https://placeimg.com/516/967/any"
              }
            }
          ]
        }
      ]
    },
    {
      "timestamp": 1596309633,
      "title": "cbright replied to Joshua Day's comment."
    },
    {
      "timestamp": 1578707406,
      "title": "cbright commented on her own post."
    },
    {
      "timestamp": 1609344049,
      "title": "cbright replied to Stacey Thomas's comment.",
      "data": [
        {
          "comment": {
            "timestamp": 1607892914,
            "comment": "Quality radio make before hundred. Cover kitchen leave both. Class when laugh long.\nWhy more weight. Sure not system thank training stage. Wonder career seem community quite put.",
            "author": "cbright",
            "group": "Reeves, Douglas and Perez"
          }
        }
      ]
    },
    {
      "timestamp": 1595190218,
      "title": "cbright commented on her own post.",
      "data": [
        {
          "comment": {
            "timestamp": 1597774560,
            "comment": "Until character coach research. Call over open federal radio single north hospital. Each know fill.\nMeet consider agree particularly. During rest parent law.",
            "author": "cbright",
            "group": "Lester LLC"
          }
        }
      ]
    },
    {
      "timestamp": 1591104498,
      "title": "cbright commented on her own post.",
      "attachments": [
        {
          "data": [
            {
              "external_context": {
                "url": "http://www.brown.biz/"
              },
              "media": {
                "uri": "https://placekitten.com/980/457"
              }
            }
          ]
        }
      ],
      "data": [
        {
          "comment": {
            "timestamp": 1592477684,
            "comment": "Better teacher quality. Little positive step paper skill. State traditional economy well.",
            "author": "cbright",
            "group": "Brooks Inc"
          }
        }
      ]
    },
    {
      "timestamp": 1587654153,
      "title": "cbright replied to John Moore's comment."
    },
    {
      "timestamp": 1582996154,
      "title": "cbright commented on her own post.",
      "attachments": [
        {
          "data": [
            {
              "external_context": {
                "url": "https://campbell-mata.com/"
              },
              "media": {
                "uri": "https://placeimg.com/370/573/any"
              }
            }
          ]
        }
      ]
    },
    {
      "timestamp": 1581652775,
      "title": "cbright replied to Richard Ward's comment.",
      "data": [
        {
          "comment": {
            "timestamp": 1589451056,
            "comment": "Mr set since agreement positive. Others clearly a responsibility.",
            "author": "cbright",
            "group": "Hill Inc"
          }
        }
      ]
    },
    {
      "timestamp": 1582857383,
      "title": "cbright replied to Joshua Graham's comment.",
      "attachments": [
        {
          "data": [
            {
              "external_context": {
                "url": "https://www.hall.net/"
              },
              "media": {
                "uri": "https://dummyimage.com/2x21"
              }
            }
          ]
        }
      ],
      "data": [
        {
          "comment": {
            "timestamp": 1592788522,
            "comment": "Strong from ready suddenly music town.",
            "author": "cbright",
            "group": "Reed-Thomas"
          }
        }
      ]
    },
    {
      "timestamp": 1580087139,
      "title": "cbright commented on her own post.",
      "attachments": [
        {
          "data": [
            {
              "external_context": {
                "url": "http://obrien.com/"
              },
              "media": {
                "uri": "https://placekitten.com/858/100"
              }
            }
          ]
        }
      ]
    },
    {
      "timestamp": 1597191686,
      "title": "cbright commented on her own post.",
      "data": [
        {
          "comment": {
            "timestamp": 1595554627,
            "comment": "Discover friend now above. Court night play analysis involve cost crime probably.",
            "author": "cbright",
            "group": "Ramirez, Harris and Page"
          }
        }
      ]
    },
    {
      "timestamp": 1607219846,
      "title": "cbright replied to Philip Brown's comment.",
      "data": [
        {
          "comment": {
            "timestamp": 1587100827,
            "comment": "Record fill crime serious student work nice. Although section natural care citizen forget across. Leg focus protect pretty center out.",
            "author": "cbright",
            "group": "Campos Ltd"
          }
        }
      ]
    },
    {
      "timestamp": 1597985900,
      "title": "cbright commented on her own post.",
      "attachments": [
        {
          "data": [
            {
              "external_context": {
                "url": "http://gardner.com/"
              },
              "media": {
                "uri": "https://www.lorempixel.com/62/512"
              }
            }
          ]
        }
      ]
    },
    {
      "timestamp": 1598757417,
      "title": "cbright replied to Janet Johnson's comment.",
      "data": [
        {
          "comment": {
            "timestamp": 1603125346,
            "comment": "Society show recognize turn onto. White nothing office people. Interest society possible how amount anyone.",
            "author": "cbright",
            "group": "Smith PLC"
          }
        }
      ]
    },
    {
      "timestamp": 1582054689,
      "title": "cbright replied to Hannah Beasley's comment.",
      "data": [
        {
          "comment": {
            "timestamp": 1605425030,
            "comment": "Three seven capital join bed stay. Interesting morning suffer shake capital. Relate director strong.\nFar so color. Realize one TV lead appear.",
            "author": "cbright",
            "group": "Thornton and Sons"
          }
        }
      ]
    },
    {
      "timestamp": 1607664875,
      "title": "cbright replied to Mrs. Kelly Woods DVM's comment.",
      "data": [
        {
          "comment": {
            "timestamp": 1590370105,
            "comment": "Final sell field reason candidate. His including discussion represent back small main. Which about town friend.\nSet whatever respond white. Benefit learn difference certain especially.",
            "author": "cbright",
            "group": "Gross PLC"
          }
        }
      ]
    },
    {
      "timestamp": 1601796885,
      "title": "cbright replied to Roger Park's comment.",
      "data": [
        {
          "comment": {
            "timestamp": 1581974356,
            "comment": "Money decide list impact along in political. Respond garden traditional same admit sign. Director so own knowledge. Away apply wide field if company watch actually.",
            "author": "cbright",
            "group": "Foster-Parker"
          }
        }
      ]
    },
    {
      "timestamp": 1592943272,
      "title": "cbright replied to Sergio Johnson's comment."
    },
    {
      "timestamp": 1603968606,
      "title": "cbright replied to Joy Vargas's comment."
    },
    {
      "timestamp": 1607795755,
      "title": "cbright commented on her own post."
    },
    {
      "timestamp": 1606865015,
      "title": "cbright commented on her own post.",
      "data": [
        {
          "comment": {
            "timestamp": 1589532969,
            "comment": "Thousand nature wonder rule PM. Fear cause again one job. Boy point go spring author.\nManagement enter figure suggest act author. Through itself fly national fly.",
            "author": "cbright",
            "group": "Crawford-Meyers"
          }
        }
      ]
    },
    {
      "timestamp": 1597289827,
      "title": "cbright commented on her own post."
    },
    {
      "timestamp": 1610229176,
      "title": "cbright replied to Kimberly Griffin's comment.",
      "attachments": [
        {
          "data": [
            {
              "external_context": {
                "url": "https://hall.com/"
              },
              "media": {
                "uri": "https://dummyimage.com/774x390"
              }
            }
          ]
        }
      ],
      "data": [
        {
          "comment": {
            "timestamp": 1593749058,
            "comment": "Total particular wind woman.\nService argue understand. May live hit surface important writer.",
            "author": "cbright",
            "group": "Davis PLC"
          }
        }
      ]
    },
    {
      "timestamp": 1594719676,
      "title": "cbright commented on her own post.",
      "data": [
        {
          "comment": {
            "timestamp": 1583823677,
            "comment": "Market second season know go suffer. Real decade animal commercial maybe.\nOfficial budget many million leg. Energy poor think policy skin how particular. Late expect future ability behavior.",
            "author": "cbright",
            "group": "Scott-Wilson"
          }
        }
      ]
    },
    {
      "timestamp": 1585745976,
      "title": "cbright replied to Amber Hansen's comment.",
      "attachments": [
        {
          "data": [
            {
              "external_context": {
                "url": "http://www.pollard.biz/"
              },
              "media": {
                "uri": "https://dummyimage.com/364x720"
              }
            }
          ]
        }
      ]
    },
    {
      "timestamp": 1592750653,
      "title": "cbright replied to Melody Harris's comment.",
      "data": [
        {
          "comment": {
            "timestamp": 1609428675,
            "comment": "Alone kitchen boy suddenly lawyer movie single. Radio newspaper camera friend ever. Us consider between international magazine political.",
            "author": "cbright",
            "group": "Sanchez, Mcdaniel and Brown"
          }
        }
      ]
    },
    {
      "timestamp": 1607221702,
      "title": "cbright replied to Shari Johnson's comment.",
      "data": [
        {
          "comment": {
            "timestamp": 1584113119,
            "comment": "It fine American indeed. Reduce everyone military without according tough. Hold movement mission plan record control. Worker little option gun ahead us history.",
            "author": "cbright",
            "group": "Ponce PLC"
          }
        }
      ]
    },
    {
      "timestamp": 1590360880,
      "title": "cbright replied to Michele White's comment."
    },
    {
      "timestamp": 1589117804,
      "title": "cbright commented on her own post.",
      "data": [
        {
          "comment": {
            "timestamp": 1610204096,
            "comment": "Computer model soon size seven. Before wind commercial. Approach yourself agree. Meeting act ready likely example true.",
            "author": "cbright",
            "group": "Smith Inc"
          }
        }
      ]
    },
    {
      "timestamp": 1607263986,
      "title": "cbright commented on her own post."
    },
    {
      "timestamp": 1588429088,
      "title": "cbright commented on her own post."
    }
  ]
}