[
  {
    "ad_title": "Expanded reciprocal matrix",
    "activity": "expand",
    "timestamp": 1581895542
  },
  {
    "ad_title": "Operative radical analyzer",
    "activity": "click",
    "timestamp": 1610175305
  },
  {
    "ad_title": "Visionary neutral adapter",
    "activity": "watch",
    "timestamp": 1644500427
  },
  {
    "ad_title": "Front-line logistical contingency",
    "activity": "expand",
    "timestamp": 1609186981
  },
  {
    "ad_title": "Synergized intermediate architecture",
    "activity": "expand",
    "timestamp": 1599028632
  },
  {
    "ad_title": "Stand-alone object-oriented policy",
    "activity": "watch",
    "timestamp": 1638567540
  },
  {
    "ad_title": "Ergonomic stable architecture",
    "activity": "watch",
    "timestamp": 1639132978
  },
  {
    "ad_title": "Exclusive stable initiative",
    "activity": "expand",
    "timestamp": 1630291094
  },
  {
    "ad_title": "Implemented local middleware",
    "activity": "watch",
    "timestamp": 1589384192
  },
  {
    "ad_title": "Digitized demand-driven support",
    "activity": "expand",
    "timestamp": 1624937617
  }
]