[
  {
    "ad_title": "Organic global Graphical User Interface",
    "activity": "click",
    "timestamp": 1628971624
  },
  {
    "ad_title": "Upgradable scalable throughput",
    "activity": "expand",
    "timestamp": 1589681049
  },
  {
    "ad_title": "Organized asynchronous challenge",
    "activity": "watch",
    "timestamp": 1625135602
  },
  {
    "ad_title": "Visionary 6thgeneration circuit",
    "activity": "watch",
    "timestamp": 1597502114
  },
  {
    "ad_title": "Profound contextually-based collaboration",
    "activity": "watch",
    "timestamp": 1620138900
  },
  {
    "ad_title": "Enhanced eco-centric migration",
    "activity": "watch",
    "timestamp": 1583898843
  },
  {
    "ad_title": "Multi-lateral regional Internet solution",
    "activity": "watch",
    "timestamp": 1584576374
  },
  {
    "ad_title": "Mandatory systematic pricing structure",
    "activity": "expand",
    "timestamp": 1579907587
  },
  {
    "ad_title": "Persistent static initiative",
    "activity": "watch",
    "timestamp": 1596831342
  },
  {
    "ad_title": "User-friendly needs-based extranet",
    "activity": "expand",
    "timestamp": 1630853148
  }
]