{
  "page_likes": [
    {
      "name": "Miller-Barnett",
      "timestamp": 1600667099
    },
    {
      "name": "Mccall LLC",
      "timestamp": 1592134575
    },
    {
      "name": "Cox-Bryant",
      "timestamp": 1592884570
    },
    {
      "name": "Blake-Morrow",
      "timestamp": 1586789876
    },
    {
      "name": "Harris, Rodgers and Castro",
      "timestamp": 1598495367
    },
    {
      "name": "Spence Group",
      "timestamp": 1609137071
    },
    {
      "name": "Nguyen, Austin and Hernandez",
      "timestamp": 1590265951
    },
    {
      "name": "Smith and Sons",
      "timestamp": 1580745726
    },
    {
      "name": "Wood PLC",
      "timestamp": 1610204920
    },
    {
      "name": "Burch, Bell and Armstrong",
      "timestamp": 1589864337
    },
    {
      "name": "Freeman-Davis",
      "timestamp": 1584113280
    },
    {
      "name": "Dean and Sons",
      "timestamp": 1591015647
    },
    {
      "name": "Hoffman, Carter and Allen",
      "timestamp": 1583715615
    },
    {
      "name": "Edwards, Horton and Brooks",
      "timestamp": 1591178697
    },
    {
      "name": "Flores-Padilla",
      "timestamp": 1582818908
    },
    {
      "name": "Carter-Odonnell",
      "timestamp": 1586466547
    },
    {
      "name": "Ward, Moore and Rivera",
      "timestamp": 1579349686
    },
    {
      "name": "Butler-Ray",
      "timestamp": 1578312227
    },
    {
      "name": "Mcclure-Allen",
      "timestamp": 1607650774
    },
    {
      "name": "Alvarado Group",
      "timestamp": 1588362520
    }
  ]
}