{
  "reactions": [
    {
      "timestamp": 1589248642,
      "data": [
        {
          "reaction": {
            "reaction": "LOVE",
            "actor": "cbright"
          }
        }
      ],
      "title": "cbright likes Mr. Michael Joseph's post."
    },
    {
      "timestamp": 1596442055,
      "data": [
        {
          "reaction": {
            "reaction": "LIKE",
            "actor": "cbright"
          }
        }
      ],
      "title": "cbright likes George Richardson's post."
    },
    {
      "timestamp": 1598313426,
      "data": [
        {
          "reaction": {
            "reaction": "LIKE",
            "actor": "cbright"
          }
        }
      ],
      "title": "cbright likes Patricia Gamble's post."
    },
    {
      "timestamp": 1588200849,
      "data": [
        {
          "reaction": {
            "reaction": "LIKE",
            "actor": "cbright"
          }
        }
      ],
      "title": "cbright likes Karen Juarez's post."
    },
    {
      "timestamp": 1588604013,
      "data": [
        {
          "reaction": {
            "reaction": "LOVE",
            "actor": "cbright"
          }
        }
      ],
      "title": "cbright likes Virginia Walker's post."
    },
    {
      "timestamp": 1592569895,
      "data": [
        {
          "reaction": {
            "reaction": "LIKE",
            "actor": "cbright"
          }
        }
      ],
      "title": "cbright likes Jay Jones's post."
    },
    {
      "timestamp": 1603864845,
      "data": [
        {
          "reaction": {
            "reaction": "LIKE",
            "actor": "cbright"
          }
        }
      ],
      "title": "cbright likes Jared Meyers's post."
    },
    {
      "timestamp": 1599145774,
      "data": [
        {
          "reaction": {
            "reaction": "LIKE",
            "actor": "cbright"
          }
        }
      ],
      "title": "cbright likes Ashley Hudson's post."
    },
    {
      "timestamp": 1609810062,
      "data": [
        {
          "reaction": {
            "reaction": "LIKE",
            "actor": "cbright"
          }
        }
      ],
      "title": "cbright likes Stacy Welch's post."
    },
    {
      "timestamp": 1598631863,
      "data": [
        {
          "reaction": {
            "reaction": "LIKE",
            "actor": "cbright"
          }
        }
      ],
      "title": "cbright likes Sharon Beck's post."
    },
    {
      "timestamp": 1609395556,
      "data": [
        {
          "reaction": {
            "reaction": "LIKE",
            "actor": "cbright"
          }
        }
      ],
      "title": "cbright likes Mark Garza's post."
    },
    {
      "timestamp": 1590503271,
      "data": [
        {
          "reaction": {
            "reaction": "LIKE",
            "actor": "cbright"
          }
        }
      ],
      "title": "cbright likes Sarah Wells's post."
    },
    {
      "timestamp": 1592183022,
      "data": [
        {
          "reaction": {
            "reaction": "LIKE",
            "actor": "cbright"
          }
        }
      ],
      "title": "cbright likes Leslie Kelly's post."
    },
    {
      "timestamp": 1603584258,
      "data": [
        {
          "reaction": {
            "reaction": "LIKE",
            "actor": "cbright"
          }
        }
      ],
      "title": "cbright likes Isabel Bond's post."
    },
    {
      "timestamp": 1586164966,
      "data": [
        {
          "reaction": {
            "reaction": "LIKE",
            "actor": "cbright"
          }
        }
      ],
      "title": "cbright likes Chris Lewis's post."
    },
    {
      "timestamp": 1588150274,
      "data": [
        {
          "reaction": {
            "reaction": "LIKE",
            "actor": "cbright"
          }
        }
      ],
      "title": "cbright likes Sarah Jones's post."
    },
    {
      "timestamp": 1580140001,
      "data": [
        {
          "reaction": {
            "reaction": "LIKE",
            "actor": "cbright"
          }
        }
      ],
      "title": "cbright likes Mary Hoover's post."
    },
    {
      "timestamp": 1589815158,
      "data": [
        {
          "reaction": {
            "reaction": "LOVE",
            "actor": "cbright"
          }
        }
      ],
      "title": "cbright likes James Stanley's post."
    },
    {
      "timestamp": 1608981684,
      "data": [
        {
          "reaction": {
            "reaction": "LIKE",
            "actor": "cbright"
          }
        }
      ],
      "title": "cbright likes Jennifer Wilson's post."
    },
    {
      "timestamp": 1604988322,
      "data": [
        {
          "reaction": {
            "reaction": "LIKE",
            "actor": "cbright"
          }
        }
      ],
      "title": "cbright likes Mr. William Cox Jr.'s post."
    }
  ]
}