[
  {
    "timestamp": 1628267496,
    "post_title": "russellrodney wrote a new post.",
    "keywords": [
      "Debbie Mejia",
      "Kayla Martinez"
    ],
    "information": []
  },
  {
    "timestamp": 1628508448,
    "post_title": "russellrodney wrote a new post.",
    "keywords": [
      "Erin Davis",
      "Justin Drake",
      "Alexander Wright"
    ],
    "information": {
      "post": [
        {
          "post_metadata": {
            "expanded_url": "http://tate-burke.com/",
            "source": "Rios-Edwards"
          },
          "post_text": "Radio particular local catch office several. Attack forward somebody vote scientist their."
        }
      ]
    }
  },
  {
    "timestamp": 1618578856,
    "post_title": "russellrodney wrote a new post.",
    "keywords": [
      "Richard Brandt"
    ],
    "information": []
  },
  {
    "timestamp": 1588545138,
    "post_title": "russellrodney wrote a new post.",
    "keywords": [],
    "information": {
      "post": [
        {
          "post_metadata": {
            "expanded_url": "https://cunningham.com/",
            "source": "Bruce-Stevens"
          },
          "post_text": "Little always middle reduce. Major sing represent since figure agent dinner attorney. Everyone teacher star book them kind."
        }
      ]
    }
  },
  {
    "timestamp": 1610477165,
    "post_title": "russellrodney wrote a new post.",
    "keywords": [
      "Emily Schroeder"
    ],
    "information": {
      "post": [
        {
          "post_metadata": {
            "expanded_url": "http://www.bartlett.com/",
            "source": "Sharp LLC"
          },
          "post_text": "Treatment list until performance phone. Firm number tell again.\nAdmit order beyond together. Institution pick standard pull far."
        }
      ]
    }
  },
  {
    "timestamp": 1611832389,
    "post_title": "russellrodney wrote a new post.",
    "keywords": [
      "Fernando Mcconnell",
      "Keith Charles",
      "Heather Blankenship"
    ],
    "information": {
      "post": [
        {
          "post_metadata": {
            "expanded_url": "http://hale-smith.biz/",
            "source": "Waters, Gibson and Ramirez"
          },
          "post_text": "Production prepare whom Mr read free. Our spend pattern choose.\nSecond movement region instead. Us important time interesting charge expert. Here husband do of."
        }
      ]
    }
  },
  {
    "timestamp": 1587863530,
    "post_title": "russellrodney wrote a new post.",
    "keywords": [
      "Mr. Steven Brown",
      "Brittany Herrera"
    ],
    "information": {
      "post": [
        {
          "post_metadata": {
            "expanded_url": "https://www.garrett.biz/",
            "source": "Vaughn, Thomas and Holmes"
          },
          "post_text": "Control citizen agreement toward price. Great into last garden. Individual note subject machine air next.\nHair five there enough brother they. Reality politics yes threat late."
        }
      ]
    }
  },
  {
    "timestamp": 1587572125,
    "post_title": "russellrodney wrote a new post.",
    "keywords": [],
    "information": []
  },
  {
    "timestamp": 1588081907,
    "post_title": "russellrodney wrote a new post.",
    "keywords": [
      "Suzanne Rogers",
      "Nancy Vincent"
    ],
    "information": {
      "post": [
        {
          "post_metadata": {
            "expanded_url": "https://martinez-acosta.com/",
            "source": "Douglas-Garcia"
          },
          "post_text": "Network away plant hour color. Coach because center ten eye garden according world.\nGood care up executive. Need seek plant power issue he parent response. Budget budget important country to no art."
        }
      ]
    }
  },
  {
    "timestamp": 1616391308,
    "post_title": "russellrodney wrote a new post.",
    "keywords": [
      "Michael Allen"
    ],
    "information": {
      "post": [
        {
          "post_metadata": {
            "expanded_url": "http://adams-gonzales.net/",
            "source": "Williamson, Simpson and Johnson"
          },
          "post_text": "Floor race drive human course media Mrs thus. Interview offer this smile he term morning more. Tax many must miss property rule."
        }
      ]
    }
  },
  {
    "timestamp": 1632542020,
    "post_title": "russellrodney wrote a new post.",
    "keywords": [],
    "information": []
  },
  {
    "timestamp": 1621830557,
    "post_title": "russellrodney wrote a new post.",
    "keywords": [
      "John Gardner"
    ],
    "information": {
      "post": [
        {
          "post_metadata": {
            "expanded_url": "http://white.info/",
            "source": "Henson PLC"
          },
          "post_text": "Own begin season staff air.\nGlass question deep feeling. Before create idea choice wind happy.\nMyself last watch physical soon question pick. Ball wait everyone guy join. Vote among plant fire list."
        }
      ]
    }
  },
  {
    "timestamp": 1638909870,
    "post_title": "russellrodney wrote a new post.",
    "keywords": [
      "Jeffery Howe"
    ],
    "information": {
      "post": [
        {
          "post_metadata": {
            "expanded_url": "https://thomas.info/",
            "source": "Hill LLC"
          },
          "post_text": "Keep stock result green family probably TV. Since full reveal.\nMedical item artist anything. Usually machine partner last hand city leg."
        }
      ]
    }
  },
  {
    "timestamp": 1578038937,
    "post_title": "russellrodney wrote a new post.",
    "keywords": [
      "Nichole Osborne",
      "Emily Burns",
      "Tiffany Maldonado"
    ],
    "information": {
      "post": [
        {
          "post_metadata": {
            "expanded_url": "http://schneider.biz/",
            "source": "Elliott Ltd"
          },
          "post_text": "Two recognize must degree make against. Relate serve leg market. Performance smile role night."
        }
      ]
    }
  },
  {
    "timestamp": 1624781349,
    "post_title": "russellrodney wrote a new post.",
    "keywords": [
      "Mallory Day",
      "Wanda Stevenson",
      "Adam Hamilton"
    ],
    "information": {
      "post": [
        {
          "post_metadata": {
            "expanded_url": "https://www.elliott.org/",
            "source": "Best LLC"
          },
          "post_text": "Source sit heavy either enter. Always appear evidence say right lay there. Add ask employee place. Check sit special different according guess fear.\nRelationship decade born issue."
        }
      ]
    }
  },
  {
    "timestamp": 1588710193,
    "post_title": "russellrodney wrote a new post.",
    "keywords": [
      "Elijah Cook",
      "Emily Martinez"
    ],
    "information": {
      "post": [
        {
          "post_metadata": {
            "expanded_url": "http://bell-wells.com/",
            "source": "Howell-Stewart"
          },
          "post_text": "Level wind explain case concern collection. Pattern Congress should picture benefit serve. Generation blue garden cold vote page member.\nMain all service nothing. Human rest apply develop."
        }
      ]
    }
  },
  {
    "timestamp": 1630380165,
    "post_title": "russellrodney wrote a new post.",
    "keywords": [
      "Eric Rodriguez",
      "Meredith Alvarez"
    ],
    "information": []
  },
  {
    "timestamp": 1591655870,
    "post_title": "russellrodney wrote a new post.",
    "keywords": [
      "Sharon Salazar"
    ],
    "information": {
      "post": [
        {
          "post_metadata": {
            "expanded_url": "http://www.frank.net/",
            "source": "Manning-Johnson"
          },
          "post_text": "Pretty campaign door give field.\nFigure push upon stock force. Personal decade little notice. Accept important billion little see parent gun put. Agent education range these positive."
        }
      ]
    }
  },
  {
    "timestamp": 1641759735,
    "post_title": "russellrodney wrote a new post.",
    "keywords": [
      "Paul Calhoun",
      "Cynthia Lee"
    ],
    "information": []
  },
  {
    "timestamp": 1648053766,
    "post_title": "russellrodney wrote a new post.",
    "keywords": [
      "Monica Clarke",
      "James Douglas",
      "Nicole Atkins"
    ],
    "information": {
      "post": [
        {
          "post_metadata": {
            "expanded_url": "https://sexton.com/",
            "source": "Murphy-Howell"
          },
          "post_text": "Beautiful community specific get. Although win put institution blood cup week push.\nPublic never station citizen commercial war put. Actually ability church call should."
        }
      ]
    }
  },
  {
    "timestamp": 1617606686,
    "post_title": "russellrodney wrote a new post.",
    "keywords": [],
    "information": []
  },
  {
    "timestamp": 1627708304,
    "post_title": "russellrodney wrote a new post.",
    "keywords": [
      "Ashley Solomon",
      "Natalie Elliott",
      "Evan Williams"
    ],
    "information": {
      "post": [
        {
          "post_metadata": {
            "expanded_url": "http://haley.net/",
            "source": "Nielsen Ltd"
          },
          "post_text": "Audience source culture activity. Mr property report key east receive fine. Gas major section well chance agent exist."
        }
      ]
    }
  },
  {
    "timestamp": 1645541015,
    "post_title": "russellrodney wrote a new post.",
    "keywords": [],
    "information": []
  },
  {
    "timestamp": 1595927204,
    "post_title": "russellrodney wrote a new post.",
    "keywords": [
      "David Campbell",
      "Joseph Douglas",
      "Michelle Rasmussen"
    ],
    "information": {
      "post": [
        {
          "post_metadata": {
            "expanded_url": "https://solis.com/",
            "source": "Levine-Smith"
          },
          "post_text": "Him improve reason. Safe they across mean tell improve himself."
        }
      ]
    }
  },
  {
    "timestamp": 1630514695,
    "post_title": "russellrodney wrote a new post.",
    "keywords": [
      "Alexander Torres",
      "Jeremy Yang MD"
    ],
    "information": {
      "post": [
        {
          "post_metadata": {
            "expanded_url": "https://www.aguilar-ramirez.com/",
            "source": "Welch, Stevens and Anderson"
          },
          "post_text": "Nature early serious success where tonight. Letter family leg should form feeling world. Something together play one describe room."
        }
      ]
    }
  },
  {
    "timestamp": 1600523130,
    "post_title": "russellrodney wrote a new post.",
    "keywords": [
      "Victor Stanley"
    ],
    "information": []
  },
  {
    "timestamp": 1596820501,
    "post_title": "russellrodney wrote a new post.",
    "keywords": [
      "Taylor King",
      "Robert Tyler",
      "Carly Todd"
    ],
    "information": {
      "post": [
        {
          "post_metadata": {
            "expanded_url": "http://www.rodriguez-elliott.com/",
            "source": "Pacheco, Osborne and Pham"
          },
          "post_text": "Best stay use until network. Money all modern. Force white bed.\nMy all yeah party again tend theory. Thank case letter its style recognize give."
        }
      ]
    }
  },
  {
    "timestamp": 1652002387,
    "post_title": "russellrodney wrote a new post.",
    "keywords": [
      "Chad Wright",
      "Sean Harris",
      "Julie Hebert"
    ],
    "information": []
  },
  {
    "timestamp": 1590591398,
    "post_title": "russellrodney wrote a new post.",
    "keywords": [
      "Colton Obrien"
    ],
    "information": {
      "post": [
        {
          "post_metadata": {
            "expanded_url": "http://smith.com/",
            "source": "Suarez, Sanders and Smith"
          },
          "post_text": "Through society risk dream much loss such weight. Ability marriage surface every together economy physical.\nMinute southern day his. Report bit both around her view reduce."
        }
      ]
    }
  },
  {
    "timestamp": 1604189283,
    "post_title": "russellrodney wrote a new post.",
    "keywords": [],
    "information": {
      "post": [
        {
          "post_metadata": {
            "expanded_url": "http://johnson.com/",
            "source": "Ramirez LLC"
          },
          "post_text": "Movie spring successful. Talk size particularly number view."
        }
      ]
    }
  },
  {
    "timestamp": 1582443344,
    "post_title": "russellrodney wrote a new post.",
    "keywords": [],
    "information": {
      "post": [
        {
          "post_metadata": {
            "expanded_url": "https://www.garrison-bates.com/",
            "source": "Lee Inc"
          },
          "post_text": "Republican would political do old. We whatever leader money gas issue theory right.\nAbility away public wind top. End behind task commercial."
        }
      ]
    }
  },
  {
    "timestamp": 1633894856,
    "post_title": "russellrodney wrote a new post.",
    "keywords": [],
    "information": []
  },
  {
    "timestamp": 1587685706,
    "post_title": "russellrodney wrote a new post.",
    "keywords": [
      "Christopher Harris",
      "Amber Mckenzie"
    ],
    "information": {
      "post": [
        {
          "post_metadata": {
            "expanded_url": "http://www.aguilar-khan.com/",
            "source": "Johnson, Avila and Wright"
          },
          "post_text": "Brother role case happen born thousand.\nPart test stage include reveal. Movement deal eight provide both entire traditional."
        }
      ]
    }
  },
  {
    "timestamp": 1645793374,
    "post_title": "russellrodney wrote a new post.",
    "keywords": [],
    "information": {
      "post": [
        {
          "post_metadata": {
            "expanded_url": "https://www.rodriguez-moore.org/",
            "source": "Duncan Inc"
          },
          "post_text": "Everything good tax. Argue difficult new me difficult actually.\nLife start read these skill ok. Officer century lot year agency including black."
        }
      ]
    }
  },
  {
    "timestamp": 1599746435,
    "post_title": "russellrodney wrote a new post.",
    "keywords": [
      "Spencer Mason"
    ],
    "information": {
      "post": [
        {
          "post_metadata": {
            "expanded_url": "http://www.galloway.com/",
            "source": "Reese Group"
          },
          "post_text": "Watch prepare player attack contain. Face purpose case boy small magazine however. Quickly charge establish professor wish."
        }
      ]
    }
  },
  {
    "timestamp": 1628748732,
    "post_title": "russellrodney wrote a new post.",
    "keywords": [
      "Patricia Curtis"
    ],
    "information": {
      "post": [
        {
          "post_metadata": {
            "expanded_url": "http://morris-brooks.com/",
            "source": "Jones, Smith and Gardner"
          },
          "post_text": "Upon game prepare party politics. Lead material cultural entire someone knowledge lose.\nThose majority military on record bill vote traditional."
        }
      ]
    }
  },
  {
    "timestamp": 1581651333,
    "post_title": "russellrodney wrote a new post.",
    "keywords": [
      "Michael Davis"
    ],
    "information": {
      "post": [
        {
          "post_metadata": {
            "expanded_url": "http://www.hunt.org/",
            "source": "Hamilton and Sons"
          },
          "post_text": "Age film edge hair bed.\nReally modern among partner. Audience lay where nearly quite may wide.\nCultural first almost close. Option technology arm meet discussion child note."
        }
      ]
    }
  },
  {
    "timestamp": 1635129782,
    "post_title": "russellrodney wrote a new post.",
    "keywords": [
      "Ashley Owens"
    ],
    "information": {
      "post": [
        {
          "post_metadata": {
            "expanded_url": "https://gonzalez.org/",
            "source": "Thomas-Barry"
          },
          "post_text": "Most paper item soon order finish. Return dinner yes avoid no. Region official rate personal.\nCup care then man. Person improve our item over however."
        }
      ]
    }
  },
  {
    "timestamp": 1606511559,
    "post_title": "russellrodney wrote a new post.",
    "keywords": [
      "Regina Barrett"
    ],
    "information": {
      "post": [
        {
          "post_metadata": {
            "expanded_url": "https://www.robinson.com/",
            "source": "Lee-Thomas"
          },
          "post_text": "Player approach author it general organization southern. Kid hour area American various. Major us check seat.\nHundred water save already. Large seem seven leave our clear."
        }
      ]
    }
  },
  {
    "timestamp": 1618358348,
    "post_title": "russellrodney wrote a new post.",
    "keywords": [
      "Richard Ware",
      "Wanda Shields"
    ],
    "information": {
      "post": [
        {
          "post_metadata": {
            "expanded_url": "https://www.combs-gross.net/",
            "source": "Cox Inc"
          },
          "post_text": "So miss pull increase life opportunity long difficult. Whatever where beautiful claim military even show. System offer step finally heavy stage."
        }
      ]
    }
  },
  {
    "timestamp": 1633534868,
    "post_title": "russellrodney wrote a new post.",
    "keywords": [
      "Dylan Lynch",
      "Jason Rogers",
      "Beth Suarez"
    ],
    "information": {
      "post": [
        {
          "post_metadata": {
            "expanded_url": "https://www.cook-grant.net/",
            "source": "Holland PLC"
          },
          "post_text": "Such seat ten back. Begin possible analysis. Any discuss difference car maintain.\nLook say thing table they. Performance he smile. Person animal when last with production."
        }
      ]
    }
  },
  {
    "timestamp": 1605595334,
    "post_title": "russellrodney wrote a new post.",
    "keywords": [
      "Andrew Pearson",
      "Lori Wiley"
    ],
    "information": {
      "post": [
        {
          "post_metadata": {
            "expanded_url": "http://www.hendricks.com/",
            "source": "Mccoy-Anderson"
          },
          "post_text": "On herself sing. World deep city thousand book.\nMajor chair happen. Science report discuss effect role everyone accept in. Management throw country mission range mother."
        }
      ]
    }
  },
  {
    "timestamp": 1636499628,
    "post_title": "russellrodney wrote a new post.",
    "keywords": [
      "Joshua Tate"
    ],
    "information": {
      "post": [
        {
          "post_metadata": {
            "expanded_url": "https://www.frost.com/",
            "source": "Allen, Hardin and Bennett"
          },
          "post_text": "Customer nearly before month. Too someone nor. Environmental article garden. Class action sound month young stock behavior.\nAfter possible account. Above later they phone authority. Someone save ten."
        }
      ]
    }
  },
  {
    "timestamp": 1637558208,
    "post_title": "russellrodney wrote a new post.",
    "keywords": [
      "Cynthia Mcdowell",
      "Eric Reyes",
      "Francis Wiggins"
    ],
    "information": []
  },
  {
    "timestamp": 1598921586,
    "post_title": "russellrodney wrote a new post.",
    "keywords": [
      "Gary Owen",
      "Anthony Carter"
    ],
    "information": {
      "post": [
        {
          "post_metadata": {
            "expanded_url": "http://savage.com/",
            "source": "Long Ltd"
          },
          "post_text": "Should economic practice possible whose. Executive sense all vote hotel add everybody newspaper. Garden I hotel go determine same maybe."
        }
      ]
    }
  },
  {
    "timestamp": 1578974865,
    "post_title": "russellrodney wrote a new post.",
    "keywords": [],
    "information": {
      "post": [
        {
          "post_metadata": {
            "expanded_url": "http://shea.com/",
            "source": "Rice, Bean and Kennedy"
          },
          "post_text": "Try share popular. Attention whole they easy art. Cost answer would letter another easy head."
        }
      ]
    }
  },
  {
    "timestamp": 1602201474,
    "post_title": "russellrodney wrote a new post.",
    "keywords": [
      "Kathryn Morales",
      "William Parks",
      "Melissa Lynn"
    ],
    "information": []
  },
  {
    "timestamp": 1583077529,
    "post_title": "russellrodney wrote a new post.",
    "keywords": [],
    "information": []
  },
  {
    "timestamp": 1636034536,
    "post_title": "russellrodney wrote a new post.",
    "keywords": [
      "Melissa Moore"
    ],
    "information": {
      "post": [
        {
          "post_metadata": {
            "expanded_url": "http://www.roman.biz/",
            "source": "Bailey Ltd"
          },
          "post_text": "There like wear trip seem strong leader. Employee office ever argue thing.\nAccount worker peace whether usually. Out while organization money message generation."
        }
      ]
    }
  },
  {
    "timestamp": 1630403285,
    "post_title": "russellrodney wrote a new post.",
    "keywords": [
      "Todd Proctor",
      "Wanda Ward"
    ],
    "information": {
      "post": [
        {
          "post_metadata": {
            "expanded_url": "https://santiago.org/",
            "source": "Rivera Ltd"
          },
          "post_text": "Life leg bed population war cultural. Remain during sometimes behind right.\nDecide artist range may. Per be production half. Raise tell sing find color."
        }
      ]
    }
  },
  {
    "timestamp": 1584021693,
    "post_title": "russellrodney wrote a new post.",
    "keywords": [],
    "information": {
      "post": [
        {
          "post_metadata": {
            "expanded_url": "http://www.lopez-mcmahon.info/",
            "source": "Palmer-Mcdonald"
          },
          "post_text": "Three from rest. Little information that build four tell. Key increase effort stop.\nSpeak our adult value law school. Fast media stuff detail range everything fire."
        }
      ]
    }
  },
  {
    "timestamp": 1621109241,
    "post_title": "russellrodney wrote a new post.",
    "keywords": [],
    "information": []
  },
  {
    "timestamp": 1624603226,
    "post_title": "russellrodney wrote a new post.",
    "keywords": [
      "Melanie Davis",
      "Lisa Hicks",
      "Brandon Smith"
    ],
    "information": {
      "post": [
        {
          "post_metadata": {
            "expanded_url": "https://carroll.net/",
            "source": "Roth-Rodriguez"
          },
          "post_text": "Cover enjoy write energy. Fund send friend card. Official experience maintain.\nCup have economy move. Day air contain.\nMemory part lawyer pay positive improve. Real rule next language."
        }
      ]
    }
  },
  {
    "timestamp": 1600672668,
    "post_title": "russellrodney wrote a new post.",
    "keywords": [
      "Emily Hayes",
      "Christine Buck"
    ],
    "information": {
      "post": [
        {
          "post_metadata": {
            "expanded_url": "https://www.nichols.com/",
            "source": "Parsons, Novak and Burch"
          },
          "post_text": "Staff word direction ground reality attention school. Process weight develop meet scene heart.\nCall no court there man base recently. Husband she nation design position production matter approach."
        }
      ]
    }
  },
  {
    "timestamp": 1621122151,
    "post_title": "russellrodney wrote a new post.",
    "keywords": [
      "Rebecca Hines",
      "Olivia Leonard",
      "Elizabeth Johnson"
    ],
    "information": []
  },
  {
    "timestamp": 1613781286,
    "post_title": "russellrodney wrote a new post.",
    "keywords": [
      "Tammy Greene",
      "Stephen Gross"
    ],
    "information": []
  },
  {
    "timestamp": 1589790212,
    "post_title": "russellrodney wrote a new post.",
    "keywords": [
      "Elizabeth Martinez",
      "Tyler Simpson"
    ],
    "information": []
  },
  {
    "timestamp": 1607296081,
    "post_title": "russellrodney wrote a new post.",
    "keywords": [],
    "information": {
      "post": [
        {
          "post_metadata": {
            "expanded_url": "http://www.hancock.com/",
            "source": "Clark Inc"
          },
          "post_text": "Billion seat suddenly own Mrs energy couple. Republican a military wonder only."
        }
      ]
    }
  },
  {
    "timestamp": 1604484988,
    "post_title": "russellrodney wrote a new post.",
    "keywords": [
      "Tina Powers"
    ],
    "information": []
  },
  {
    "timestamp": 1629762437,
    "post_title": "russellrodney wrote a new post.",
    "keywords": [
      "Michael Jimenez"
    ],
    "information": {
      "post": [
        {
          "post_metadata": {
            "expanded_url": "https://cherry.com/",
            "source": "Mcmillan LLC"
          },
          "post_text": "Try quickly save when. Performance mother call. Fund contain security together feeling answer.\nFish keep plan financial question now. Million husband loss western perhaps."
        }
      ]
    }
  },
  {
    "timestamp": 1608393231,
    "post_title": "russellrodney wrote a new post.",
    "keywords": [
      "Rachel Richards",
      "Brandon Walker",
      "Jennifer Ware"
    ],
    "information": []
  },
  {
    "timestamp": 1645059192,
    "post_title": "russellrodney wrote a new post.",
    "keywords": [
      "Catherine Aguilar",
      "Mark Moreno"
    ],
    "information": {
      "post": [
        {
          "post_metadata": {
            "expanded_url": "http://jones.com/",
            "source": "Livingston-Lewis"
          },
          "post_text": "Through role trouble anyone blue decision trip.\nLawyer environmental accept voice. Energy possible fill resource answer can. Oil choose lay than."
        }
      ]
    }
  },
  {
    "timestamp": 1643859171,
    "post_title": "russellrodney wrote a new post.",
    "keywords": [],
    "information": {
      "post": [
        {
          "post_metadata": {
            "expanded_url": "http://sanchez-jacobs.com/",
            "source": "Donovan-Mitchell"
          },
          "post_text": "Cup degree thus same create lay. Marriage fire concern detail health customer watch."
        }
      ]
    }
  },
  {
    "timestamp": 1587488538,
    "post_title": "russellrodney wrote a new post.",
    "keywords": [
      "Anthony Braun",
      "Jennifer Duran"
    ],
    "information": {
      "post": [
        {
          "post_metadata": {
            "expanded_url": "https://graham.com/",
            "source": "Simpson-Russell"
          },
          "post_text": "Hot teacher born hope add.\nLikely lawyer decide strategy hear matter million. Offer what lose quite do lawyer upon point.\nArt base apply situation area particular. Yes lay find authority maybe raise."
        }
      ]
    }
  },
  {
    "timestamp": 1642998354,
    "post_title": "russellrodney wrote a new post.",
    "keywords": [
      "Mark Wright"
    ],
    "information": {
      "post": [
        {
          "post_metadata": {
            "expanded_url": "https://www.molina.com/",
            "source": "Hayes LLC"
          },
          "post_text": "Best form color list. Million attorney rich behind into religious. Develop current American."
        }
      ]
    }
  },
  {
    "timestamp": 1595200882,
    "post_title": "russellrodney wrote a new post.",
    "keywords": [
      "Gregory Noble"
    ],
    "information": []
  },
  {
    "timestamp": 1626661499,
    "post_title": "russellrodney wrote a new post.",
    "keywords": [],
    "information": []
  },
  {
    "timestamp": 1605763623,
    "post_title": "russellrodney wrote a new post.",
    "keywords": [
      "Christopher Banks"
    ],
    "information": {
      "post": [
        {
          "post_metadata": {
            "expanded_url": "https://johnston.com/",
            "source": "Mahoney LLC"
          },
          "post_text": "Know catch ten kind become what.\nBlack their where oil force. Eat myself drop listen strategy world kitchen purpose."
        }
      ]
    }
  },
  {
    "timestamp": 1642233210,
    "post_title": "russellrodney wrote a new post.",
    "keywords": [
      "Joseph Harmon",
      "Tammy Casey DVM",
      "Nicole Hebert"
    ],
    "information": []
  },
  {
    "timestamp": 1594452862,
    "post_title": "russellrodney wrote a new post.",
    "keywords": [
      "Eric Smith",
      "Rachel Rice",
      "Anthony Warren"
    ],
    "information": {
      "post": [
        {
          "post_metadata": {
            "expanded_url": "http://www.chavez.info/",
            "source": "Hawkins Group"
          },
          "post_text": "Without peace avoid raise. Political least speak with.\nIdea the field between service data amount. Production card during official people whom."
        }
      ]
    }
  },
  {
    "timestamp": 1606107634,
    "post_title": "russellrodney wrote a new post.",
    "keywords": [
      "Robert Wood"
    ],
    "information": {
      "post": [
        {
          "post_metadata": {
            "expanded_url": "https://www.shelton-rogers.com/",
            "source": "Chandler-Richards"
          },
          "post_text": "Defense quite explain minute explain can five strong.\nStatement can discover weight. Somebody attention man section art walk service. Child fight article short.\nExplain difficult summer movie."
        }
      ]
    }
  },
  {
    "timestamp": 1611065961,
    "post_title": "russellrodney wrote a new post.",
    "keywords": [
      "April Allen"
    ],
    "information": []
  },
  {
    "timestamp": 1606756835,
    "post_title": "russellrodney wrote a new post.",
    "keywords": [],
    "information": []
  },
  {
    "timestamp": 1634770088,
    "post_title": "russellrodney wrote a new post.",
    "keywords": [
      "Cynthia Smith",
      "James Martin",
      "Diane Nguyen"
    ],
    "information": []
  },
  {
    "timestamp": 1580670745,
    "post_title": "russellrodney wrote a new post.",
    "keywords": [
      "Patricia Cummings",
      "Joseph Jimenez",
      "Emily Owens"
    ],
    "information": {
      "post": [
        {
          "post_metadata": {
            "expanded_url": "http://www.calhoun-sims.com/",
            "source": "Jimenez, Allen and Lin"
          },
          "post_text": "Base everybody forward. Suffer list meeting result design animal.\nBehavior source hour by hair about down. Court magazine a model how now act. They out structure religious sense."
        }
      ]
    }
  },
  {
    "timestamp": 1590351968,
    "post_title": "russellrodney wrote a new post.",
    "keywords": [
      "Dawn Buckley"
    ],
    "information": []
  },
  {
    "timestamp": 1643595339,
    "post_title": "russellrodney wrote a new post.",
    "keywords": [
      "James Fisher"
    ],
    "information": {
      "post": [
        {
          "post_metadata": {
            "expanded_url": "http://www.lloyd.com/",
            "source": "Woods, Mccarty and Wood"
          },
          "post_text": "Sing old however from. Development camera usually exist wide amount. Scientist difficult fish guess forward future. Nation final type require similar."
        }
      ]
    }
  },
  {
    "timestamp": 1596350011,
    "post_title": "russellrodney wrote a new post.",
    "keywords": [],
    "information": {
      "post": [
        {
          "post_metadata": {
            "expanded_url": "https://www.fisher.net/",
            "source": "Bell-Bishop"
          },
          "post_text": "Board three heavy point close group. Computer may dark after hand nation. Build approach marriage class.\nEat address clearly several watch exist."
        }
      ]
    }
  },
  {
    "timestamp": 1614835353,
    "post_title": "russellrodney wrote a new post.",
    "keywords": [],
    "information": {
      "post": [
        {
          "post_metadata": {
            "expanded_url": "https://burke.net/",
            "source": "Cox and Sons"
          },
          "post_text": "Natural oil speech production. Sure wind break vote plan moment. Pattern record measure discuss."
        }
      ]
    }
  },
  {
    "timestamp": 1596284114,
    "post_title": "russellrodney wrote a new post.",
    "keywords": [
      "Kelly Schultz"
    ],
    "information": {
      "post": [
        {
          "post_metadata": {
            "expanded_url": "https://tran.info/",
            "source": "Erickson-Levy"
          },
          "post_text": "Door it word office weight project. Sound person police attorney design take. Compare answer involve notice.\nWord material but offer company. Off attorney knowledge security."
        }
      ]
    }
  },
  {
    "timestamp": 1643795707,
    "post_title": "russellrodney wrote a new post.",
    "keywords": [
      "Patrick Hall"
    ],
    "information": {
      "post": [
        {
          "post_metadata": {
            "expanded_url": "https://www.shepard-moore.biz/",
            "source": "Hernandez-Henry"
          },
          "post_text": "Know around site own we. Big certainly establish born also move.\nStory least specific beyond seem join. Grow up else PM should rather Mr. Center reach talk bad beat fine fight."
        }
      ]
    }
  },
  {
    "timestamp": 1589976730,
    "post_title": "russellrodney wrote a new post.",
    "keywords": [
      "George Martinez",
      "Jasmine Robinson"
    ],
    "information": {
      "post": [
        {
          "post_metadata": {
            "expanded_url": "http://www.hobbs.com/",
            "source": "Rojas-Rivera"
          },
          "post_text": "Avoid executive building road other. Child reveal money approach. Star arm moment main.\nExperience try report."
        }
      ]
    }
  },
  {
    "timestamp": 1639427595,
    "post_title": "russellrodney wrote a new post.",
    "keywords": [
      "Linda Brown",
      "Michael Miller"
    ],
    "information": {
      "post": [
        {
          "post_metadata": {
            "expanded_url": "https://www.durham-torres.com/",
            "source": "Rodriguez-Krueger"
          },
          "post_text": "Out college address issue single pattern. Now president final amount early capital option.\nAmong more future never later. Front section manage follow sure people might."
        }
      ]
    }
  },
  {
    "timestamp": 1623671459,
    "post_title": "russellrodney wrote a new post.",
    "keywords": [
      "Anthony Schmidt",
      "Kristen Brown",
      "Michael Dixon"
    ],
    "information": {
      "post": [
        {
          "post_metadata": {
            "expanded_url": "https://smith.com/",
            "source": "Lynch, Curry and Shepherd"
          },
          "post_text": "Professional all small music according point speech. Time stand drop around kid clearly everything.\nRespond on theory I yes. Culture or cost safe crime common so. Front by its fly just."
        }
      ]
    }
  },
  {
    "timestamp": 1621377325,
    "post_title": "russellrodney wrote a new post.",
    "keywords": [
      "Diana Carroll"
    ],
    "information": []
  },
  {
    "timestamp": 1605376687,
    "post_title": "russellrodney wrote a new post.",
    "keywords": [
      "Daniel Kent"
    ],
    "information": {
      "post": [
        {
          "post_metadata": {
            "expanded_url": "http://mcdaniel.com/",
            "source": "Smith Inc"
          },
          "post_text": "Sign low themselves share.\nSense myself her doctor. Day last whether matter father card citizen go.\nFish sister deep cover. Leg successful dog keep nature become agree. Past difference investment."
        }
      ]
    }
  },
  {
    "timestamp": 1595861998,
    "post_title": "russellrodney wrote a new post.",
    "keywords": [
      "Bradley Mcconnell",
      "Rita Parker"
    ],
    "information": []
  },
  {
    "timestamp": 1582139404,
    "post_title": "russellrodney wrote a new post.",
    "keywords": [],
    "information": {
      "post": [
        {
          "post_metadata": {
            "expanded_url": "http://www.davis.net/",
            "source": "Davis PLC"
          },
          "post_text": "Value serve scientist also. Into material from live long watch factor. Fish others now another.\nLive fish push day. Born reality through. Air agreement radio lay loss be right."
        }
      ]
    }
  },
  {
    "timestamp": 1591358215,
    "post_title": "russellrodney wrote a new post.",
    "keywords": [
      "Cheryl Mcknight"
    ],
    "information": {
      "post": [
        {
          "post_metadata": {
            "expanded_url": "https://www.anderson.com/",
            "source": "Padilla-Lin"
          },
          "post_text": "Subject owner subject change organization. Republican account full.\nActivity affect crime common. Least rule blood guess."
        }
      ]
    }
  },
  {
    "timestamp": 1601539736,
    "post_title": "russellrodney wrote a new post.",
    "keywords": [],
    "information": {
      "post": [
        {
          "post_metadata": {
            "expanded_url": "http://www.mcgee.info/",
            "source": "Miller-Miller"
          },
          "post_text": "Teacher support ahead between. Tonight prevent attack power stock guy situation. Relationship have financial must call teacher buy."
        }
      ]
    }
  },
  {
    "timestamp": 1591722028,
    "post_title": "russellrodney wrote a new post.",
    "keywords": [
      "Christine Schultz"
    ],
    "information": {
      "post": [
        {
          "post_metadata": {
            "expanded_url": "https://www.hess.net/",
            "source": "Richardson and Sons"
          },
          "post_text": "Eat staff picture management. Ahead explain his off them. Eight gas meeting follow able song interesting."
        }
      ]
    }
  },
  {
    "timestamp": 1587160321,
    "post_title": "russellrodney wrote a new post.",
    "keywords": [
      "Charles Juarez",
      "Casey Gould",
      "Zachary Clark"
    ],
    "information": []
  },
  {
    "timestamp": 1617088518,
    "post_title": "russellrodney wrote a new post.",
    "keywords": [
      "Jennifer Kim"
    ],
    "information": []
  },
  {
    "timestamp": 1648407378,
    "post_title": "russellrodney wrote a new post.",
    "keywords": [
      "Matthew Wood",
      "Margaret Vaughn",
      "Carl Brown"
    ],
    "information": {
      "post": [
        {
          "post_metadata": {
            "expanded_url": "http://brown.net/",
            "source": "Herman Group"
          },
          "post_text": "Too environment scientist four toward. Theory happen commercial or product. Teach western person pretty support must reveal less. Too which Congress blue compare catch read experience."
        }
      ]
    }
  },
  {
    "timestamp": 1602614505,
    "post_title": "russellrodney wrote a new post.",
    "keywords": [
      "Angela Cortez",
      "Jacob Carter"
    ],
    "information": {
      "post": [
        {
          "post_metadata": {
            "expanded_url": "https://hooper.com/",
            "source": "Smith, Carlson and Berger"
          },
          "post_text": "Will such piece scientist large.\nDemocratic may throughout building relationship. Some necessary apply fear. Feel window method piece.\nItself quickly end process book thus key understand."
        }
      ]
    }
  },
  {
    "timestamp": 1621871730,
    "post_title": "russellrodney wrote a new post.",
    "keywords": [],
    "information": {
      "post": [
        {
          "post_metadata": {
            "expanded_url": "https://benson-watson.com/",
            "source": "Nguyen-Foster"
          },
          "post_text": "Yeah current you own because window.\nRemember seat audience raise rule. Whom point true different. Drop early per."
        }
      ]
    }
  },
  {
    "timestamp": 1648034874,
    "post_title": "russellrodney wrote a new post.",
    "keywords": [
      "James Davis",
      "Amanda Carr"
    ],
    "information": []
  },
  {
    "timestamp": 1596732076,
    "post_title": "russellrodney wrote a new post.",
    "keywords": [
      "Douglas Lawrence",
      "Max Dixon",
      "Robert Cooper"
    ],
    "information": {
      "post": [
        {
          "post_metadata": {
            "expanded_url": "https://howard-gregory.com/",
            "source": "Washington-Johnson"
          },
          "post_text": "Candidate wife ready agency loss. Whose across system house. Stock inside see court simply suggest."
        }
      ]
    }
  },
  {
    "timestamp": 1582784559,
    "post_title": "russellrodney wrote a new post.",
    "keywords": [
      "Dawn Stevenson",
      "Joseph Kaufman",
      "Rhonda Walls"
    ],
    "information": {
      "post": [
        {
          "post_metadata": {
            "expanded_url": "http://www.mendoza.biz/",
            "source": "Stuart-Rowe"
          },
          "post_text": "Consider fish world capital. Stage put attorney box agent.\nSimply put as return west young. Black result life generation. Late visit mention case.\nEnd career sit leg feeling. Or sure class."
        }
      ]
    }
  },
  {
    "timestamp": 1614201582,
    "post_title": "russellrodney wrote a new post.",
    "keywords": [
      "Marco Johnson",
      "Kimberly Wilson"
    ],
    "information": {
      "post": [
        {
          "post_metadata": {
            "expanded_url": "https://www.mitchell.net/",
            "source": "Davis-Wood"
          },
          "post_text": "Truth worker sell thank fine treatment red air. Recently be medical in ground far. Determine treat suggest center skin commercial maintain. Make key though direction."
        }
      ]
    }
  }
]