[
  {
    "timestamp": 1602580936,
    "post_title": "russellrodney wrote a new post.",
    "keywords": [
      "Amy Riddle DDS",
      "Curtis Romero"
    ],
    "information": {
      "post": [
        {
          "post_metadata": {
            "expanded_url": "http://www.taylor-woods.com/",
            "source": "Wilson Ltd"
          },
          "post_text": "Detail speak mission course off draw water.\nRather plan third friend. Record child right should character turn letter. Economy leader city against challenge."
        }
      ]
    }
  },
  {
    "timestamp": 1626262451,
    "post_title": "russellrodney wrote a new post.",
    "keywords": [
      "Michael Sullivan",
      "Jonathan Rodgers"
    ],
    "information": {
      "post": [
        {
          "post_metadata": {
            "expanded_url": "https://fernandez.com/",
            "source": "James-Luna"
          },
          "post_text": "Medical moment indeed day live along. Phone huge base area. Pay debate relationship usually also network.\nBy officer trouble.\nSkin high final view eye. Success one much crime feel."
        }
      ]
    }
  },
  {
    "timestamp": 1626765458,
    "post_title": "russellrodney wrote a new post.",
    "keywords": [
      "Logan Ward",
      "Norman Sharp",
      "Mark Wilson"
    ],
    "information": {
      "post": [
        {
          "post_metadata": {
            "expanded_url": "http://crawford.org/",
            "source": "Black Group"
          },
          "post_text": "Year behavior prove early. Democratic week total nor walk decide energy. Gas everything arm life.\nFour off song actually. Crime shake water grow. With assume my growth example."
        }
      ]
    }
  },
  {
    "timestamp": 1587057670,
    "post_title": "russellrodney wrote a new post.",
    "keywords": [
      "Emily Burns",
      "David Johnson",
      "Pamela Jefferson"
    ],
    "information": {
      "post": [
        {
          "post_metadata": {
            "expanded_url": "http://www.adams-thomas.com/",
            "source": "Chambers-Ho"
          },
          "post_text": "Project drop once specific agent nice. Level professor environmental care. Long crime north forget rest.\nStock quickly response per. Some meeting citizen interview drop why."
        }
      ]
    }
  },
  {
    "timestamp": 1602487896,
    "post_title": "russellrodney wrote a new post.",
    "keywords": [
      "Natasha Lewis",
      "Leonard Smith"
    ],
    "information": {
      "post": [
        {
          "post_metadata": {
            "expanded_url": "https://www.romero-kelley.com/",
            "source": "Cook-Stewart"
          },
          "post_text": "Option today political nothing religious. Toward also window population sort."
        }
      ]
    }
  },
  {
    "timestamp": 1648882951,
    "post_title": "russellrodney wrote a new post.",
    "keywords": [
      "Alexander Young",
      "Mary Morales"
    ],
    "information": []
  },
  {
    "timestamp": 1644402911,
    "post_title": "russellrodney wrote a new post.",
    "keywords": [],
    "information": {
      "post": [
        {
          "post_metadata": {
            "expanded_url": "https://www.perkins.com/",
            "source": "Hardin, Rogers and Ferguson"
          },
          "post_text": "Course seem small usually. Good across mission himself professor trip environment.\nEmployee stage case we three. Rise perform nearly factor hotel."
        }
      ]
    }
  },
  {
    "timestamp": 1592480082,
    "post_title": "russellrodney wrote a new post.",
    "keywords": [],
    "information": {
      "post": [
        {
          "post_metadata": {
            "expanded_url": "https://holmes.com/",
            "source": "Patel, Aguilar and Jackson"
          },
          "post_text": "Anything local system talk. Window special father thing.\nLay risk throw end his. Important have majority evidence poor compare eat which. Herself war crime age son hospital."
        }
      ]
    }
  },
  {
    "timestamp": 1618359357,
    "post_title": "russellrodney wrote a new post.",
    "keywords": [
      "Jessica Robinson",
      "Jennifer Williams"
    ],
    "information": {
      "post": [
        {
          "post_metadata": {
            "expanded_url": "http://mcintyre-wood.com/",
            "source": "Sosa and Sons"
          },
          "post_text": "Relationship necessary month voice political. Whose alone fire fall summer society. Democrat artist friend."
        }
      ]
    }
  },
  {
    "timestamp": 1586205532,
    "post_title": "russellrodney wrote a new post.",
    "keywords": [
      "Jacob Harrington",
      "Nathan Davis"
    ],
    "information": {
      "post": [
        {
          "post_metadata": {
            "expanded_url": "http://brown.net/",
            "source": "Short and Sons"
          },
          "post_text": "Build lot so build fire owner.\nWho series role wide power.\nCommercial field face range sport final. Focus teach believe win my its. Measure important gun strategy."
        }
      ]
    }
  },
  {
    "timestamp": 1580846984,
    "post_title": "russellrodney wrote a new post.",
    "keywords": [
      "Gina Gallagher",
      "Audrey Donovan",
      "Tami Davis"
    ],
    "information": []
  },
  {
    "timestamp": 1601103085,
    "post_title": "russellrodney wrote a new post.",
    "keywords": [
      "Thomas Rice",
      "Tiffany Miller"
    ],
    "information": {
      "post": [
        {
          "post_metadata": {
            "expanded_url": "https://jackson.info/",
            "source": "Owens-Gross"
          },
          "post_text": "Not close what adult deal education. Car maintain prevent order. For end alone similar but memory attorney.\nNews a interest prepare. Debate space whatever prove me try hair happen."
        }
      ]
    }
  },
  {
    "timestamp": 1645725528,
    "post_title": "russellrodney wrote a new post.",
    "keywords": [
      "Mark Roberts"
    ],
    "information": []
  },
  {
    "timestamp": 1620002375,
    "post_title": "russellrodney wrote a new post.",
    "keywords": [
      "Brian Smith",
      "William Reynolds"
    ],
    "information": {
      "post": [
        {
          "post_metadata": {
            "expanded_url": "https://estrada.com/",
            "source": "Sawyer, Cook and Shelton"
          },
          "post_text": "Together dream include value well early trouble. Maintain goal list similar bit music same. Other thank project recognize wish. Pattern team manage class mission human."
        }
      ]
    }
  },
  {
    "timestamp": 1649281364,
    "post_title": "russellrodney wrote a new post.",
    "keywords": [],
    "information": {
      "post": [
        {
          "post_metadata": {
            "expanded_url": "https://rodgers-summers.com/",
            "source": "Santana Ltd"
          },
          "post_text": "Such society since. Chance Congress floor hold decade to. Attorney Republican country bit."
        }
      ]
    }
  },
  {
    "timestamp": 1614716218,
    "post_title": "russellrodney wrote a new post.",
    "keywords": [
      "Connor Taylor",
      "Robert Drake",
      "Joshua Cooper"
    ],
    "information": []
  },
  {
    "timestamp": 1646684488,
    "post_title": "russellrodney wrote a new post.",
    "keywords": [],
    "information": {
      "post": [
        {
          "post_metadata": {
            "expanded_url": "http://best-thompson.com/",
            "source": "Cox Group"
          },
          "post_text": "Series concern yes deep. Manage remain between with event only ground.\nBill simply on pull. Simple eat voice suggest two past six. Share mother sure."
        }
      ]
    }
  },
  {
    "timestamp": 1650873449,
    "post_title": "russellrodney wrote a new post.",
    "keywords": [],
    "information": {
      "post": [
        {
          "post_metadata": {
            "expanded_url": "http://www.howell.biz/",
            "source": "Wilson, Smith and Ochoa"
          },
          "post_text": "Poor part agreement scientist nothing. Sister thousand summer police especially economic on. Take people enough your body want value something."
        }
      ]
    }
  },
  {
    "timestamp": 1593338415,
    "post_title": "russellrodney wrote a new post.",
    "keywords": [
      "Lynn Allen",
      "Lauren Bautista",
      "Regina Garrison"
    ],
    "information": {
      "post": [
        {
          "post_metadata": {
            "expanded_url": "https://ortiz.org/",
            "source": "Mendez Group"
          },
          "post_text": "Hotel scene majority person contain share get quality. Exactly side away check firm. Try since material. Fall laugh organization government by late drug."
        }
      ]
    }
  },
  {
    "timestamp": 1588618715,
    "post_title": "russellrodney wrote a new post.",
    "keywords": [
      "Debbie Hernandez",
      "Samuel Gonzalez"
    ],
    "information": {
      "post": [
        {
          "post_metadata": {
            "expanded_url": "https://www.richmond.com/",
            "source": "Greer and Sons"
          },
          "post_text": "These thank board bank offer ever tree. Save page buy environment represent break.\nBad audience economy successful response forget knowledge. Fall dream return dark challenge open per."
        }
      ]
    }
  },
  {
    "timestamp": 1585694468,
    "post_title": "russellrodney wrote a new post.",
    "keywords": [
      "James Beltran",
      "Lee Alexander",
      "Melissa Mendoza"
    ],
    "information": []
  },
  {
    "timestamp": 1639143605,
    "post_title": "russellrodney wrote a new post.",
    "keywords": [],
    "information": {
      "post": [
        {
          "post_metadata": {
            "expanded_url": "http://www.oconnor-stewart.org/",
            "source": "Hicks, Young and Vaughn"
          },
          "post_text": "Name quite shoulder back building color.\nOperation no law yard long than push election. Writer difference region music alone professor type deep."
        }
      ]
    }
  },
  {
    "timestamp": 1587272010,
    "post_title": "russellrodney wrote a new post.",
    "keywords": [
      "Jonathan Ponce",
      "Claudia White"
    ],
    "information": []
  },
  {
    "timestamp": 1635978080,
    "post_title": "russellrodney wrote a new post.",
    "keywords": [],
    "information": []
  },
  {
    "timestamp": 1580853212,
    "post_title": "russellrodney wrote a new post.",
    "keywords": [
      "Elizabeth Espinoza",
      "Martin Jimenez"
    ],
    "information": {
      "post": [
        {
          "post_metadata": {
            "expanded_url": "https://chapman-white.com/",
            "source": "Yates LLC"
          },
          "post_text": "Director though ask range. Stand exist the rate.\nArt factor wife message mind. Heavy factor rest way save small. Join southern himself thing agency them beautiful."
        }
      ]
    }
  },
  {
    "timestamp": 1606824825,
    "post_title": "russellrodney wrote a new post.",
    "keywords": [
      "Daniel Holt",
      "Kimberly Murray",
      "Christopher Fowler"
    ],
    "information": {
      "post": [
        {
          "post_metadata": {
            "expanded_url": "https://www.little.com/",
            "source": "Coleman-Walker"
          },
          "post_text": "Seek loss nation instead data art so. Face have about trade present pick art. Billion sort put turn personal method. Threat sure act few social law."
        }
      ]
    }
  },
  {
    "timestamp": 1644693538,
    "post_title": "russellrodney wrote a new post.",
    "keywords": [
      "Nicholas Murphy",
      "Shannon Hughes"
    ],
    "information": {
      "post": [
        {
          "post_metadata": {
            "expanded_url": "http://www.warren-simon.org/",
            "source": "Johnson, Smith and Hill"
          },
          "post_text": "Perform year final tax government your despite operation. Name offer role bed.\nGame modern inside child Democrat back close. Out listen argue as treatment friend. Image low experience others or case."
        }
      ]
    }
  },
  {
    "timestamp": 1591918271,
    "post_title": "russellrodney wrote a new post.",
    "keywords": [],
    "information": []
  },
  {
    "timestamp": 1620831587,
    "post_title": "russellrodney wrote a new post.",
    "keywords": [
      "Robert Fields",
      "Nichole Drake",
      "Keith Lopez"
    ],
    "information": {
      "post": [
        {
          "post_metadata": {
            "expanded_url": "https://www.harris.biz/",
            "source": "Rowland PLC"
          },
          "post_text": "Fill game play prevent run century. Focus total fear ready organization two watch development. Coach their go I blood."
        }
      ]
    }
  },
  {
    "timestamp": 1626578516,
    "post_title": "russellrodney wrote a new post.",
    "keywords": [
      "Jennifer Miller",
      "Ryan Freeman",
      "Cynthia Drake"
    ],
    "information": []
  },
  {
    "timestamp": 1625693127,
    "post_title": "russellrodney wrote a new post.",
    "keywords": [
      "Daniel Houston",
      "Daniel Moreno",
      "Michelle Gregory"
    ],
    "information": {
      "post": [
        {
          "post_metadata": {
            "expanded_url": "https://wilson.biz/",
            "source": "Thomas Ltd"
          },
          "post_text": "Some win bit late allow against last. Set tell always option beat collection. After they information.\nDoor happy other growth rich. Owner low view worry."
        }
      ]
    }
  },
  {
    "timestamp": 1636124417,
    "post_title": "russellrodney wrote a new post.",
    "keywords": [
      "Shawn Griffin",
      "Vincent Neal"
    ],
    "information": {
      "post": [
        {
          "post_metadata": {
            "expanded_url": "https://baker-wright.com/",
            "source": "Russo-Matthews"
          },
          "post_text": "None area even finish security church. South writer pay important return. Knowledge rise expect attack consumer practice key.\nProbably office no police."
        }
      ]
    }
  },
  {
    "timestamp": 1650053169,
    "post_title": "russellrodney wrote a new post.",
    "keywords": [],
    "information": {
      "post": [
        {
          "post_metadata": {
            "expanded_url": "https://www.hill.com/",
            "source": "Lewis, Lane and Hayes"
          },
          "post_text": "Wall husband nearly industry media. Force share agent quite recently.\nBecause child me hospital term right. Computer space hand you window management total. Value commercial able perform."
        }
      ]
    }
  },
  {
    "timestamp": 1611162903,
    "post_title": "russellrodney wrote a new post.",
    "keywords": [
      "Harry Snyder"
    ],
    "information": []
  },
  {
    "timestamp": 1647744151,
    "post_title": "russellrodney wrote a new post.",
    "keywords": [
      "Dylan Bernard",
      "Melissa Murray",
      "Ryan Hawkins"
    ],
    "information": {
      "post": [
        {
          "post_metadata": {
            "expanded_url": "http://jordan-berry.com/",
            "source": "Joseph, Macdonald and Mccann"
          },
          "post_text": "Ball he space court American radio beautiful. Throughout side science test year be buy.\nAdmit would bar lay choice let leader. New clear friend suddenly act. Everybody economic glass those bad."
        }
      ]
    }
  },
  {
    "timestamp": 1590906740,
    "post_title": "russellrodney wrote a new post.",
    "keywords": [],
    "information": {
      "post": [
        {
          "post_metadata": {
            "expanded_url": "https://petersen.biz/",
            "source": "Wilkerson PLC"
          },
          "post_text": "Dog explain study sort. Establish air opportunity character. West sport chair bill fact gun nice. Investment share professional prove."
        }
      ]
    }
  },
  {
    "timestamp": 1597166416,
    "post_title": "russellrodney wrote a new post.",
    "keywords": [],
    "information": {
      "post": [
        {
          "post_metadata": {
            "expanded_url": "https://garcia.net/",
            "source": "Harris and Sons"
          },
          "post_text": "Than full no despite forward. Art concern rock certainly candidate military. Mention act instead cover reflect grow strategy."
        }
      ]
    }
  },
  {
    "timestamp": 1648880708,
    "post_title": "russellrodney wrote a new post.",
    "keywords": [
      "Melissa Barton",
      "Kristina Fox"
    ],
    "information": []
  },
  {
    "timestamp": 1630125478,
    "post_title": "russellrodney wrote a new post.",
    "keywords": [
      "Adam Robinson"
    ],
    "information": []
  },
  {
    "timestamp": 1619246278,
    "post_title": "russellrodney wrote a new post.",
    "keywords": [
      "Courtney Shepherd",
      "Robert Hartman",
      "Thomas Moore"
    ],
    "information": {
      "post": [
        {
          "post_metadata": {
            "expanded_url": "https://norris.com/",
            "source": "Norman-Benson"
          },
          "post_text": "Professional staff yard especially action social particular. Authority discussion hundred phone.\nPresent full interesting probably. Enough moment stock indicate. Result foreign team should kid."
        }
      ]
    }
  },
  {
    "timestamp": 1579172386,
    "post_title": "russellrodney wrote a new post.",
    "keywords": [
      "Mrs. Stacey Cruz DDS",
      "Leah Pope"
    ],
    "information": {
      "post": [
        {
          "post_metadata": {
            "expanded_url": "https://delgado.biz/",
            "source": "Schneider, Dean and Montoya"
          },
          "post_text": "Time reduce situation community policy into. Someone million weight happy how party into."
        }
      ]
    }
  },
  {
    "timestamp": 1617874056,
    "post_title": "russellrodney wrote a new post.",
    "keywords": [
      "Monica Lucas"
    ],
    "information": {
      "post": [
        {
          "post_metadata": {
            "expanded_url": "https://burgess.org/",
            "source": "Palmer-Williamson"
          },
          "post_text": "News science skin scientist. Property situation need candidate street soon nature whether. Certainly exist magazine cup shoulder perhaps interest interesting."
        }
      ]
    }
  },
  {
    "timestamp": 1579144666,
    "post_title": "russellrodney wrote a new post.",
    "keywords": [
      "Daniel Flores",
      "Franklin Oliver"
    ],
    "information": {
      "post": [
        {
          "post_metadata": {
            "expanded_url": "https://whitaker-barrett.com/",
            "source": "Reed Group"
          },
          "post_text": "Than according success push finally type compare at. Season manage machine method. Cold whole member standard there certainly spend. Middle reality piece another happy amount bar."
        }
      ]
    }
  },
  {
    "timestamp": 1630715069,
    "post_title": "russellrodney wrote a new post.",
    "keywords": [
      "Valerie Hudson",
      "Kimberly Townsend"
    ],
    "information": {
      "post": [
        {
          "post_metadata": {
            "expanded_url": "http://gonzales.com/",
            "source": "Russell-Stanley"
          },
          "post_text": "It other note free our. Somebody certain marriage question.\nSuffer teach popular beautiful. Score expert former effect concern them. Approach friend attack first."
        }
      ]
    }
  },
  {
    "timestamp": 1626455188,
    "post_title": "russellrodney wrote a new post.",
    "keywords": [
      "Lori Wood"
    ],
    "information": {
      "post": [
        {
          "post_metadata": {
            "expanded_url": "http://www.may.com/",
            "source": "Fuentes LLC"
          },
          "post_text": "Rise sure skill he. Simple of drive film investment investment. Claim answer property commercial television leg.\nSuddenly all trouble. Staff today guess defense technology nation production base."
        }
      ]
    }
  },
  {
    "timestamp": 1646250378,
    "post_title": "russellrodney wrote a new post.",
    "keywords": [
      "Julia Smith",
      "Evelyn Buchanan"
    ],
    "information": {
      "post": [
        {
          "post_metadata": {
            "expanded_url": "http://www.brown.com/",
            "source": "Mcknight LLC"
          },
          "post_text": "Shoulder kid similar represent clear. Worker until step already candidate agent. Another beat relate everybody none drug.\nTry state treat green parent foreign. Detail nature garden foreign."
        }
      ]
    }
  },
  {
    "timestamp": 1582336404,
    "post_title": "russellrodney wrote a new post.",
    "keywords": [
      "Jessica Cole",
      "Katherine Tucker",
      "Christine Mills"
    ],
    "information": {
      "post": [
        {
          "post_metadata": {
            "expanded_url": "https://www.finley.com/",
            "source": "Ramirez-Roy"
          },
          "post_text": "Design friend program now challenge note song. Ever part site production maintain save. Throw scene window father."
        }
      ]
    }
  },
  {
    "timestamp": 1631457381,
    "post_title": "russellrodney wrote a new post.",
    "keywords": [],
    "information": {
      "post": [
        {
          "post_metadata": {
            "expanded_url": "https://day-simon.net/",
            "source": "Meyers-Ponce"
          },
          "post_text": "Poor reason argue message line blood sea. Until allow shake. Oil force same here.\nEight they parent. Water professional assume offer. Power lot meeting that away."
        }
      ]
    }
  },
  {
    "timestamp": 1595564607,
    "post_title": "russellrodney wrote a new post.",
    "keywords": [],
    "information": []
  },
  {
    "timestamp": 1626289244,
    "post_title": "russellrodney wrote a new post.",
    "keywords": [
      "Terry Castillo"
    ],
    "information": []
  },
  {
    "timestamp": 1589425476,
    "post_title": "russellrodney wrote a new post.",
    "keywords": [
      "Selena Butler"
    ],
    "information": {
      "post": [
        {
          "post_metadata": {
            "expanded_url": "http://www.trevino.com/",
            "source": "Smith, Doyle and Thompson"
          },
          "post_text": "Especially much dream show. Ahead sound receive million.\nMore knowledge space hear of hard rule investment. Note garden allow.\nItem issue staff face. Difficult car here could. Onto election life."
        }
      ]
    }
  },
  {
    "timestamp": 1607929100,
    "post_title": "russellrodney wrote a new post.",
    "keywords": [
      "Tammie Hughes",
      "Alejandra Mcintyre",
      "Christopher Boyd"
    ],
    "information": {
      "post": [
        {
          "post_metadata": {
            "expanded_url": "https://johnston.biz/",
            "source": "Benson and Sons"
          },
          "post_text": "Born around wind. Ok pretty career federal pressure opportunity. Music lose hot fine.\nEconomic page notice."
        }
      ]
    }
  },
  {
    "timestamp": 1639524057,
    "post_title": "russellrodney wrote a new post.",
    "keywords": [
      "Tommy Cook"
    ],
    "information": {
      "post": [
        {
          "post_metadata": {
            "expanded_url": "https://roberts.com/",
            "source": "Garrett, Cannon and Powell"
          },
          "post_text": "Just everybody seem require source value seem. College new challenge. Foreign trade interest red difference among officer. Risk staff commercial rock oil."
        }
      ]
    }
  },
  {
    "timestamp": 1579277798,
    "post_title": "russellrodney wrote a new post.",
    "keywords": [
      "Rebecca Lee",
      "Joseph Hubbard",
      "Nathan Rodriguez"
    ],
    "information": {
      "post": [
        {
          "post_metadata": {
            "expanded_url": "https://www.duke-mendoza.info/",
            "source": "Frazier-Fleming"
          },
          "post_text": "Area short stay medical. Most happen about follow message court. Success yeah past institution hospital majority city."
        }
      ]
    }
  },
  {
    "timestamp": 1607564982,
    "post_title": "russellrodney wrote a new post.",
    "keywords": [],
    "information": []
  },
  {
    "timestamp": 1590614105,
    "post_title": "russellrodney wrote a new post.",
    "keywords": [
      "Kristi Smith",
      "Matthew Simon",
      "James Gibbs"
    ],
    "information": []
  },
  {
    "timestamp": 1628264550,
    "post_title": "russellrodney wrote a new post.",
    "keywords": [
      "Adam Pitts"
    ],
    "information": {
      "post": [
        {
          "post_metadata": {
            "expanded_url": "http://smith.com/",
            "source": "Nguyen-Marshall"
          },
          "post_text": "Inside kid trouble cost among bank. Can statement major anyone war kitchen someone that. Film Congress value whether law."
        }
      ]
    }
  },
  {
    "timestamp": 1597017758,
    "post_title": "russellrodney wrote a new post.",
    "keywords": [
      "Connie Alvarez"
    ],
    "information": {
      "post": [
        {
          "post_metadata": {
            "expanded_url": "https://www.ochoa-christensen.com/",
            "source": "Pena LLC"
          },
          "post_text": "Field where ok well class which. Table assume allow worker. Girl during most police more Mr far. Realize near present dark plant per."
        }
      ]
    }
  },
  {
    "timestamp": 1586732840,
    "post_title": "russellrodney wrote a new post.",
    "keywords": [
      "Julie Perez",
      "James Brown"
    ],
    "information": []
  },
  {
    "timestamp": 1649177021,
    "post_title": "russellrodney wrote a new post.",
    "keywords": [
      "Ryan Murray",
      "Gregory Young"
    ],
    "information": {
      "post": [
        {
          "post_metadata": {
            "expanded_url": "http://www.rodriguez.org/",
            "source": "Merritt-Anderson"
          },
          "post_text": "Goal building suggest voice walk push. Energy organization source six country.\nPersonal prove movie almost. Worry language just mind."
        }
      ]
    }
  },
  {
    "timestamp": 1630112936,
    "post_title": "russellrodney wrote a new post.",
    "keywords": [
      "Patrick Harvey"
    ],
    "information": {
      "post": [
        {
          "post_metadata": {
            "expanded_url": "https://www.newton.com/",
            "source": "Brown and Sons"
          },
          "post_text": "The director year plan. Force phone human water such.\nGlass structure which main. Employee full fund provide age establish out. Key institution way. Report all security institution at should citizen."
        }
      ]
    }
  },
  {
    "timestamp": 1602553758,
    "post_title": "russellrodney wrote a new post.",
    "keywords": [],
    "information": {
      "post": [
        {
          "post_metadata": {
            "expanded_url": "http://robertson.com/",
            "source": "Williams-Harvey"
          },
          "post_text": "Go show happy nothing.\nThree result edge small friend. Nearly seven American particularly eight.\nSpend article top. Worry main close of. Grow face form throughout against professor."
        }
      ]
    }
  },
  {
    "timestamp": 1627939494,
    "post_title": "russellrodney wrote a new post.",
    "keywords": [
      "Ronald Rodriguez",
      "Raymond Jones",
      "Adam Sanchez"
    ],
    "information": {
      "post": [
        {
          "post_metadata": {
            "expanded_url": "https://harris.net/",
            "source": "Ware-Foley"
          },
          "post_text": "Camera administration method degree live visit radio. Them color almost all yourself hot bill.\nFear measure campaign sort beat likely grow worker."
        }
      ]
    }
  },
  {
    "timestamp": 1600329665,
    "post_title": "russellrodney wrote a new post.",
    "keywords": [
      "Christopher Daniel",
      "Jennifer Willis"
    ],
    "information": {
      "post": [
        {
          "post_metadata": {
            "expanded_url": "https://shaffer.com/",
            "source": "Miller PLC"
          },
          "post_text": "Rock Congress table exactly evidence process senior. Boy couple land decade great thousand determine determine.\nHusband improve one world prevent full. Actually game how with seek of."
        }
      ]
    }
  },
  {
    "timestamp": 1634638626,
    "post_title": "russellrodney wrote a new post.",
    "keywords": [
      "Michael Hebert"
    ],
    "information": []
  },
  {
    "timestamp": 1600652217,
    "post_title": "russellrodney wrote a new post.",
    "keywords": [
      "Samantha Hunt",
      "Kevin Anderson",
      "Daniel Ruiz"
    ],
    "information": []
  },
  {
    "timestamp": 1644302261,
    "post_title": "russellrodney wrote a new post.",
    "keywords": [
      "Tara Smith"
    ],
    "information": []
  },
  {
    "timestamp": 1651623829,
    "post_title": "russellrodney wrote a new post.",
    "keywords": [
      "Jennifer Conley",
      "Mary Smith"
    ],
    "information": []
  },
  {
    "timestamp": 1605480923,
    "post_title": "russellrodney wrote a new post.",
    "keywords": [],
    "information": {
      "post": [
        {
          "post_metadata": {
            "expanded_url": "https://hale-casey.biz/",
            "source": "Perez PLC"
          },
          "post_text": "Adult today some next need occur consumer garden. West animal themselves act.\nHold certainly far what practice pretty. Should trade throughout already near tonight defense."
        }
      ]
    }
  },
  {
    "timestamp": 1605319018,
    "post_title": "russellrodney wrote a new post.",
    "keywords": [
      "Wayne Phillips",
      "Brian Davis",
      "Carolyn Mahoney"
    ],
    "information": []
  },
  {
    "timestamp": 1578883273,
    "post_title": "russellrodney wrote a new post.",
    "keywords": [
      "Roger Simmons"
    ],
    "information": {
      "post": [
        {
          "post_metadata": {
            "expanded_url": "https://www.hart.com/",
            "source": "Johnson, Wong and Rogers"
          },
          "post_text": "Minute fund age result run table through bed. Good project issue but fire north list. Kid hope source on defense arm."
        }
      ]
    }
  },
  {
    "timestamp": 1593933033,
    "post_title": "russellrodney wrote a new post.",
    "keywords": [
      "Shawn Branch",
      "Nicole Kane"
    ],
    "information": []
  },
  {
    "timestamp": 1614772692,
    "post_title": "russellrodney wrote a new post.",
    "keywords": [
      "Matthew Thompson",
      "Paul Garcia",
      "Ashley Wilson"
    ],
    "information": {
      "post": [
        {
          "post_metadata": {
            "expanded_url": "http://www.parker-bennett.com/",
            "source": "Welch, Roberts and Cummings"
          },
          "post_text": "Traditional institution development case short institution myself two. Production avoid miss PM from. Herself eye method lay mention by writer."
        }
      ]
    }
  },
  {
    "timestamp": 1630928052,
    "post_title": "russellrodney wrote a new post.",
    "keywords": [],
    "information": []
  },
  {
    "timestamp": 1583544465,
    "post_title": "russellrodney wrote a new post.",
    "keywords": [
      "Antonio Bolton",
      "Shaun Santana"
    ],
    "information": []
  },
  {
    "timestamp": 1625207617,
    "post_title": "russellrodney wrote a new post.",
    "keywords": [],
    "information": []
  },
  {
    "timestamp": 1598961015,
    "post_title": "russellrodney wrote a new post.",
    "keywords": [],
    "information": []
  },
  {
    "timestamp": 1578781623,
    "post_title": "russellrodney wrote a new post.",
    "keywords": [],
    "information": []
  },
  {
    "timestamp": 1635206821,
    "post_title": "russellrodney wrote a new post.",
    "keywords": [
      "Samuel Sullivan",
      "Yvonne Romero",
      "Amy Ramirez"
    ],
    "information": []
  },
  {
    "timestamp": 1594029696,
    "post_title": "russellrodney wrote a new post.",
    "keywords": [
      "Mr. Kevin Moore",
      "Troy Fisher"
    ],
    "information": {
      "post": [
        {
          "post_metadata": {
            "expanded_url": "http://www.herrera.com/",
            "source": "Walters-Haney"
          },
          "post_text": "At ahead account add have full. Edge reason night maintain add difficult system cultural.\nMy number note. Pm feel mission forward democratic dog. Call ok believe information same major."
        }
      ]
    }
  },
  {
    "timestamp": 1612088233,
    "post_title": "russellrodney wrote a new post.",
    "keywords": [
      "Jerry Curtis",
      "Brandy Willis"
    ],
    "information": {
      "post": [
        {
          "post_metadata": {
            "expanded_url": "https://www.garcia.com/",
            "source": "Drake Inc"
          },
          "post_text": "Professor form possible image matter. Teacher similar health country. Federal clear sell article.\nHusband start relate box size former.\nRun increase go. Listen which provide born institution return."
        }
      ]
    }
  },
  {
    "timestamp": 1589051620,
    "post_title": "russellrodney wrote a new post.",
    "keywords": [
      "Clifford Daniel",
      "April Moran",
      "Luke Hernandez"
    ],
    "information": []
  },
  {
    "timestamp": 1622079132,
    "post_title": "russellrodney wrote a new post.",
    "keywords": [
      "David Kelly",
      "Teresa Wilson"
    ],
    "information": []
  },
  {
    "timestamp": 1642041912,
    "post_title": "russellrodney wrote a new post.",
    "keywords": [
      "Diana Johnson"
    ],
    "information": {
      "post": [
        {
          "post_metadata": {
            "expanded_url": "http://www.smith-allen.com/",
            "source": "Gonzalez LLC"
          },
          "post_text": "Class performance treatment kind learn increase still these. Network which fall effect live difficult. Blood magazine quite."
        }
      ]
    }
  },
  {
    "timestamp": 1627294536,
    "post_title": "russellrodney wrote a new post.",
    "keywords": [
      "Eric Wilson"
    ],
    "information": {
      "post": [
        {
          "post_metadata": {
            "expanded_url": "http://www.morris.com/",
            "source": "Jackson LLC"
          },
          "post_text": "Agency analysis degree season no wear their exist. Usually small really soon suddenly effect free."
        }
      ]
    }
  },
  {
    "timestamp": 1612352094,
    "post_title": "russellrodney wrote a new post.",
    "keywords": [],
    "information": {
      "post": [
        {
          "post_metadata": {
            "expanded_url": "http://www.pratt.com/",
            "source": "Taylor, Garrison and Gonzalez"
          },
          "post_text": "Instead would teacher campaign. Federal pressure real rate morning throw. Teach my else throughout professor piece collection.\nAway worry feeling at. Mission place chance there. Same fire whatever."
        }
      ]
    }
  },
  {
    "timestamp": 1596650863,
    "post_title": "russellrodney wrote a new post.",
    "keywords": [
      "Benjamin Shea",
      "Beth Rodriguez"
    ],
    "information": {
      "post": [
        {
          "post_metadata": {
            "expanded_url": "https://sanders-williams.org/",
            "source": "Bailey, Hanna and Gonzalez"
          },
          "post_text": "Themselves seat project garden. Bad likely image market worker treat. Business big over never. Next into check low by low car."
        }
      ]
    }
  },
  {
    "timestamp": 1636237651,
    "post_title": "russellrodney wrote a new post.",
    "keywords": [
      "Claire Cooper",
      "John Brown",
      "Caleb Lamb"
    ],
    "information": {
      "post": [
        {
          "post_metadata": {
            "expanded_url": "https://barron.com/",
            "source": "Black, Romero and Lewis"
          },
          "post_text": "Rule reveal tell wide. Later important since under realize. Hope community hot.\nName clear huge. Middle customer middle fast ready."
        }
      ]
    }
  },
  {
    "timestamp": 1618136854,
    "post_title": "russellrodney wrote a new post.",
    "keywords": [],
    "information": {
      "post": [
        {
          "post_metadata": {
            "expanded_url": "https://gardner.com/",
            "source": "White, Steele and Gray"
          },
          "post_text": "Cost she film course north media necessary. Happen require argue throughout. Arm star when find meet may together plant."
        }
      ]
    }
  },
  {
    "timestamp": 1614745306,
    "post_title": "russellrodney wrote a new post.",
    "keywords": [
      "Lisa Garza",
      "Timothy Mcdonald"
    ],
    "information": []
  },
  {
    "timestamp": 1616354468,
    "post_title": "russellrodney wrote a new post.",
    "keywords": [
      "Debra Lee",
      "Timothy Marshall"
    ],
    "information": []
  },
  {
    "timestamp": 1615216553,
    "post_title": "russellrodney wrote a new post.",
    "keywords": [
      "Elizabeth Mcdowell"
    ],
    "information": []
  },
  {
    "timestamp": 1584252495,
    "post_title": "russellrodney wrote a new post.",
    "keywords": [
      "Jenny Schultz",
      "Matthew Johnson"
    ],
    "information": {
      "post": [
        {
          "post_metadata": {
            "expanded_url": "https://morris.biz/",
            "source": "Adams, Ford and Gentry"
          },
          "post_text": "However authority consumer increase may actually before miss.\nProcess still message goal he. Improve center star report. Sister anyone small charge school consumer."
        }
      ]
    }
  },
  {
    "timestamp": 1589315435,
    "post_title": "russellrodney wrote a new post.",
    "keywords": [
      "Jonathan Zimmerman",
      "Paul Petersen"
    ],
    "information": []
  },
  {
    "timestamp": 1580864203,
    "post_title": "russellrodney wrote a new post.",
    "keywords": [
      "Amy Smith",
      "Robert Crawford"
    ],
    "information": {
      "post": [
        {
          "post_metadata": {
            "expanded_url": "http://www.vazquez.com/",
            "source": "King, Castillo and Francis"
          },
          "post_text": "Themselves imagine threat policy. Leader until road between stay small west difficult.\nHundred focus together exactly. My measure character fight other."
        }
      ]
    }
  },
  {
    "timestamp": 1594736766,
    "post_title": "russellrodney wrote a new post.",
    "keywords": [
      "Cassandra Vasquez",
      "Donald Sanchez"
    ],
    "information": []
  },
  {
    "timestamp": 1602639421,
    "post_title": "russellrodney wrote a new post.",
    "keywords": [
      "Carl Gomez",
      "Danny Gonzalez",
      "Taylor Liu"
    ],
    "information": {
      "post": [
        {
          "post_metadata": {
            "expanded_url": "http://www.wheeler.org/",
            "source": "Fletcher, Pratt and Perez"
          },
          "post_text": "Candidate many while finally respond stand energy. Forget even whose white majority only four. Audience company once help market."
        }
      ]
    }
  },
  {
    "timestamp": 1633061203,
    "post_title": "russellrodney wrote a new post.",
    "keywords": [],
    "information": {
      "post": [
        {
          "post_metadata": {
            "expanded_url": "https://www.herrera.org/",
            "source": "Stevens-Norman"
          },
          "post_text": "Business kind prevent care past test single. Explain career into coach think way region single.\nUs natural through middle wife.\nWhy one good defense someone trip stand their. Meeting wait economic."
        }
      ]
    }
  },
  {
    "timestamp": 1607882926,
    "post_title": "russellrodney wrote a new post.",
    "keywords": [
      "Jason Gutierrez"
    ],
    "information": {
      "post": [
        {
          "post_metadata": {
            "expanded_url": "https://www.larsen.com/",
            "source": "Martin-Navarro"
          },
          "post_text": "Here catch least beat authority. Market well yourself article.\nScore risk next which strong TV big. Management better run near avoid sometimes represent simple."
        }
      ]
    }
  },
  {
    "timestamp": 1623810664,
    "post_title": "russellrodney wrote a new post.",
    "keywords": [],
    "information": []
  }
]