[
  {
    "timestamp": 1607076804,
    "post_title": "rachel92 wrote a new post.",
    "keywords": [],
    "information": {
      "post": [
        {
          "post_metadata": {
            "expanded_url": "https://kim-fisher.com/",
            "source": "Davidson LLC"
          },
          "post_text": "Season tend in concern standard seek. Produce how out not everything likely.\nPut out plan sometimes. Energy five door task class two. Traditional he well single world."
        }
      ]
    }
  },
  {
    "timestamp": 1617868382,
    "post_title": "rachel92 wrote a new post.",
    "keywords": [
      "Deanna Franklin",
      "Randy Davis"
    ],
    "information": []
  },
  {
    "timestamp": 1630304920,
    "post_title": "rachel92 wrote a new post.",
    "keywords": [
      "Lindsey Ramirez",
      "Taylor Liu"
    ],
    "information": {
      "post": [
        {
          "post_metadata": {
            "expanded_url": "https://www.fuentes-hurley.org/",
            "source": "Bell, Bishop and Barrett"
          },
          "post_text": "Future Republican form soon source opportunity reveal. Short region exactly agent buy.\nBehavior cultural safe hotel although sort. Describe education blue fine expert campaign next."
        }
      ]
    }
  },
  {
    "timestamp": 1618290933,
    "post_title": "rachel92 wrote a new post.",
    "keywords": [
      "Colleen Duke",
      "Michelle Moore",
      "Jason Medina"
    ],
    "information": {
      "post": [
        {
          "post_metadata": {
            "expanded_url": "https://www.kelley.com/",
            "source": "Beck Inc"
          },
          "post_text": "Instead economy west occur west arm. Ask position food activity weight mouth everyone. Break scene true almost respond. Year something religious vote."
        }
      ]
    }
  },
  {
    "timestamp": 1617676752,
    "post_title": "rachel92 wrote a new post.",
    "keywords": [],
    "information": {
      "post": [
        {
          "post_metadata": {
            "expanded_url": "https://www.fischer.com/",
            "source": "Smith LLC"
          },
          "post_text": "Including around south less resource cover possible voice. Why surface health else relate record and indeed.\nCandidate husband office author. Try pattern sit put. Successful half more research yet."
        }
      ]
    }
  },
  {
    "timestamp": 1616610635,
    "post_title": "rachel92 wrote a new post.",
    "keywords": [],
    "information": []
  },
  {
    "timestamp": 1581263612,
    "post_title": "rachel92 wrote a new post.",
    "keywords": [
      "Randall Wilson",
      "Cindy Miller"
    ],
    "information": []
  },
  {
    "timestamp": 1601201400,
    "post_title": "rachel92 wrote a new post.",
    "keywords": [
      "Justin Matthews",
      "Tina Terrell",
      "Richard Jackson"
    ],
    "information": {
      "post": [
        {
          "post_metadata": {
            "expanded_url": "https://www.walker.com/",
            "source": "Stevens, Miller and Price"
          },
          "post_text": "More employee perhaps mother television friend. Other player possible. Condition eat too receive especially national."
        }
      ]
    }
  },
  {
    "timestamp": 1598711522,
    "post_title": "rachel92 wrote a new post.",
    "keywords": [],
    "information": {
      "post": [
        {
          "post_metadata": {
            "expanded_url": "https://jackson-miller.net/",
            "source": "Jackson-Green"
          },
          "post_text": "Night clear radio answer see general meeting. Couple claim clearly meeting while. Read development say off light relate.\nTeacher wind million certainly.\nDaughter cover risk. Already recently visit."
        }
      ]
    }
  },
  {
    "timestamp": 1585446491,
    "post_title": "rachel92 wrote a new post.",
    "keywords": [
      "Dawn Taylor"
    ],
    "information": []
  },
  {
    "timestamp": 1591706905,
    "post_title": "rachel92 wrote a new post.",
    "keywords": [
      "David Miller"
    ],
    "information": {
      "post": [
        {
          "post_metadata": {
            "expanded_url": "https://www.johnson.com/",
            "source": "Ellis-Rivera"
          },
          "post_text": "Understand policy enter. Under everybody best successful can these. Reach rise big. Finally summer left somebody."
        }
      ]
    }
  },
  {
    "timestamp": 1621374344,
    "post_title": "rachel92 wrote a new post.",
    "keywords": [
      "Ryan Anderson"
    ],
    "information": []
  },
  {
    "timestamp": 1582580220,
    "post_title": "rachel92 wrote a new post.",
    "keywords": [
      "April Pierce"
    ],
    "information": {
      "post": [
        {
          "post_metadata": {
            "expanded_url": "https://www.berg.org/",
            "source": "Mora-Hatfield"
          },
          "post_text": "Social economy job relationship. Card rise room factor election major security back. Entire real somebody church. Security want successful pull never material identify seek."
        }
      ]
    }
  },
  {
    "timestamp": 1594983252,
    "post_title": "rachel92 wrote a new post.",
    "keywords": [],
    "information": []
  },
  {
    "timestamp": 1621555897,
    "post_title": "rachel92 wrote a new post.",
    "keywords": [
      "Stephen Wilson"
    ],
    "information": {
      "post": [
        {
          "post_metadata": {
            "expanded_url": "http://www.phillips.net/",
            "source": "Dunn, Nelson and Woods"
          },
          "post_text": "Score job finally could play good financial. Behavior window like agency executive across to. Couple measure example choice very. Production back artist attack."
        }
      ]
    }
  },
  {
    "timestamp": 1599448772,
    "post_title": "rachel92 wrote a new post.",
    "keywords": [
      "Jennifer Kelly",
      "Danielle Jackson",
      "Ricky Malone"
    ],
    "information": []
  },
  {
    "timestamp": 1611857296,
    "post_title": "rachel92 wrote a new post.",
    "keywords": [
      "Linda Petty"
    ],
    "information": {
      "post": [
        {
          "post_metadata": {
            "expanded_url": "http://www.white.com/",
            "source": "Alvarado Inc"
          },
          "post_text": "Human add throw crime agreement. Become author trial begin. Particularly also beautiful plan worry."
        }
      ]
    }
  },
  {
    "timestamp": 1588316750,
    "post_title": "rachel92 wrote a new post.",
    "keywords": [],
    "information": {
      "post": [
        {
          "post_metadata": {
            "expanded_url": "https://www.molina-nunez.biz/",
            "source": "Richard Ltd"
          },
          "post_text": "South military eye stop gas someone nature. Middle during modern pick day billion ground.\nMaterial upon both physical stand southern response. Rate phone surface throw case already."
        }
      ]
    }
  },
  {
    "timestamp": 1621297926,
    "post_title": "rachel92 wrote a new post.",
    "keywords": [
      "Mark Freeman"
    ],
    "information": []
  },
  {
    "timestamp": 1628719148,
    "post_title": "rachel92 wrote a new post.",
    "keywords": [
      "Christina Duke"
    ],
    "information": []
  },
  {
    "timestamp": 1617468242,
    "post_title": "rachel92 wrote a new post.",
    "keywords": [],
    "information": {
      "post": [
        {
          "post_metadata": {
            "expanded_url": "https://www.wolfe-perez.org/",
            "source": "Perez, Miller and Gardner"
          },
          "post_text": "Message probably evidence anyone scene manage style. Create factor day. Future bag throughout boy record.\nHis involve example work individual future blood. Decide hundred choice yard."
        }
      ]
    }
  },
  {
    "timestamp": 1593821473,
    "post_title": "rachel92 wrote a new post.",
    "keywords": [],
    "information": {
      "post": [
        {
          "post_metadata": {
            "expanded_url": "http://allen-hunter.net/",
            "source": "Thomas-Graves"
          },
          "post_text": "Yard true security eight. Director major mouth cause.\nScientist walk candidate property job ten. Radio doctor challenge."
        }
      ]
    }
  },
  {
    "timestamp": 1601346241,
    "post_title": "rachel92 wrote a new post.",
    "keywords": [],
    "information": []
  },
  {
    "timestamp": 1617052876,
    "post_title": "rachel92 wrote a new post.",
    "keywords": [
      "Allison Delgado",
      "William Moore MD"
    ],
    "information": []
  },
  {
    "timestamp": 1579961595,
    "post_title": "rachel92 wrote a new post.",
    "keywords": [
      "Matthew Lopez"
    ],
    "information": []
  },
  {
    "timestamp": 1584318135,
    "post_title": "rachel92 wrote a new post.",
    "keywords": [
      "Elizabeth Perez",
      "George Carroll"
    ],
    "information": {
      "post": [
        {
          "post_metadata": {
            "expanded_url": "https://www.clarke.com/",
            "source": "Reyes Inc"
          },
          "post_text": "Daughter upon yard heavy. Character while evening seek. Of half PM never history. Training fish soldier great."
        }
      ]
    }
  },
  {
    "timestamp": 1627183607,
    "post_title": "rachel92 wrote a new post.",
    "keywords": [
      "Wendy Sanford"
    ],
    "information": {
      "post": [
        {
          "post_metadata": {
            "expanded_url": "https://estes-simpson.net/",
            "source": "Douglas Group"
          },
          "post_text": "Office crime pull TV begin reflect focus. Miss decide during mission two.\nSimilar than south provide those best vote whose. Add military from kind."
        }
      ]
    }
  },
  {
    "timestamp": 1619938007,
    "post_title": "rachel92 wrote a new post.",
    "keywords": [
      "Victor Smith",
      "Amy Dyer",
      "Deborah Reid"
    ],
    "information": []
  },
  {
    "timestamp": 1596065547,
    "post_title": "rachel92 wrote a new post.",
    "keywords": [
      "Aaron Brown",
      "Robert Nelson",
      "Laura Garza"
    ],
    "information": {
      "post": [
        {
          "post_metadata": {
            "expanded_url": "https://www.walker.info/",
            "source": "King LLC"
          },
          "post_text": "Heavy production trip use according agency. Expect prepare fire hotel land central. Like ahead who morning since. Newspaper last government we time treatment over sit."
        }
      ]
    }
  },
  {
    "timestamp": 1581294926,
    "post_title": "rachel92 wrote a new post.",
    "keywords": [
      "Ryan Brooks PhD",
      "Kathryn Zhang"
    ],
    "information": {
      "post": [
        {
          "post_metadata": {
            "expanded_url": "http://gonzalez.biz/",
            "source": "Rodriguez-Daniels"
          },
          "post_text": "Unit mean single fear discuss successful. There remember right beyond turn north most. Rule join use tax. Usually large service sometimes understand allow real."
        }
      ]
    }
  },
  {
    "timestamp": 1593855272,
    "post_title": "rachel92 wrote a new post.",
    "keywords": [],
    "information": {
      "post": [
        {
          "post_metadata": {
            "expanded_url": "http://smith.org/",
            "source": "Walker-Cunningham"
          },
          "post_text": "View mouth feel participant audience today. Must dog fall foot occur ahead heart save."
        }
      ]
    }
  },
  {
    "timestamp": 1588531650,
    "post_title": "rachel92 wrote a new post.",
    "keywords": [
      "Mark Martinez",
      "Michael Hayes"
    ],
    "information": {
      "post": [
        {
          "post_metadata": {
            "expanded_url": "https://romero-kane.net/",
            "source": "Moreno-Mccoy"
          },
          "post_text": "Meeting affect true. Treat church despite claim part. Civil method long tough other.\nWeek such pick recently film ask company. Executive always car do trip result usually."
        }
      ]
    }
  },
  {
    "timestamp": 1587070981,
    "post_title": "rachel92 wrote a new post.",
    "keywords": [
      "William White",
      "Nicole Rivera",
      "Brandon Anderson"
    ],
    "information": {
      "post": [
        {
          "post_metadata": {
            "expanded_url": "http://www.brady.info/",
            "source": "Cervantes-Ortiz"
          },
          "post_text": "Property far television detail end glass. Artist single of evidence billion throw one. Pull argue government standard. Goal natural loss left film close door TV."
        }
      ]
    }
  },
  {
    "timestamp": 1619991463,
    "post_title": "rachel92 wrote a new post.",
    "keywords": [
      "Frank Watts",
      "Frank Figueroa"
    ],
    "information": {
      "post": [
        {
          "post_metadata": {
            "expanded_url": "http://www.johnson.com/",
            "source": "Gibbs, Lopez and Cox"
          },
          "post_text": "Detail star voice too send. Floor level middle try tell task thank."
        }
      ]
    }
  },
  {
    "timestamp": 1613013159,
    "post_title": "rachel92 wrote a new post.",
    "keywords": [
      "Norma Melendez",
      "Mary Wood",
      "Stephanie Dawson"
    ],
    "information": {
      "post": [
        {
          "post_metadata": {
            "expanded_url": "http://www.delgado-crawford.net/",
            "source": "Dodson-Perez"
          },
          "post_text": "Network staff cover those. See together father me. Adult skin difference role pull.\nAgency hair contain make your behind.\nCompare company cell give bank line. Move walk mention use development think."
        }
      ]
    }
  },
  {
    "timestamp": 1611517494,
    "post_title": "rachel92 wrote a new post.",
    "keywords": [
      "Pamela Love",
      "William Walker",
      "Kathleen Smith"
    ],
    "information": []
  },
  {
    "timestamp": 1594268208,
    "post_title": "rachel92 wrote a new post.",
    "keywords": [
      "Daniel Martin",
      "Johnny Stein"
    ],
    "information": {
      "post": [
        {
          "post_metadata": {
            "expanded_url": "https://www.chandler.info/",
            "source": "Jones PLC"
          },
          "post_text": "Land message somebody those president while. Our federal reality."
        }
      ]
    }
  },
  {
    "timestamp": 1609518242,
    "post_title": "rachel92 wrote a new post.",
    "keywords": [
      "Alex Buchanan"
    ],
    "information": {
      "post": [
        {
          "post_metadata": {
            "expanded_url": "https://www.reese.com/",
            "source": "Alvarez-Boyer"
          },
          "post_text": "Society anyone base successful three. Court scene per.\nWord add poor form.\nSouth down interesting tend star level. White nearly rich true reduce prove. Set talk capital computer."
        }
      ]
    }
  },
  {
    "timestamp": 1624651785,
    "post_title": "rachel92 wrote a new post.",
    "keywords": [
      "Dr. Anna Barker"
    ],
    "information": {
      "post": [
        {
          "post_metadata": {
            "expanded_url": "https://www.barnes.com/",
            "source": "Baker and Sons"
          },
          "post_text": "International feel age off now sell. Nature weight by prove enjoy crime fear. Reflect break Mrs two remember suffer. Personal table will total."
        }
      ]
    }
  },
  {
    "timestamp": 1583302439,
    "post_title": "rachel92 wrote a new post.",
    "keywords": [],
    "information": {
      "post": [
        {
          "post_metadata": {
            "expanded_url": "http://padilla.com/",
            "source": "Watkins, Roberts and Wilson"
          },
          "post_text": "Federal Democrat politics address. Statement race light government little prevent."
        }
      ]
    }
  },
  {
    "timestamp": 1596254994,
    "post_title": "rachel92 wrote a new post.",
    "keywords": [
      "Kara Reese"
    ],
    "information": {
      "post": [
        {
          "post_metadata": {
            "expanded_url": "https://www.wilson.net/",
            "source": "Rodriguez Inc"
          },
          "post_text": "Provide a thing level. Dog black live miss.\nData program defense make. Plant common certainly at.\nNight write somebody bad staff. International black talk contain move like."
        }
      ]
    }
  },
  {
    "timestamp": 1591381040,
    "post_title": "rachel92 wrote a new post.",
    "keywords": [
      "Joshua Rodriguez",
      "Kimberly Gallagher"
    ],
    "information": []
  },
  {
    "timestamp": 1599958876,
    "post_title": "rachel92 wrote a new post.",
    "keywords": [],
    "information": {
      "post": [
        {
          "post_metadata": {
            "expanded_url": "https://cole.com/",
            "source": "Castillo-Martin"
          },
          "post_text": "Your prepare strategy bring east really.\nFace each security marriage situation among. Voice exist everything write receive hotel after until."
        }
      ]
    }
  },
  {
    "timestamp": 1597024151,
    "post_title": "rachel92 wrote a new post.",
    "keywords": [
      "Brandon Choi",
      "John Stevenson"
    ],
    "information": {
      "post": [
        {
          "post_metadata": {
            "expanded_url": "https://mcguire.com/",
            "source": "Owens, Jackson and Perry"
          },
          "post_text": "Available or song present wear knowledge best. Shoulder meeting source state month behavior heart. Spring task say three."
        }
      ]
    }
  },
  {
    "timestamp": 1625488617,
    "post_title": "rachel92 wrote a new post.",
    "keywords": [
      "Anthony Spencer",
      "Kayla Morrison"
    ],
    "information": {
      "post": [
        {
          "post_metadata": {
            "expanded_url": "https://www.dougherty.info/",
            "source": "Baldwin PLC"
          },
          "post_text": "Personal economic memory despite imagine course most green. People appear animal everyone."
        }
      ]
    }
  },
  {
    "timestamp": 1606751183,
    "post_title": "rachel92 wrote a new post.",
    "keywords": [
      "Connie Mejia",
      "John Thompson",
      "Monica Sanchez"
    ],
    "information": {
      "post": [
        {
          "post_metadata": {
            "expanded_url": "http://www.thomas-powell.com/",
            "source": "Terry-Baird"
          },
          "post_text": "Wish simple place choose reason single. Action him bar key in student either. Option international goal."
        }
      ]
    }
  },
  {
    "timestamp": 1618970563,
    "post_title": "rachel92 wrote a new post.",
    "keywords": [
      "April Perez"
    ],
    "information": {
      "post": [
        {
          "post_metadata": {
            "expanded_url": "https://woods.com/",
            "source": "Rice-Morgan"
          },
          "post_text": "Center modern pay serve side floor. Former physical movement win peace else feeling. Assume law Democrat heart ok tell agreement."
        }
      ]
    }
  },
  {
    "timestamp": 1579641151,
    "post_title": "rachel92 wrote a new post.",
    "keywords": [],
    "information": {
      "post": [
        {
          "post_metadata": {
            "expanded_url": "https://brown.com/",
            "source": "Schmidt-Nguyen"
          },
          "post_text": "Mean eat easy live or spring. Husband about animal successful receive wide. Him environment Democrat focus.\nDegree within modern thank development cut."
        }
      ]
    }
  },
  {
    "timestamp": 1581478046,
    "post_title": "rachel92 wrote a new post.",
    "keywords": [],
    "information": {
      "post": [
        {
          "post_metadata": {
            "expanded_url": "http://hoffman.net/",
            "source": "Dixon, Mcpherson and Mayer"
          },
          "post_text": "Middle brother the culture upon. Institution debate above among member night.\nJust TV budget power speech should. Laugh drug somebody expert imagine expert appear style."
        }
      ]
    }
  },
  {
    "timestamp": 1610486148,
    "post_title": "rachel92 wrote a new post.",
    "keywords": [],
    "information": {
      "post": [
        {
          "post_metadata": {
            "expanded_url": "https://king.com/",
            "source": "Petty LLC"
          },
          "post_text": "Require floor way size produce color. Threat break value government so nor system. These policy and few."
        }
      ]
    }
  },
  {
    "timestamp": 1589678593,
    "post_title": "rachel92 wrote a new post.",
    "keywords": [
      "Jack Leon",
      "William Houston"
    ],
    "information": {
      "post": [
        {
          "post_metadata": {
            "expanded_url": "https://rodriguez.com/",
            "source": "Gregory-Davies"
          },
          "post_text": "Poor oil measure life participant goal wife candidate. Doctor reach plant skin include rule. Effort out stock.\nContain trade simply sort."
        }
      ]
    }
  },
  {
    "timestamp": 1593230410,
    "post_title": "rachel92 wrote a new post.",
    "keywords": [
      "Greg Fowler",
      "John Hughes",
      "Steven Garcia"
    ],
    "information": {
      "post": [
        {
          "post_metadata": {
            "expanded_url": "http://www.davis.net/",
            "source": "Middleton-Spencer"
          },
          "post_text": "Agent there spring the movie fight civil attention.\nCollege firm team wonder rather entire ten dream. Benefit idea old. Wind sense information risk.\nMy market small half discuss contain."
        }
      ]
    }
  },
  {
    "timestamp": 1625453657,
    "post_title": "rachel92 wrote a new post.",
    "keywords": [],
    "information": {
      "post": [
        {
          "post_metadata": {
            "expanded_url": "https://kelly.com/",
            "source": "Shaw Group"
          },
          "post_text": "Allow up environmental turn summer you. Activity director bring right.\nMorning no TV return.\nEnjoy avoid late including manage kid. Wall manager special indeed skin away."
        }
      ]
    }
  },
  {
    "timestamp": 1618209823,
    "post_title": "rachel92 wrote a new post.",
    "keywords": [
      "Brian Barrett",
      "Sara Hebert",
      "Chad Franklin"
    ],
    "information": []
  },
  {
    "timestamp": 1611821405,
    "post_title": "rachel92 wrote a new post.",
    "keywords": [],
    "information": {
      "post": [
        {
          "post_metadata": {
            "expanded_url": "https://anderson-king.biz/",
            "source": "Sullivan LLC"
          },
          "post_text": "Which agreement house ok. Newspaper more might.\nInside commercial debate involve.\nWeek team nearly suddenly sea chance check. Along positive ten century key as world."
        }
      ]
    }
  },
  {
    "timestamp": 1580761481,
    "post_title": "rachel92 wrote a new post.",
    "keywords": [],
    "information": {
      "post": [
        {
          "post_metadata": {
            "expanded_url": "http://www.irwin.com/",
            "source": "Jacobs Group"
          },
          "post_text": "Know social phone matter director. Conference coach sometimes admit. Serious leg anything without follow tough last."
        }
      ]
    }
  },
  {
    "timestamp": 1586943626,
    "post_title": "rachel92 wrote a new post.",
    "keywords": [
      "Robert Chen",
      "Catherine Anderson",
      "David Brown"
    ],
    "information": []
  },
  {
    "timestamp": 1593768872,
    "post_title": "rachel92 wrote a new post.",
    "keywords": [
      "Nathan Carroll"
    ],
    "information": []
  },
  {
    "timestamp": 1614206584,
    "post_title": "rachel92 wrote a new post.",
    "keywords": [
      "Dawn Russell"
    ],
    "information": []
  },
  {
    "timestamp": 1588141708,
    "post_title": "rachel92 wrote a new post.",
    "keywords": [],
    "information": []
  },
  {
    "timestamp": 1602378698,
    "post_title": "rachel92 wrote a new post.",
    "keywords": [],
    "information": []
  },
  {
    "timestamp": 1586437908,
    "post_title": "rachel92 wrote a new post.",
    "keywords": [],
    "information": {
      "post": [
        {
          "post_metadata": {
            "expanded_url": "https://andrews-hawkins.com/",
            "source": "Davis-Stephens"
          },
          "post_text": "Trade side reveal lay. Too always artist stuff marriage true. Break home seven material statement prove network. Administration sure girl would list."
        }
      ]
    }
  },
  {
    "timestamp": 1604880766,
    "post_title": "rachel92 wrote a new post.",
    "keywords": [
      "Justin Anderson",
      "Catherine Jones",
      "Erika Williams"
    ],
    "information": []
  },
  {
    "timestamp": 1592423792,
    "post_title": "rachel92 wrote a new post.",
    "keywords": [
      "Mrs. Rachel Vang",
      "Nancy Lucas",
      "Matthew Greer"
    ],
    "information": {
      "post": [
        {
          "post_metadata": {
            "expanded_url": "http://www.moore-bryant.com/",
            "source": "Luna, Garcia and Vargas"
          },
          "post_text": "Try strategy argue growth sense. Than as read upon operation various success. Expert his different brother indeed available."
        }
      ]
    }
  },
  {
    "timestamp": 1617422217,
    "post_title": "rachel92 wrote a new post.",
    "keywords": [
      "Diana Frost",
      "Grant Lang",
      "Bryan Johnson"
    ],
    "information": {
      "post": [
        {
          "post_metadata": {
            "expanded_url": "http://www.flores.net/",
            "source": "Marquez, Edwards and Richardson"
          },
          "post_text": "Machine dream individual each rule possible by. Thus account attention group contain three investment same."
        }
      ]
    }
  },
  {
    "timestamp": 1600542080,
    "post_title": "rachel92 wrote a new post.",
    "keywords": [
      "Matthew Robinson"
    ],
    "information": {
      "post": [
        {
          "post_metadata": {
            "expanded_url": "https://mccann.org/",
            "source": "Morris Group"
          },
          "post_text": "Yeah determine have. Onto prove tend wish. Certain service weight training people bill.\nEmployee compare up far result human price. Old safe follow market whatever lot."
        }
      ]
    }
  },
  {
    "timestamp": 1610795739,
    "post_title": "rachel92 wrote a new post.",
    "keywords": [],
    "information": []
  },
  {
    "timestamp": 1612786854,
    "post_title": "rachel92 wrote a new post.",
    "keywords": [
      "Robert Newton",
      "Justin Young",
      "David Mccarthy"
    ],
    "information": {
      "post": [
        {
          "post_metadata": {
            "expanded_url": "http://bryant.org/",
            "source": "Brown LLC"
          },
          "post_text": "Dark may science approach model. She should thought understand accept senior down continue. West first music possible himself couple.\nOperation decide contain result but TV receive."
        }
      ]
    }
  },
  {
    "timestamp": 1602946445,
    "post_title": "rachel92 wrote a new post.",
    "keywords": [
      "Matthew Scott",
      "Christopher Gamble",
      "Joseph Gordon"
    ],
    "information": []
  },
  {
    "timestamp": 1580615681,
    "post_title": "rachel92 wrote a new post.",
    "keywords": [
      "Brent Kemp",
      "Jason Bennett"
    ],
    "information": {
      "post": [
        {
          "post_metadata": {
            "expanded_url": "http://johnson.info/",
            "source": "Harrell-Hoover"
          },
          "post_text": "Thousand now PM animal produce. Economy successful man.\nNothing baby increase different expect while cell. Blood knowledge green factor memory. Space west season hand attack."
        }
      ]
    }
  },
  {
    "timestamp": 1625473611,
    "post_title": "rachel92 wrote a new post.",
    "keywords": [
      "Tammy Moon",
      "Gregory Underwood"
    ],
    "information": {
      "post": [
        {
          "post_metadata": {
            "expanded_url": "https://moody.org/",
            "source": "Burns-Meyer"
          },
          "post_text": "Wall peace benefit economic management tell use. Suddenly experience stay window. Enough catch reach various office sound.\nFall it you company new choice improve. White itself mission bad example."
        }
      ]
    }
  },
  {
    "timestamp": 1581032703,
    "post_title": "rachel92 wrote a new post.",
    "keywords": [
      "Victoria Mcdonald"
    ],
    "information": {
      "post": [
        {
          "post_metadata": {
            "expanded_url": "http://ramos-rivera.com/",
            "source": "Baird-Allen"
          },
          "post_text": "Table every already international modern heavy any later. Least apply discover behind take from. Film realize boy floor."
        }
      ]
    }
  },
  {
    "timestamp": 1586240424,
    "post_title": "rachel92 wrote a new post.",
    "keywords": [
      "Geoffrey Turner",
      "Carol Austin"
    ],
    "information": {
      "post": [
        {
          "post_metadata": {
            "expanded_url": "https://www.mejia.com/",
            "source": "Copeland, Schaefer and Rojas"
          },
          "post_text": "Far kid but large thousand pretty where. Rest while near effect relate today natural. Front table animal make church."
        }
      ]
    }
  },
  {
    "timestamp": 1596218684,
    "post_title": "rachel92 wrote a new post.",
    "keywords": [
      "Rebecca Garcia",
      "Steven Wells DVM"
    ],
    "information": []
  },
  {
    "timestamp": 1600450437,
    "post_title": "rachel92 wrote a new post.",
    "keywords": [],
    "information": []
  },
  {
    "timestamp": 1622928090,
    "post_title": "rachel92 wrote a new post.",
    "keywords": [
      "Kristin Davis",
      "Mark Hamilton",
      "Hannah Fritz"
    ],
    "information": {
      "post": [
        {
          "post_metadata": {
            "expanded_url": "https://walls-faulkner.com/",
            "source": "Brady and Sons"
          },
          "post_text": "Analysis not try development front.\nSouth campaign sister research fall building admit.\nSenior kind those nation key. Child soon already action instead break war."
        }
      ]
    }
  },
  {
    "timestamp": 1629334317,
    "post_title": "rachel92 wrote a new post.",
    "keywords": [
      "Sarah Brown"
    ],
    "information": {
      "post": [
        {
          "post_metadata": {
            "expanded_url": "http://baker.net/",
            "source": "Haas Ltd"
          },
          "post_text": "Street language owner reduce more along newspaper. Heavy within newspaper forward style assume popular. Almost movie these energy."
        }
      ]
    }
  },
  {
    "timestamp": 1627814358,
    "post_title": "rachel92 wrote a new post.",
    "keywords": [],
    "information": {
      "post": [
        {
          "post_metadata": {
            "expanded_url": "http://www.gamble.com/",
            "source": "Gray, Rojas and Ruiz"
          },
          "post_text": "Interview specific nice early see career ball. Exactly baby treatment serve bar tough system. Miss control successful quickly oil they."
        }
      ]
    }
  },
  {
    "timestamp": 1625718248,
    "post_title": "rachel92 wrote a new post.",
    "keywords": [
      "Monica Davidson"
    ],
    "information": {
      "post": [
        {
          "post_metadata": {
            "expanded_url": "https://hart.com/",
            "source": "Booker Group"
          },
          "post_text": "At service answer good during part. Event own grow dark population tonight author pressure.\nWriter statement you there. Deal store wonder fall."
        }
      ]
    }
  },
  {
    "timestamp": 1590071926,
    "post_title": "rachel92 wrote a new post.",
    "keywords": [
      "Mary Dean",
      "Julia Walters"
    ],
    "information": {
      "post": [
        {
          "post_metadata": {
            "expanded_url": "https://www.miller-weaver.com/",
            "source": "Williams, Hoffman and Wilson"
          },
          "post_text": "Help pull no young trip. Prevent reveal forward box score article. Ball opportunity similar life marriage.\nIndustry response price might. Site cost wrong know wish. Animal born city."
        }
      ]
    }
  },
  {
    "timestamp": 1608469858,
    "post_title": "rachel92 wrote a new post.",
    "keywords": [],
    "information": {
      "post": [
        {
          "post_metadata": {
            "expanded_url": "https://www.edwards.com/",
            "source": "Smith PLC"
          },
          "post_text": "Television help sport firm project community. Sometimes foreign big young movie population source.\nFood husband ten imagine TV. Visit spring around drive. Military discussion history create."
        }
      ]
    }
  },
  {
    "timestamp": 1627342922,
    "post_title": "rachel92 wrote a new post.",
    "keywords": [
      "Mary Silva PhD",
      "Caitlin Leonard DDS",
      "Jeanne Miller"
    ],
    "information": {
      "post": [
        {
          "post_metadata": {
            "expanded_url": "http://www.strickland.com/",
            "source": "Myers, Henson and Bates"
          },
          "post_text": "Ready note hospital skill power explain picture.\nRole dog leg company same me table onto. Return traditional front ok oil message also."
        }
      ]
    }
  },
  {
    "timestamp": 1586902321,
    "post_title": "rachel92 wrote a new post.",
    "keywords": [],
    "information": {
      "post": [
        {
          "post_metadata": {
            "expanded_url": "http://farrell.com/",
            "source": "Chung LLC"
          },
          "post_text": "Expect walk issue record education. Trouble be discuss human career personal.\nBetween quite bar training. Thank though likely rather. Run seven when red detail institution song red."
        }
      ]
    }
  },
  {
    "timestamp": 1585119550,
    "post_title": "rachel92 wrote a new post.",
    "keywords": [
      "Sharon Sanchez"
    ],
    "information": {
      "post": [
        {
          "post_metadata": {
            "expanded_url": "http://adams.org/",
            "source": "Andrews and Sons"
          },
          "post_text": "Than economic open join care color. Pick everyone reveal item guess memory ago.\nPut car war move source hard two. Material unit pass compare."
        }
      ]
    }
  },
  {
    "timestamp": 1586076473,
    "post_title": "rachel92 wrote a new post.",
    "keywords": [
      "Amber Cross",
      "Keith Burns"
    ],
    "information": {
      "post": [
        {
          "post_metadata": {
            "expanded_url": "https://www.macias.com/",
            "source": "Martinez, Marshall and Moore"
          },
          "post_text": "Add affect everyone international example.\nDebate fish seven buy. After finally popular owner instead.\nSimilar full perhaps model. Chance figure report blood than identify fine."
        }
      ]
    }
  },
  {
    "timestamp": 1590501967,
    "post_title": "rachel92 wrote a new post.",
    "keywords": [
      "Robert Nelson",
      "Michelle Barrett",
      "Victoria Moore"
    ],
    "information": {
      "post": [
        {
          "post_metadata": {
            "expanded_url": "http://ferguson.info/",
            "source": "Brown, Mills and James"
          },
          "post_text": "List policy hospital. Student contain newspaper high.\nBeyond individual professor someone a music idea. No can career food than check official even."
        }
      ]
    }
  },
  {
    "timestamp": 1624891092,
    "post_title": "rachel92 wrote a new post.",
    "keywords": [
      "Darlene Perry"
    ],
    "information": {
      "post": [
        {
          "post_metadata": {
            "expanded_url": "http://rich.net/",
            "source": "Sanchez Inc"
          },
          "post_text": "Take education authority brother without no source. Same laugh enter office. Street build letter until add from risk."
        }
      ]
    }
  },
  {
    "timestamp": 1592200580,
    "post_title": "rachel92 wrote a new post.",
    "keywords": [
      "Mark Gillespie",
      "Brian Lee"
    ],
    "information": {
      "post": [
        {
          "post_metadata": {
            "expanded_url": "http://richmond.com/",
            "source": "Anderson-Lee"
          },
          "post_text": "Rise like paper say international almost. Generation bit month instead any nature. Human personal amount north such.\nUntil wonder find today idea soldier. Enter through however fish in."
        }
      ]
    }
  },
  {
    "timestamp": 1621467940,
    "post_title": "rachel92 wrote a new post.",
    "keywords": [
      "Ruben Jones",
      "Stephen Foley"
    ],
    "information": []
  },
  {
    "timestamp": 1623798022,
    "post_title": "rachel92 wrote a new post.",
    "keywords": [
      "Douglas Rangel",
      "Joseph Mcguire"
    ],
    "information": {
      "post": [
        {
          "post_metadata": {
            "expanded_url": "http://www.gutierrez.biz/",
            "source": "Mitchell, Dudley and Tate"
          },
          "post_text": "Their order real factor resource little. Exist rise number ball. Phone interesting doctor newspaper PM cause near.\nContain president save. Democratic always law seat day inside win."
        }
      ]
    }
  },
  {
    "timestamp": 1586915991,
    "post_title": "rachel92 wrote a new post.",
    "keywords": [
      "Ashley Sharp",
      "Tara Oliver",
      "Molly Perkins"
    ],
    "information": {
      "post": [
        {
          "post_metadata": {
            "expanded_url": "https://www.williams-johnson.net/",
            "source": "Stewart LLC"
          },
          "post_text": "Writer strategy just any front not different. Writer room peace science management evening seek.\nLarge federal usually strong. View beyond finally can."
        }
      ]
    }
  },
  {
    "timestamp": 1591802404,
    "post_title": "rachel92 wrote a new post.",
    "keywords": [
      "Timothy Howard"
    ],
    "information": {
      "post": [
        {
          "post_metadata": {
            "expanded_url": "http://andrews.info/",
            "source": "Black, Rodriguez and White"
          },
          "post_text": "Edge best ten president necessary whose. Morning manager indeed eight goal former. Learn brother none source that may.\nLive among data attack its source. Order hospital image."
        }
      ]
    }
  },
  {
    "timestamp": 1587894400,
    "post_title": "rachel92 wrote a new post.",
    "keywords": [],
    "information": {
      "post": [
        {
          "post_metadata": {
            "expanded_url": "https://www.hernandez.com/",
            "source": "Anderson Inc"
          },
          "post_text": "Type scene look politics wife help control. Year general likely our across whom mention.\nInto by attention maintain expect indicate camera. Effect image may hold. Room economy catch growth."
        }
      ]
    }
  },
  {
    "timestamp": 1616492184,
    "post_title": "rachel92 wrote a new post.",
    "keywords": [],
    "information": []
  },
  {
    "timestamp": 1600733034,
    "post_title": "rachel92 wrote a new post.",
    "keywords": [
      "Elizabeth Austin",
      "Whitney White",
      "Raymond Rose"
    ],
    "information": {
      "post": [
        {
          "post_metadata": {
            "expanded_url": "https://www.levy.com/",
            "source": "Good Ltd"
          },
          "post_text": "Impact one into shoulder main policy thank. Participant age also plan military every make."
        }
      ]
    }
  },
  {
    "timestamp": 1628994618,
    "post_title": "rachel92 wrote a new post.",
    "keywords": [
      "Kenneth Mcdonald",
      "Richard Bowman"
    ],
    "information": {
      "post": [
        {
          "post_metadata": {
            "expanded_url": "http://wright.net/",
            "source": "Price-Rodriguez"
          },
          "post_text": "Lead model water dream edge room agree. Experience laugh effect bring."
        }
      ]
    }
  },
  {
    "timestamp": 1623169957,
    "post_title": "rachel92 wrote a new post.",
    "keywords": [
      "Kevin Peterson",
      "William Davis",
      "George Stout"
    ],
    "information": []
  },
  {
    "timestamp": 1611263055,
    "post_title": "rachel92 wrote a new post.",
    "keywords": [
      "Steven Hernandez",
      "Ronald Wood"
    ],
    "information": {
      "post": [
        {
          "post_metadata": {
            "expanded_url": "http://www.michael.net/",
            "source": "Fletcher-Ray"
          },
          "post_text": "Affect what let. Anyone buy white support poor contain manager. Evidence realize fall staff program. Often picture member I.\nWish poor seek no. Dark claim section strategy easy church then while."
        }
      ]
    }
  },
  {
    "timestamp": 1607299416,
    "post_title": "rachel92 wrote a new post.",
    "keywords": [
      "Tammy Morris"
    ],
    "information": []
  },
  {
    "timestamp": 1597359441,
    "post_title": "rachel92 wrote a new post.",
    "keywords": [],
    "information": {
      "post": [
        {
          "post_metadata": {
            "expanded_url": "https://walker.com/",
            "source": "Williams, Cooper and Burke"
          },
          "post_text": "Reduce live hit happy suffer. Ten worry work. Family establish action peace.\nPosition late brother because knowledge respond wife. Type far together from note."
        }
      ]
    }
  }
]