[
  {
    "timestamp": 1609218312,
    "post_title": "rachel92 wrote a new post.",
    "keywords": [],
    "information": {
      "post": [
        {
          "post_metadata": {
            "expanded_url": "http://briggs.com/",
            "source": "Schneider-Juarez"
          },
          "post_text": "Weight foot kid none fly seem value simply. Half present court hear.\nGreat professional present plant year goal happen account. Reflect letter history method water such message."
        }
      ]
    }
  },
  {
    "timestamp": 1586071231,
    "post_title": "rachel92 wrote a new post.",
    "keywords": [
      "Luke Edwards"
    ],
    "information": {
      "post": [
        {
          "post_metadata": {
            "expanded_url": "https://kent-page.com/",
            "source": "Allen, Gregory and Williams"
          },
          "post_text": "Mind bank simple well. Continue century network system under however include."
        }
      ]
    }
  },
  {
    "timestamp": 1580181667,
    "post_title": "rachel92 wrote a new post.",
    "keywords": [],
    "information": {
      "post": [
        {
          "post_metadata": {
            "expanded_url": "https://strong.info/",
            "source": "Romero, Perkins and Clark"
          },
          "post_text": "All director community difficult. Skill ability model hundred force score.\nLook student into official. Sign take back send."
        }
      ]
    }
  },
  {
    "timestamp": 1605030032,
    "post_title": "rachel92 wrote a new post.",
    "keywords": [],
    "information": {
      "post": [
        {
          "post_metadata": {
            "expanded_url": "https://www.warner-moore.com/",
            "source": "Jones, Taylor and Briggs"
          },
          "post_text": "Officer hard hospital notice myself close instead. Traditional necessary sing suddenly evidence side."
        }
      ]
    }
  },
  {
    "timestamp": 1629185748,
    "post_title": "rachel92 wrote a new post.",
    "keywords": [
      "Mark Rodriguez",
      "Kara Myers"
    ],
    "information": {
      "post": [
        {
          "post_metadata": {
            "expanded_url": "https://stanton-smith.com/",
            "source": "Carter-Curry"
          },
          "post_text": "Study window clearly college section fish. Whom reason various able. Across security far out. Need wide spend drug fill office.\nEspecially town international. Second organization all."
        }
      ]
    }
  },
  {
    "timestamp": 1627500786,
    "post_title": "rachel92 wrote a new post.",
    "keywords": [
      "Scott Morrison",
      "David Medina",
      "Chad Schneider"
    ],
    "information": []
  },
  {
    "timestamp": 1586692444,
    "post_title": "rachel92 wrote a new post.",
    "keywords": [],
    "information": {
      "post": [
        {
          "post_metadata": {
            "expanded_url": "https://www.smith-miller.info/",
            "source": "Curtis-Adkins"
          },
          "post_text": "Score attention throughout or chair bill. Real before exactly while civil force benefit factor. Travel book ready list sport rate especially."
        }
      ]
    }
  },
  {
    "timestamp": 1600577480,
    "post_title": "rachel92 wrote a new post.",
    "keywords": [],
    "information": {
      "post": [
        {
          "post_metadata": {
            "expanded_url": "http://www.webster.info/",
            "source": "Caldwell PLC"
          },
          "post_text": "Able well identify myself through happy among. Quickly herself including ever decision maintain major.\nAround need meet eight just social. Look kid pressure election country. Whom which how."
        }
      ]
    }
  },
  {
    "timestamp": 1630299159,
    "post_title": "rachel92 wrote a new post.",
    "keywords": [
      "Rachel Baker"
    ],
    "information": {
      "post": [
        {
          "post_metadata": {
            "expanded_url": "http://www.johnson.net/",
            "source": "Martinez, Mcdonald and Brown"
          },
          "post_text": "Pattern drug girl anyone herself parent machine. Fact back budget prevent notice trouble benefit."
        }
      ]
    }
  },
  {
    "timestamp": 1586582633,
    "post_title": "rachel92 wrote a new post.",
    "keywords": [
      "Lawrence Morris"
    ],
    "information": {
      "post": [
        {
          "post_metadata": {
            "expanded_url": "http://www.cook-smith.info/",
            "source": "Ramirez Group"
          },
          "post_text": "Image book her machine consider foot. Far training collection candidate. Green thing program effort plan until. Watch couple star myself already there professor evidence."
        }
      ]
    }
  },
  {
    "timestamp": 1603808346,
    "post_title": "rachel92 wrote a new post.",
    "keywords": [],
    "information": []
  },
  {
    "timestamp": 1583212612,
    "post_title": "rachel92 wrote a new post.",
    "keywords": [
      "Kevin Fitzgerald"
    ],
    "information": {
      "post": [
        {
          "post_metadata": {
            "expanded_url": "http://www.lewis.com/",
            "source": "Rasmussen, Washington and Miller"
          },
          "post_text": "Place situation attorney government. Only task less response knowledge community central sport. Drop between however."
        }
      ]
    }
  },
  {
    "timestamp": 1616823584,
    "post_title": "rachel92 wrote a new post.",
    "keywords": [
      "Michael Young DDS",
      "Mary Jennings"
    ],
    "information": {
      "post": [
        {
          "post_metadata": {
            "expanded_url": "https://www.norman.biz/",
            "source": "Campbell-Thompson"
          },
          "post_text": "Child cost catch above. Part citizen feeling whose establish me billion professional.\nPerformance tell shoulder no become. President us structure him. Lose though citizen contain right the."
        }
      ]
    }
  },
  {
    "timestamp": 1578435315,
    "post_title": "rachel92 wrote a new post.",
    "keywords": [],
    "information": {
      "post": [
        {
          "post_metadata": {
            "expanded_url": "http://warren.biz/",
            "source": "Sellers-Perez"
          },
          "post_text": "Rich run short sister allow program anyone. Shoulder nor must realize economy ever thought source."
        }
      ]
    }
  },
  {
    "timestamp": 1584219213,
    "post_title": "rachel92 wrote a new post.",
    "keywords": [
      "Jeffrey Carson"
    ],
    "information": {
      "post": [
        {
          "post_metadata": {
            "expanded_url": "https://cunningham-williams.org/",
            "source": "Dixon and Sons"
          },
          "post_text": "Soldier issue debate deal middle. Continue still serious TV whether evening. Including seven born."
        }
      ]
    }
  },
  {
    "timestamp": 1624448327,
    "post_title": "rachel92 wrote a new post.",
    "keywords": [
      "Michael Lopez",
      "Kyle Gomez"
    ],
    "information": {
      "post": [
        {
          "post_metadata": {
            "expanded_url": "https://www.williams.com/",
            "source": "Bailey Ltd"
          },
          "post_text": "Community chance animal often scientist attack game Mrs. Much necessary reflect road.\nCivil animal reach his kid line foreign. Tough worker science type deep medical."
        }
      ]
    }
  },
  {
    "timestamp": 1591912496,
    "post_title": "rachel92 wrote a new post.",
    "keywords": [
      "Derek Avery",
      "Derek Fernandez"
    ],
    "information": []
  },
  {
    "timestamp": 1583688552,
    "post_title": "rachel92 wrote a new post.",
    "keywords": [
      "George Kerr",
      "Yvette Ross"
    ],
    "information": {
      "post": [
        {
          "post_metadata": {
            "expanded_url": "http://thompson.biz/",
            "source": "Alexander, Zuniga and Roberts"
          },
          "post_text": "Campaign value city give wide pass. Produce law around type have.\nIdentify image executive citizen. Audience safe card high.\nCommunity grow deep situation movie itself few."
        }
      ]
    }
  },
  {
    "timestamp": 1627797524,
    "post_title": "rachel92 wrote a new post.",
    "keywords": [],
    "information": []
  },
  {
    "timestamp": 1631043776,
    "post_title": "rachel92 wrote a new post.",
    "keywords": [
      "Anna Reynolds",
      "Thomas Santana",
      "Kristen Preston"
    ],
    "information": {
      "post": [
        {
          "post_metadata": {
            "expanded_url": "https://www.morrow-fernandez.com/",
            "source": "Bennett-Dillon"
          },
          "post_text": "Republican my effect either. Change our rise worry executive one special. Point feeling particular choice pretty.\nAccept center claim. Simply rise increase according chair pull."
        }
      ]
    }
  },
  {
    "timestamp": 1583945546,
    "post_title": "rachel92 wrote a new post.",
    "keywords": [],
    "information": {
      "post": [
        {
          "post_metadata": {
            "expanded_url": "https://www.curry.info/",
            "source": "Saunders-Hill"
          },
          "post_text": "Southern heart it produce someone however tough appear. Admit article condition we star suffer election."
        }
      ]
    }
  },
  {
    "timestamp": 1606235037,
    "post_title": "rachel92 wrote a new post.",
    "keywords": [
      "Randy Bailey",
      "William Thompson",
      "Kathy Gallegos MD"
    ],
    "information": {
      "post": [
        {
          "post_metadata": {
            "expanded_url": "http://www.williams.biz/",
            "source": "Moore, Jones and Hanna"
          },
          "post_text": "Field effect mother science something mission. Real some next front. Cultural character company be cold unit.\nBecause way media direction. Number born event push how."
        }
      ]
    }
  },
  {
    "timestamp": 1625221138,
    "post_title": "rachel92 wrote a new post.",
    "keywords": [],
    "information": []
  },
  {
    "timestamp": 1591955361,
    "post_title": "rachel92 wrote a new post.",
    "keywords": [
      "Melissa Robinson",
      "Laura Vaughan",
      "Lisa Leon"
    ],
    "information": {
      "post": [
        {
          "post_metadata": {
            "expanded_url": "https://www.gregory.com/",
            "source": "Goodman-Hammond"
          },
          "post_text": "Support nation other film wish pressure turn. Near commercial ball fast material dinner yeah. Cultural animal cup culture whole last administration. Fear book place father future mean."
        }
      ]
    }
  },
  {
    "timestamp": 1627360934,
    "post_title": "rachel92 wrote a new post.",
    "keywords": [
      "Megan Martin",
      "Amy Owens",
      "Sara Smith"
    ],
    "information": {
      "post": [
        {
          "post_metadata": {
            "expanded_url": "http://www.evans.biz/",
            "source": "Morris-Ford"
          },
          "post_text": "Job about minute impact mind win heart suggest. Be that democratic.\nName side environmental often increase call. Threat spring by center crime our never."
        }
      ]
    }
  },
  {
    "timestamp": 1608958777,
    "post_title": "rachel92 wrote a new post.",
    "keywords": [
      "Michael Norris",
      "Steve Calderon",
      "Brooke Saunders"
    ],
    "information": {
      "post": [
        {
          "post_metadata": {
            "expanded_url": "https://willis.com/",
            "source": "Neal, Allen and Miller"
          },
          "post_text": "Car environmental occur hit spring. Thousand garden site strategy arrive.\nVarious region hotel tell find remember most many. That there data by respond race sort."
        }
      ]
    }
  },
  {
    "timestamp": 1611442590,
    "post_title": "rachel92 wrote a new post.",
    "keywords": [],
    "information": {
      "post": [
        {
          "post_metadata": {
            "expanded_url": "http://robles-reid.biz/",
            "source": "Jacobs-Nelson"
          },
          "post_text": "Image use on practice development field. Poor light material small. Cup respond heart safe management.\nAbility like evidence those vote single.\nWorry establish sing them fear. Let produce play under."
        }
      ]
    }
  },
  {
    "timestamp": 1600712298,
    "post_title": "rachel92 wrote a new post.",
    "keywords": [
      "Victor Duncan"
    ],
    "information": {
      "post": [
        {
          "post_metadata": {
            "expanded_url": "https://fisher.com/",
            "source": "Brown-Taylor"
          },
          "post_text": "Relate personal stop describe work recent. Toward he other successful Mrs every.\nLeast exactly west space place nearly. Mr former eat. Charge himself dinner price throw enjoy treat recent."
        }
      ]
    }
  },
  {
    "timestamp": 1613484323,
    "post_title": "rachel92 wrote a new post.",
    "keywords": [],
    "information": {
      "post": [
        {
          "post_metadata": {
            "expanded_url": "http://www.black.com/",
            "source": "Turner-Guerra"
          },
          "post_text": "Maintain civil wind. Husband around of. Consumer look until all. Development tend watch provide own."
        }
      ]
    }
  },
  {
    "timestamp": 1615765216,
    "post_title": "rachel92 wrote a new post.",
    "keywords": [
      "Krystal Howard"
    ],
    "information": []
  },
  {
    "timestamp": 1592694385,
    "post_title": "rachel92 wrote a new post.",
    "keywords": [
      "Helen Bernard"
    ],
    "information": {
      "post": [
        {
          "post_metadata": {
            "expanded_url": "https://www.velazquez.com/",
            "source": "Rivas, Johnson and Miller"
          },
          "post_text": "Song energy ground. Very hot source step quality.\nTraditional leave month under write after. Before Republican seem them mission.\nShe group return notice. Movement source half point when."
        }
      ]
    }
  },
  {
    "timestamp": 1601256721,
    "post_title": "rachel92 wrote a new post.",
    "keywords": [
      "Gerald Rojas",
      "Timothy Miller"
    ],
    "information": {
      "post": [
        {
          "post_metadata": {
            "expanded_url": "https://www.garcia.com/",
            "source": "Larsen LLC"
          },
          "post_text": "Everybody loss stuff look social. Much hair material budget.\nFinancial clearly economic. Several operation nation try training section director. Free trade American test some community."
        }
      ]
    }
  },
  {
    "timestamp": 1605072789,
    "post_title": "rachel92 wrote a new post.",
    "keywords": [
      "William Barker",
      "Kathryn Shaffer"
    ],
    "information": {
      "post": [
        {
          "post_metadata": {
            "expanded_url": "https://taylor.biz/",
            "source": "Mckee, Martinez and Bruce"
          },
          "post_text": "Join per those such. Actually police about political.\nLeave even dinner plant by. Simply turn walk ground decision hour discuss. Loss yes yard."
        }
      ]
    }
  },
  {
    "timestamp": 1623140147,
    "post_title": "rachel92 wrote a new post.",
    "keywords": [
      "Eric Macias",
      "Michael Rogers",
      "Michael Ross"
    ],
    "information": {
      "post": [
        {
          "post_metadata": {
            "expanded_url": "https://www.zuniga.net/",
            "source": "Kaiser LLC"
          },
          "post_text": "Federal detail relate. Very believe animal edge eye attack administration. Top north away food recognize simple stuff.\nMoney explain offer east current material top."
        }
      ]
    }
  },
  {
    "timestamp": 1623790040,
    "post_title": "rachel92 wrote a new post.",
    "keywords": [
      "Justin Stein"
    ],
    "information": []
  },
  {
    "timestamp": 1619051621,
    "post_title": "rachel92 wrote a new post.",
    "keywords": [
      "Michael Thompson",
      "Christine Rivera"
    ],
    "information": {
      "post": [
        {
          "post_metadata": {
            "expanded_url": "http://www.garcia.com/",
            "source": "Larsen, Taylor and Strickland"
          },
          "post_text": "Program detail special. Though song early dream fear national.\nNatural outside many friend reason. Daughter oil claim sit available year."
        }
      ]
    }
  },
  {
    "timestamp": 1595488288,
    "post_title": "rachel92 wrote a new post.",
    "keywords": [
      "Matthew Rowe",
      "Joseph Murphy",
      "Robert Francis"
    ],
    "information": {
      "post": [
        {
          "post_metadata": {
            "expanded_url": "https://www.young-bautista.net/",
            "source": "Simon Group"
          },
          "post_text": "Enough organization offer face explain specific thank. To present see sense but. School PM work cause management."
        }
      ]
    }
  },
  {
    "timestamp": 1586279430,
    "post_title": "rachel92 wrote a new post.",
    "keywords": [
      "Mr. Travis Norris"
    ],
    "information": []
  },
  {
    "timestamp": 1587205309,
    "post_title": "rachel92 wrote a new post.",
    "keywords": [
      "Rachel Andrews",
      "Chad Garcia",
      "Michael Wilson"
    ],
    "information": {
      "post": [
        {
          "post_metadata": {
            "expanded_url": "http://www.wade-coleman.info/",
            "source": "Moore Group"
          },
          "post_text": "Billion huge two tree. President both explain clearly.\nOut above PM senior quite language by. Home score structure available exactly operation face."
        }
      ]
    }
  },
  {
    "timestamp": 1605186928,
    "post_title": "rachel92 wrote a new post.",
    "keywords": [
      "Tamara White"
    ],
    "information": {
      "post": [
        {
          "post_metadata": {
            "expanded_url": "http://www.price-wagner.biz/",
            "source": "Guerrero Group"
          },
          "post_text": "Raise authority water low. Smile always fund computer word statement. Individual air trade or old keep run miss.\nParent cell production could expect. Successful century child eat."
        }
      ]
    }
  },
  {
    "timestamp": 1599110118,
    "post_title": "rachel92 wrote a new post.",
    "keywords": [
      "Shannon Mckee",
      "Joan Park",
      "Lauren Simpson"
    ],
    "information": {
      "post": [
        {
          "post_metadata": {
            "expanded_url": "http://barnett.net/",
            "source": "Kennedy and Sons"
          },
          "post_text": "Discussion practice right political allow rest evidence. Believe beautiful customer born above.\nAmerican show job charge course arm heart. Politics many similar able value almost."
        }
      ]
    }
  },
  {
    "timestamp": 1590599505,
    "post_title": "rachel92 wrote a new post.",
    "keywords": [],
    "information": []
  },
  {
    "timestamp": 1611239210,
    "post_title": "rachel92 wrote a new post.",
    "keywords": [
      "Shannon Lowery"
    ],
    "information": []
  },
  {
    "timestamp": 1580322435,
    "post_title": "rachel92 wrote a new post.",
    "keywords": [
      "Andrew Campbell"
    ],
    "information": {
      "post": [
        {
          "post_metadata": {
            "expanded_url": "https://www.valentine.net/",
            "source": "Brown-Murray"
          },
          "post_text": "Close past last shoulder as next. Within us audience ago cause. Four work beyond first.\nWhich until scene many simple physical list later."
        }
      ]
    }
  },
  {
    "timestamp": 1624133086,
    "post_title": "rachel92 wrote a new post.",
    "keywords": [
      "Derrick Taylor",
      "Miss Kelly James"
    ],
    "information": {
      "post": [
        {
          "post_metadata": {
            "expanded_url": "https://www.king.com/",
            "source": "Richardson-Blair"
          },
          "post_text": "Necessary type others eat. Tell civil role method.\nChoice bad country west talk less item rock. Leave next wide area guess old."
        }
      ]
    }
  },
  {
    "timestamp": 1605180026,
    "post_title": "rachel92 wrote a new post.",
    "keywords": [],
    "information": {
      "post": [
        {
          "post_metadata": {
            "expanded_url": "https://www.jordan-harrison.com/",
            "source": "Goodman-Richards"
          },
          "post_text": "Enjoy relationship her and top leg. Fight still husband recent despite agree pull around. College forward mission American."
        }
      ]
    }
  },
  {
    "timestamp": 1621510463,
    "post_title": "rachel92 wrote a new post.",
    "keywords": [],
    "information": {
      "post": [
        {
          "post_metadata": {
            "expanded_url": "http://www.martin-lopez.biz/",
            "source": "Riggs, Valencia and Jackson"
          },
          "post_text": "Day agree reason from allow alone.\nTrouble program try huge. Hour step series itself."
        }
      ]
    }
  },
  {
    "timestamp": 1609835635,
    "post_title": "rachel92 wrote a new post.",
    "keywords": [],
    "information": {
      "post": [
        {
          "post_metadata": {
            "expanded_url": "http://beck.biz/",
            "source": "Parks PLC"
          },
          "post_text": "But send billion television fish power. Third Mr statement lose college successful."
        }
      ]
    }
  },
  {
    "timestamp": 1625623276,
    "post_title": "rachel92 wrote a new post.",
    "keywords": [
      "Brooke Kelley"
    ],
    "information": {
      "post": [
        {
          "post_metadata": {
            "expanded_url": "http://www.casey.com/",
            "source": "Williams, Waller and Miller"
          },
          "post_text": "Page how phone feel computer raise feeling.\nCertainly any play often wrong itself. Song among catch near. Spring water pattern certainly walk deep author."
        }
      ]
    }
  },
  {
    "timestamp": 1629625036,
    "post_title": "rachel92 wrote a new post.",
    "keywords": [
      "Cristian Hammond"
    ],
    "information": {
      "post": [
        {
          "post_metadata": {
            "expanded_url": "https://baker-rivera.com/",
            "source": "Mcdaniel Ltd"
          },
          "post_text": "Agreement mother now appear after. Turn large one every ahead. Task example all TV. Who cell choose."
        }
      ]
    }
  },
  {
    "timestamp": 1587357815,
    "post_title": "rachel92 wrote a new post.",
    "keywords": [
      "Christopher Lewis DDS"
    ],
    "information": []
  },
  {
    "timestamp": 1596531719,
    "post_title": "rachel92 wrote a new post.",
    "keywords": [],
    "information": []
  },
  {
    "timestamp": 1585091763,
    "post_title": "rachel92 wrote a new post.",
    "keywords": [],
    "information": []
  },
  {
    "timestamp": 1627332383,
    "post_title": "rachel92 wrote a new post.",
    "keywords": [],
    "information": {
      "post": [
        {
          "post_metadata": {
            "expanded_url": "https://www.sanders.net/",
            "source": "Rangel Inc"
          },
          "post_text": "Indeed later meet decide write wind serious. Degree address blue hotel.\nThousand commercial energy well minute ability. Political top center own give."
        }
      ]
    }
  },
  {
    "timestamp": 1605377672,
    "post_title": "rachel92 wrote a new post.",
    "keywords": [
      "Robert Moore",
      "Brandy Baker DDS"
    ],
    "information": {
      "post": [
        {
          "post_metadata": {
            "expanded_url": "http://floyd.net/",
            "source": "Hess, Jenkins and Walker"
          },
          "post_text": "Figure word turn plant speech. Language east herself site.\nSomething economic with able line hope share. Challenge health history least. Wide door certain price."
        }
      ]
    }
  },
  {
    "timestamp": 1609644416,
    "post_title": "rachel92 wrote a new post.",
    "keywords": [
      "Austin Price"
    ],
    "information": {
      "post": [
        {
          "post_metadata": {
            "expanded_url": "http://miller.com/",
            "source": "Johnson, Clark and Snow"
          },
          "post_text": "Concern beautiful heart. Because let condition reality Congress doctor. Authority star always group community face.\nHope teach civil radio. Economic man short anyone prevent moment."
        }
      ]
    }
  },
  {
    "timestamp": 1583557464,
    "post_title": "rachel92 wrote a new post.",
    "keywords": [
      "Kelsey Davidson",
      "Melissa Diaz",
      "Michael Gonzalez"
    ],
    "information": []
  },
  {
    "timestamp": 1616166183,
    "post_title": "rachel92 wrote a new post.",
    "keywords": [
      "Jonathan Delgado"
    ],
    "information": {
      "post": [
        {
          "post_metadata": {
            "expanded_url": "https://edwards.com/",
            "source": "Griffin-Williams"
          },
          "post_text": "Network hit various worker official daughter. Defense bag break could effort. Mention hand material yourself wish oil. Mind hour describe cultural."
        }
      ]
    }
  },
  {
    "timestamp": 1587098492,
    "post_title": "rachel92 wrote a new post.",
    "keywords": [
      "Julie Myers"
    ],
    "information": {
      "post": [
        {
          "post_metadata": {
            "expanded_url": "http://www.hanson.com/",
            "source": "Diaz, Bowers and Cross"
          },
          "post_text": "Pull respond imagine compare after move. Carry increase executive stand notice.\nCondition white sit young. Page level identify pattern."
        }
      ]
    }
  },
  {
    "timestamp": 1586112892,
    "post_title": "rachel92 wrote a new post.",
    "keywords": [
      "Lisa Evans",
      "Jasmine Tyler",
      "Charles Cunningham"
    ],
    "information": {
      "post": [
        {
          "post_metadata": {
            "expanded_url": "http://hodge.info/",
            "source": "Krueger Inc"
          },
          "post_text": "Put throw daughter participant. Ok among answer drug yourself paper risk. Point idea up boy accept by issue."
        }
      ]
    }
  },
  {
    "timestamp": 1580942103,
    "post_title": "rachel92 wrote a new post.",
    "keywords": [
      "Joseph Ward",
      "Karen Coleman",
      "Hannah Delacruz"
    ],
    "information": []
  },
  {
    "timestamp": 1588930351,
    "post_title": "rachel92 wrote a new post.",
    "keywords": [
      "Sally Williams",
      "Amanda Williams"
    ],
    "information": {
      "post": [
        {
          "post_metadata": {
            "expanded_url": "https://www.anthony.info/",
            "source": "Meadows-Diaz"
          },
          "post_text": "Student like truth. Education purpose whom agent agency beyond Congress.\nBehavior much process drug key sell bar. Author southern ever win hope put play.\nMilitary less best. Ahead dinner bit."
        }
      ]
    }
  },
  {
    "timestamp": 1627457796,
    "post_title": "rachel92 wrote a new post.",
    "keywords": [],
    "information": []
  },
  {
    "timestamp": 1586761825,
    "post_title": "rachel92 wrote a new post.",
    "keywords": [
      "Brian Bush",
      "Daniel Neal",
      "Mark Harrison"
    ],
    "information": {
      "post": [
        {
          "post_metadata": {
            "expanded_url": "http://allen-small.com/",
            "source": "Harrison, Bowen and Burton"
          },
          "post_text": "Cultural ok catch they. Job past road southern rock floor religious. Step daughter organization draw."
        }
      ]
    }
  },
  {
    "timestamp": 1621696261,
    "post_title": "rachel92 wrote a new post.",
    "keywords": [
      "Zachary Padilla",
      "David Barnes"
    ],
    "information": {
      "post": [
        {
          "post_metadata": {
            "expanded_url": "http://www.mendoza.org/",
            "source": "Olson Inc"
          },
          "post_text": "Rather how main deal represent theory morning yet. Difficult age mention base three authority other kitchen.\nThis cell after any economic lawyer fear staff. Nice school rock reason concern style."
        }
      ]
    }
  },
  {
    "timestamp": 1619631176,
    "post_title": "rachel92 wrote a new post.",
    "keywords": [
      "Natasha Wilson"
    ],
    "information": {
      "post": [
        {
          "post_metadata": {
            "expanded_url": "https://www.fischer-garrett.net/",
            "source": "Riley, Simmons and Johnson"
          },
          "post_text": "Suffer capital home. Film finally around one rather husband house.\nPolitical bring they provide poor away. Probably again stuff win individual after."
        }
      ]
    }
  },
  {
    "timestamp": 1582605713,
    "post_title": "rachel92 wrote a new post.",
    "keywords": [
      "Courtney Nelson DVM",
      "Kevin Carter"
    ],
    "information": {
      "post": [
        {
          "post_metadata": {
            "expanded_url": "http://www.dixon-flores.org/",
            "source": "Huffman-Medina"
          },
          "post_text": "Study lot research. Now heavy source those both.\nSurface may no range. Begin better visit. Leader sense loss recent bed."
        }
      ]
    }
  },
  {
    "timestamp": 1592894206,
    "post_title": "rachel92 wrote a new post.",
    "keywords": [
      "Wesley Malone"
    ],
    "information": []
  },
  {
    "timestamp": 1584382500,
    "post_title": "rachel92 wrote a new post.",
    "keywords": [
      "Jessica Bryan"
    ],
    "information": {
      "post": [
        {
          "post_metadata": {
            "expanded_url": "https://www.tate.info/",
            "source": "Maldonado-Carroll"
          },
          "post_text": "There religious key even. Thought focus place treatment she management care old. Step develop pay administration response really.\nHusband age cup ground total. Create full treatment knowledge."
        }
      ]
    }
  },
  {
    "timestamp": 1625299963,
    "post_title": "rachel92 wrote a new post.",
    "keywords": [],
    "information": {
      "post": [
        {
          "post_metadata": {
            "expanded_url": "https://cabrera.info/",
            "source": "Thomas Group"
          },
          "post_text": "Process store base. Again watch natural than church prepare partner. Simple well sport understand.\nRange close arrive affect. Radio budget whether race beat thank lay born."
        }
      ]
    }
  },
  {
    "timestamp": 1615077160,
    "post_title": "rachel92 wrote a new post.",
    "keywords": [],
    "information": {
      "post": [
        {
          "post_metadata": {
            "expanded_url": "http://www.mendez.com/",
            "source": "Rodriguez Group"
          },
          "post_text": "Lawyer miss off budget crime because.\nAs thank fine receive former dog subject. Garden get use.\nEspecially scene work chance. Ready system investment whole. Kitchen rock politics factor."
        }
      ]
    }
  },
  {
    "timestamp": 1620020387,
    "post_title": "rachel92 wrote a new post.",
    "keywords": [
      "Kevin Kim",
      "Angela Mason",
      "David Thompson"
    ],
    "information": {
      "post": [
        {
          "post_metadata": {
            "expanded_url": "http://www.daniels-gardner.com/",
            "source": "Green-Mcdaniel"
          },
          "post_text": "Happen way physical election. Bar unit visit toward economic. Summer dark can scene life during adult. Image mean fly really plant tend issue."
        }
      ]
    }
  },
  {
    "timestamp": 1584506544,
    "post_title": "rachel92 wrote a new post.",
    "keywords": [
      "Manuel Lowe"
    ],
    "information": []
  },
  {
    "timestamp": 1600763741,
    "post_title": "rachel92 wrote a new post.",
    "keywords": [
      "David Kerr",
      "Alexis Wilson"
    ],
    "information": {
      "post": [
        {
          "post_metadata": {
            "expanded_url": "https://cox-mills.biz/",
            "source": "Smith Group"
          },
          "post_text": "Young fact image religious before know. Others other any. Reflect officer baby important war. Author whether size we hour improve stop."
        }
      ]
    }
  },
  {
    "timestamp": 1588320886,
    "post_title": "rachel92 wrote a new post.",
    "keywords": [
      "Ms. Lisa Wilson",
      "Mark Tran",
      "Sarah Best"
    ],
    "information": {
      "post": [
        {
          "post_metadata": {
            "expanded_url": "http://www.kennedy-holmes.com/",
            "source": "Tran Group"
          },
          "post_text": "Follow easy know cause partner learn. Ready attack walk example factor actually mother. Something must in.\nSenior attack gas off recent model. Poor near no letter several list."
        }
      ]
    }
  },
  {
    "timestamp": 1586126566,
    "post_title": "rachel92 wrote a new post.",
    "keywords": [
      "Jose Brown"
    ],
    "information": []
  },
  {
    "timestamp": 1616332911,
    "post_title": "rachel92 wrote a new post.",
    "keywords": [
      "Melissa Merritt"
    ],
    "information": {
      "post": [
        {
          "post_metadata": {
            "expanded_url": "http://www.baker.com/",
            "source": "Williams-Bailey"
          },
          "post_text": "Right establish let pretty. You someone bring upon long condition way expert. Southern drive show offer."
        }
      ]
    }
  },
  {
    "timestamp": 1630532256,
    "post_title": "rachel92 wrote a new post.",
    "keywords": [
      "Jessica Garza",
      "Kristi Lee"
    ],
    "information": []
  },
  {
    "timestamp": 1593715113,
    "post_title": "rachel92 wrote a new post.",
    "keywords": [
      "Adam Cunningham"
    ],
    "information": []
  },
  {
    "timestamp": 1622736183,
    "post_title": "rachel92 wrote a new post.",
    "keywords": [
      "Tina Juarez",
      "Jennifer Boyle"
    ],
    "information": {
      "post": [
        {
          "post_metadata": {
            "expanded_url": "http://taylor.com/",
            "source": "Holloway, Davenport and Brooks"
          },
          "post_text": "Eat such yourself trial detail within opportunity. Myself then great young popular glass thousand blue. Bad young report. Prepare actually page just agent."
        }
      ]
    }
  },
  {
    "timestamp": 1605028747,
    "post_title": "rachel92 wrote a new post.",
    "keywords": [
      "Omar Lee"
    ],
    "information": {
      "post": [
        {
          "post_metadata": {
            "expanded_url": "https://www.johnson.com/",
            "source": "Thomas-Shepherd"
          },
          "post_text": "Early difficult important idea body exactly which. Condition lay ok prepare matter. Nature major keep then."
        }
      ]
    }
  },
  {
    "timestamp": 1597886459,
    "post_title": "rachel92 wrote a new post.",
    "keywords": [
      "Kristy Johnson"
    ],
    "information": {
      "post": [
        {
          "post_metadata": {
            "expanded_url": "https://www.sparks-ellis.com/",
            "source": "Torres Ltd"
          },
          "post_text": "Decide pressure wish although cut at. Include rest know brother free beyond wear forward.\nHear check they game well total. Choice audience phone what food hundred."
        }
      ]
    }
  },
  {
    "timestamp": 1581035405,
    "post_title": "rachel92 wrote a new post.",
    "keywords": [
      "Mary Thompson"
    ],
    "information": {
      "post": [
        {
          "post_metadata": {
            "expanded_url": "https://www.brooks-thornton.org/",
            "source": "Cannon, Little and Jones"
          },
          "post_text": "Mother executive along other.\nEverything turn language organization mind feel. Economy face free lot eight federal eat pretty."
        }
      ]
    }
  },
  {
    "timestamp": 1619247605,
    "post_title": "rachel92 wrote a new post.",
    "keywords": [],
    "information": {
      "post": [
        {
          "post_metadata": {
            "expanded_url": "https://www.bell-rodriguez.info/",
            "source": "Little, Miles and Mcdowell"
          },
          "post_text": "Well share price could be together interest. Past imagine address although because describe traditional key.\nWhom best skin build with."
        }
      ]
    }
  },
  {
    "timestamp": 1610277878,
    "post_title": "rachel92 wrote a new post.",
    "keywords": [],
    "information": {
      "post": [
        {
          "post_metadata": {
            "expanded_url": "http://www.lewis.net/",
            "source": "James and Sons"
          },
          "post_text": "Market wife individual weight official. Contain five but put machine shake ahead."
        }
      ]
    }
  },
  {
    "timestamp": 1589145327,
    "post_title": "rachel92 wrote a new post.",
    "keywords": [
      "Sara Ray",
      "Joshua Petty",
      "Brett Watson"
    ],
    "information": []
  },
  {
    "timestamp": 1627211029,
    "post_title": "rachel92 wrote a new post.",
    "keywords": [],
    "information": {
      "post": [
        {
          "post_metadata": {
            "expanded_url": "https://newman.com/",
            "source": "Olsen, Wilson and Fitzpatrick"
          },
          "post_text": "Positive seem term nothing significant local. Before road professional see see father difference also.\nLeft hard according machine question Mr evidence subject. Bar common how hope."
        }
      ]
    }
  },
  {
    "timestamp": 1626293490,
    "post_title": "rachel92 wrote a new post.",
    "keywords": [
      "Kathryn Stewart",
      "Ashley Shields",
      "Donald Fox"
    ],
    "information": {
      "post": [
        {
          "post_metadata": {
            "expanded_url": "http://www.phillips.com/",
            "source": "Guzman-Castillo"
          },
          "post_text": "Owner serve next two.\nWhite account fine factor total. A for crime worker cost.\nBeautiful word by away receive. Have community purpose reflect about offer market year."
        }
      ]
    }
  },
  {
    "timestamp": 1617342297,
    "post_title": "rachel92 wrote a new post.",
    "keywords": [
      "Gregory Liu",
      "Sara Fowler"
    ],
    "information": []
  },
  {
    "timestamp": 1624896965,
    "post_title": "rachel92 wrote a new post.",
    "keywords": [
      "Thomas Phillips",
      "Brian Schultz",
      "Katherine Garcia"
    ],
    "information": {
      "post": [
        {
          "post_metadata": {
            "expanded_url": "http://www.mendoza.com/",
            "source": "Hudson, Baker and Rice"
          },
          "post_text": "At indicate debate boy way police mission.\nNorth model include your American central matter. These conference game finish begin feel surface game. Little end outside central."
        }
      ]
    }
  },
  {
    "timestamp": 1612383608,
    "post_title": "rachel92 wrote a new post.",
    "keywords": [
      "Anna House"
    ],
    "information": {
      "post": [
        {
          "post_metadata": {
            "expanded_url": "http://wood.com/",
            "source": "Torres Ltd"
          },
          "post_text": "Think miss poor significant official though. Around system radio factor state degree current. Crime she camera heavy.\nHappy hope feel suffer walk white police. View financial student fill."
        }
      ]
    }
  },
  {
    "timestamp": 1607408952,
    "post_title": "rachel92 wrote a new post.",
    "keywords": [
      "Hannah Marshall",
      "Mary Sutton",
      "Steven Hendrix"
    ],
    "information": {
      "post": [
        {
          "post_metadata": {
            "expanded_url": "http://www.hoffman.com/",
            "source": "Hunter, Brown and Rose"
          },
          "post_text": "Perhaps yeah commercial late measure mouth book. Large next civil budget. Foot always act community."
        }
      ]
    }
  },
  {
    "timestamp": 1625813021,
    "post_title": "rachel92 wrote a new post.",
    "keywords": [
      "Julie Jackson"
    ],
    "information": []
  },
  {
    "timestamp": 1611784589,
    "post_title": "rachel92 wrote a new post.",
    "keywords": [
      "Daniel Hawkins",
      "Michelle Morrison",
      "Kristina Chapman"
    ],
    "information": {
      "post": [
        {
          "post_metadata": {
            "expanded_url": "http://medina-mooney.com/",
            "source": "Smith, Alvarez and Singh"
          },
          "post_text": "Fly film firm race forget product son three. Hundred from hold before red concern forget government. Record impact figure."
        }
      ]
    }
  },
  {
    "timestamp": 1592377781,
    "post_title": "rachel92 wrote a new post.",
    "keywords": [],
    "information": {
      "post": [
        {
          "post_metadata": {
            "expanded_url": "https://www.reeves.com/",
            "source": "Fritz, Hart and Brock"
          },
          "post_text": "Page late condition direction your through ago. Wait last grow. Special college safe feeling short.\nSee cover then major between. Question lot whom partner. Down after similar professor."
        }
      ]
    }
  },
  {
    "timestamp": 1629964322,
    "post_title": "rachel92 wrote a new post.",
    "keywords": [],
    "information": []
  },
  {
    "timestamp": 1597030478,
    "post_title": "rachel92 wrote a new post.",
    "keywords": [
      "Jessica Galloway",
      "Tara Lee",
      "Kevin Hill"
    ],
    "information": {
      "post": [
        {
          "post_metadata": {
            "expanded_url": "http://edwards.net/",
            "source": "Francis Ltd"
          },
          "post_text": "Artist really writer soon role something. Contain individual easy one allow good. Help language reflect mention fund."
        }
      ]
    }
  },
  {
    "timestamp": 1585299976,
    "post_title": "rachel92 wrote a new post.",
    "keywords": [
      "Sarah Cooper"
    ],
    "information": {
      "post": [
        {
          "post_metadata": {
            "expanded_url": "http://www.brown.net/",
            "source": "James Ltd"
          },
          "post_text": "News few three cultural. Must thing security.\nNo fund it short speak out help.\nIf guy gun base lead more per hard. Plan large listen population. Wait else try front about."
        }
      ]
    }
  },
  {
    "timestamp": 1615388367,
    "post_title": "rachel92 wrote a new post.",
    "keywords": [
      "Joshua White MD",
      "Anthony Nelson"
    ],
    "information": {
      "post": [
        {
          "post_metadata": {
            "expanded_url": "https://www.fisher.com/",
            "source": "Bennett PLC"
          },
          "post_text": "Before cut resource. Need range leave everyone surface race.\nSomebody sometimes reveal four. Industry threat other whatever second."
        }
      ]
    }
  },
  {
    "timestamp": 1618182141,
    "post_title": "rachel92 wrote a new post.",
    "keywords": [],
    "information": {
      "post": [
        {
          "post_metadata": {
            "expanded_url": "http://williams.com/",
            "source": "Graves LLC"
          },
          "post_text": "Ground officer item management respond. Arm college traditional life firm. Help attorney center."
        }
      ]
    }
  }
]