[
  {
    "timestamp": 1607585566,
    "title": "twagner wrote on Mark Bryant's timeline.",
    "tags": [
      "David Robinson",
      "Andrea Johnson"
    ],
    "data": []
  },
  {
    "timestamp": 1607090057,
    "title": "twagner wrote on Alexandra Mathews's timeline.",
    "tags": [],
    "attachments": {
      "data": [
        {
          "external_context": {
            "url": "https://www.carpenter.com/"
          }
        }
      ]
    },
    "data": [
      {
        "post": "Image attorney yet beat piece main painting. Answer loss development financial employee. Cost join edge partner which direction.\nWould soldier born experience lead business. Boy record time least quality nature. Eight item street operation difference brother may.\nFront fact TV seem sit. Set partner possible system statement.\nBut employee executive author season. Around project college bed."
      }
    ]
  },
  {
    "timestamp": 1585842515,
    "title": "twagner wrote on Victor Watkins's timeline.",
    "tags": [],
    "data": []
  },
  {
    "timestamp": 1600005897,
    "title": "twagner wrote on Michael Chapman's timeline.",
    "tags": [
      "Henry Hicks",
      "Tony Davis"
    ],
    "data": [
      {
        "post": "Week one thought job political.\nStrong join team into discuss bank. Serious among else career civil suggest. Prove bank sort me.\nVisit learn reality stop receive industry plan draw. Shoulder how probably source another record first. Free family cold rather consider popular however back.\nEver piece majority federal few. Action attack Mrs door hand seat."
      }
    ]
  },
  {
    "timestamp": 1607521301,
    "title": "twagner wrote on Katelyn Baker's timeline.",
    "tags": [
      "Mark Rodriguez",
      "Mrs. Crystal Castillo DDS"
    ],
    "attachments": {
      "data": [
        {
          "external_context": {
            "url": "http://www.navarro.info/",
            "name": "Reason evidence series key few catch.",
            "source": "Buchanan Inc"
          }
        }
      ]
    },
    "data": []
  },
  {
    "timestamp": 1609854609,
    "title": "twagner wrote on Kenneth Roy's timeline.",
    "tags": [],
    "attachments": {
      "data": [
        {
          "for_sale_item": {
            "title": "Future-proofed optimizing protocol",
            "price": "\u20b4412",
            "seller": "twagner",
            "created_timestamp": 1584261182,
            "updated_timestamp": 1599679603,
            "category": "Sports & outdoor",
            "marketplace": "make-mention",
            "location": {
              "coordinate": {
                "lattitude": "37.30553",
                "longitude": "120.82747"
              }
            },
            "description": "Coach fine lead scene notice debate. Exist contain create message book book owner study. Page serve between better."
          }
        },
        {
          "media": {
            "uri": "https://placekitten.com/486/357",
            "creation_timestamp": 1584261182,
            "media_metadata": {
              "upload_ip": "64.171.76.29"
            },
            "title": ""
          }
        },
        {
          "media": {
            "uri": "https://dummyimage.com/414x751",
            "creation_timestamp": 1584261182,
            "media_metadata": {
              "upload_ip": "113.65.236.18"
            },
            "title": ""
          }
        },
        {
          "media": {
            "uri": "https://placeimg.com/749/670/any",
            "creation_timestamp": 1584261182,
            "media_metadata": {
              "upload_ip": "19.58.203.85"
            },
            "title": ""
          }
        }
      ]
    },
    "data": []
  },
  {
    "timestamp": 1599419237,
    "title": "twagner wrote on Jordan Robinson's timeline.",
    "tags": [
      "Melissa Smith",
      "Regina Taylor",
      "Sarah Lewis"
    ],
    "data": []
  },
  {
    "timestamp": 1598856378,
    "title": "twagner wrote on Ann Salazar's timeline.",
    "tags": [
      "Nicole Olson"
    ],
    "data": [
      {
        "post": "Minute whole medical white sing many.\nGarden expect issue floor generation figure. Test matter low follow do thousand purpose trouble. Glass office modern entire article.\nIts very project go main. Media ball you page camera could. Enter I card purpose.\nOr ask policy anyone future. Response court feel evidence court establish.\nOperation box despite recently. Government state really capital.\nFinally we throughout without use too must could. Wind just enjoy contain claim reach."
      }
    ]
  },
  {
    "timestamp": 1578972178,
    "title": "twagner wrote on Brandon Brown's timeline.",
    "tags": [
      "Christine Porter",
      "Melissa Burns",
      "Erica Brown"
    ],
    "data": []
  },
  {
    "timestamp": 1601103735,
    "title": "twagner wrote on Katrina Carney's timeline.",
    "tags": [],
    "attachments": {
      "data": [
        {
          "external_context": {
            "url": "https://www.perry-wilson.com/"
          }
        }
      ]
    },
    "data": []
  },
  {
    "timestamp": 1595763926,
    "title": "twagner wrote on Benjamin Mcdonald's timeline.",
    "tags": [
      "Michelle Fitzpatrick"
    ],
    "data": []
  },
  {
    "timestamp": 1581934503,
    "title": "twagner wrote on Linda Rangel's timeline.",
    "tags": [
      "Bruce Vincent"
    ],
    "attachments": {
      "data": [
        {
          "external_context": {
            "url": "http://www.cruz.net/",
            "name": "Save break increase best rock no.",
            "source": "Hubbard PLC"
          }
        }
      ]
    },
    "data": []
  },
  {
    "timestamp": 1609436073,
    "title": "twagner wrote on Heather Reynolds's timeline.",
    "tags": [
      "Gary Hughes",
      "Jason Adams",
      "Brett Parks"
    ],
    "data": [
      {
        "post": "Purpose public focus member situation newspaper single see. Floor language really affect late child.\nTonight interview worker meet sea. Item here manager.\nHigh another edge smile. Interesting mother beautiful character. Minute set we truth factor.\nAbout sport beyond big indicate test manager. Ground level pick success tax bit. List lawyer at.\nBar can new officer.\nLeave general different too house. Economic test get table tax speak."
      }
    ]
  },
  {
    "timestamp": 1589194526,
    "title": "twagner wrote on Terry Woodward's timeline.",
    "tags": [
      "Sheila Meza",
      "Mark Olson"
    ],
    "data": []
  },
  {
    "timestamp": 1590584572,
    "title": "twagner wrote on Kelly Bowers's timeline.",
    "tags": [],
    "attachments": {
      "data": [
        {
          "external_context": {
            "url": "https://www.ray.com/"
          }
        }
      ]
    },
    "data": []
  },
  {
    "timestamp": 1591356145,
    "title": "twagner wrote on Benjamin Yates's timeline.",
    "tags": [
      "Angela Lloyd",
      "Linda Hahn",
      "Kendra Joseph"
    ],
    "attachments": {
      "data": [
        {
          "external_context": {
            "url": "http://www.houston-stephens.biz/"
          }
        }
      ]
    },
    "data": []
  },
  {
    "timestamp": 1580646088,
    "title": "twagner wrote on Bryan Young's timeline.",
    "tags": [
      "Brittany Stephens"
    ],
    "attachments": {
      "data": [
        {
          "for_sale_item": {
            "title": "Function-based directional hub",
            "price": "\u00a3160",
            "seller": "twagner",
            "created_timestamp": 1593519033,
            "updated_timestamp": 1609880895,
            "category": "Electronics",
            "marketplace": "manager-until-ball",
            "location": {
              "coordinate": {
                "lattitude": "40.68066",
                "longitude": "-73.47429"
              }
            },
            "description": "Little job left natural. Possible purpose statement people life. Change direction least face."
          }
        },
        {
          "media": {
            "uri": "https://placeimg.com/964/590/any",
            "creation_timestamp": 1593519033,
            "media_metadata": {
              "upload_ip": "111.177.39.175"
            },
            "title": ""
          }
        }
      ]
    },
    "data": [
      {
        "post": "Idea among eat far will tax this chair. Make service per per thing art. Condition so sense.\nAddress office carry study both figure number. Very right growth lose or black civil. This place south.\nMuch ground minute beyond year watch industry. Cause better energy federal. Heavy compare test lead dark little hospital.\nPrevent few spring return. We tend win.\nList glass travel before energy.\nRock people imagine movie since that explain this. Edge produce career why find.",
        "update_timestamp": 1593605816
      }
    ]
  },
  {
    "timestamp": 1581546265,
    "title": "twagner wrote on Tyler Owens's timeline.",
    "tags": [
      "Zachary May",
      "Mark Ray",
      "Heidi Turner"
    ],
    "data": [
      {
        "post": "Finally every anything stop. Really kitchen hold expert second threat month.\nSix of image hope rest. Trip development administration reach red spend I also.\nAir present card ten. Parent take minute hand design article.\nCouple worker range health. End offer alone. Across blood turn lose who issue once design.\nUntil ago training brother today letter. Itself again guy structure student article contain.\nSeveral language international piece. Relate show receive too task."
      }
    ]
  },
  {
    "timestamp": 1594420263,
    "title": "twagner wrote on Stephanie Lawrence's timeline.",
    "tags": [],
    "attachments": {
      "data": [
        {
          "for_sale_item": {
            "title": "Front-line even-keeled archive",
            "price": "$586",
            "seller": "twagner",
            "created_timestamp": 1601439647,
            "updated_timestamp": 1584194478,
            "category": "Health & Lifestyle",
            "marketplace": "election-stuff",
            "location": {
              "coordinate": {
                "lattitude": "40.93333",
                "longitude": "73"
              }
            },
            "description": "Respond until brother down seat war. Shake matter involve job benefit writer."
          }
        },
        {
          "media": {
            "uri": "https://placeimg.com/182/870/any",
            "creation_timestamp": 1601439647,
            "media_metadata": {
              "upload_ip": "20.48.8.173"
            },
            "title": ""
          }
        },
        {
          "media": {
            "uri": "https://www.lorempixel.com/28/697",
            "creation_timestamp": 1601439647,
            "media_metadata": {
              "upload_ip": "191.41.3.36"
            },
            "title": ""
          }
        },
        {
          "media": {
            "uri": "https://placekitten.com/606/330",
            "creation_timestamp": 1601439647,
            "media_metadata": {
              "upload_ip": "56.118.76.220"
            },
            "title": ""
          }
        }
      ]
    },
    "data": []
  },
  {
    "timestamp": 1601132446,
    "title": "twagner wrote on Michael Smith's timeline.",
    "tags": [
      "Todd Peck",
      "David Torres"
    ],
    "data": []
  },
  {
    "timestamp": 1591556356,
    "title": "twagner wrote on Amber Shaw's timeline.",
    "tags": [
      "Kelsey Mckenzie",
      "Jennifer Hoffman",
      "Andrew Shepard"
    ],
    "attachments": {
      "data": [
        {
          "external_context": {
            "url": "https://www.sawyer.net/"
          }
        }
      ]
    },
    "data": []
  },
  {
    "timestamp": 1605681653,
    "title": "twagner wrote on Christine Phillips's timeline.",
    "tags": [
      "Alexander Woods",
      "Joseph Jackson",
      "Dr. Johnny Hawkins"
    ],
    "data": [
      {
        "post": "Garden build difference analysis common behind. Audience term away institution.\nVote class likely friend order. Type land feel only car sure step.\nTheory eat involve point though. Simple top stop and your ago court. Mind ten water field various.\nOwner fact serve table set feeling lose. Newspaper catch others sell than.\nYour source station wait city nearly. Else on want. Sound student son above property edge.\nInternational situation Democrat tax prove put. Voice radio leg head."
      }
    ]
  },
  {
    "timestamp": 1591412723,
    "title": "twagner wrote on Tammy Keller's timeline.",
    "tags": [
      "Melanie Chavez",
      "Latoya Clark"
    ],
    "data": []
  },
  {
    "timestamp": 1596118277,
    "title": "twagner wrote on Daniel Wells's timeline.",
    "tags": [
      "Jacqueline Porter"
    ],
    "attachments": {
      "data": [
        {
          "external_context": {
            "url": "https://www.scott.com/",
            "name": "Dog you financial thought end property.",
            "source": "Mcdaniel-Morales"
          }
        }
      ]
    },
    "data": []
  },
  {
    "timestamp": 1586848038,
    "title": "twagner wrote on Todd Beck's timeline.",
    "tags": [],
    "data": []
  },
  {
    "timestamp": 1584092964,
    "title": "twagner wrote on Jeremy Christensen's timeline.",
    "tags": [],
    "attachments": {
      "data": [
        {
          "external_context": {
            "url": "https://koch.com/",
            "name": "Station girl result idea health.",
            "source": "Jackson, Hopkins and Conrad"
          }
        }
      ]
    },
    "data": [
      {
        "post": "Baby serious growth reflect with. Finally take black every require. Much work political every win catch.\nClaim cultural expect box interest stay. Agency final watch camera wind ball bank yes.\nThe public opportunity put. Summer himself interesting white nice herself case week.\nLong sit after than hope live. System oil offer allow suddenly offer attack. Yard stock gas four family.\nOut contain carry economic. Glass impact left may tell.\nRelationship real quickly. Carry method then source tonight him. Month mission fast do before cell resource. Partner probably magazine."
      }
    ]
  },
  {
    "timestamp": 1598507480,
    "title": "twagner wrote on Amy Williams's timeline.",
    "tags": [
      "Jade Kaiser",
      "Mark Conner"
    ],
    "data": []
  },
  {
    "timestamp": 1592351632,
    "title": "twagner wrote on Jacqueline Kirk's timeline.",
    "tags": [
      "Brittany Washington",
      "Allison Ramos",
      "Chad Martinez"
    ],
    "data": []
  },
  {
    "timestamp": 1600078325,
    "title": "twagner wrote on Michael Sullivan's timeline.",
    "tags": [
      "Whitney Knight"
    ],
    "attachments": {
      "data": [
        {
          "external_context": {
            "url": "https://hull.com/",
            "name": "Section accept black very guy.",
            "source": "James PLC"
          }
        }
      ]
    },
    "data": []
  },
  {
    "timestamp": 1587675072,
    "title": "twagner wrote on Kevin Mills's timeline.",
    "tags": [],
    "attachments": {
      "data": [
        {
          "external_context": {
            "url": "https://hansen-reyes.com/",
            "name": "Hit across picture way social particular.",
            "source": "Fowler Inc"
          }
        }
      ]
    },
    "data": []
  },
  {
    "timestamp": 1599210713,
    "title": "twagner wrote on Kathryn Arnold's timeline.",
    "tags": [],
    "data": []
  },
  {
    "timestamp": 1609288762,
    "title": "twagner wrote on Sarah Gates's timeline.",
    "tags": [
      "Natalie Edwards",
      "Ryan Johnson",
      "Kelly Walters"
    ],
    "data": []
  },
  {
    "timestamp": 1581059005,
    "title": "twagner wrote on Joel Adams's timeline.",
    "tags": [
      "Maurice Thompson",
      "Shannon Mitchell",
      "Paul Cline"
    ],
    "data": [
      {
        "post": "Ball end difference need go necessary almost guy. Marriage whom somebody career rise toward. Memory decision coach for specific forget should or.\nThus with ago that. Account center play successful stuff.\nFamily whether whom pressure. Personal movement research authority story it usually.\nBoy certainly that brother yet. White series science.\nLeave sit grow. Agency room job five cause difference. Note race subject newspaper hold international new.\nFront in after research country process. Whose stuff Mr left."
      }
    ]
  },
  {
    "timestamp": 1605219876,
    "title": "twagner wrote on Erica Riley's timeline.",
    "tags": [],
    "data": [
      {
        "post": "Price short oil focus. Peace if study summer sort ability. Skill lawyer institution south.\nAble life daughter to agency. Speech nor too point suddenly. Eight many job front.\nHear bill actually stock success morning. Deal reason home professional. Dream security explain public.\nBrother stuff hope writer difference notice. Then state fire.\nSociety both that suggest cover partner. Fall common newspaper degree series many finish."
      }
    ]
  },
  {
    "timestamp": 1588448231,
    "title": "twagner wrote on Ruben Rice's timeline.",
    "tags": [
      "Linda Garcia"
    ],
    "attachments": {
      "data": [
        {
          "external_context": {
            "url": "https://www.hammond.com/"
          }
        }
      ]
    },
    "data": [
      {
        "post": "Sea stand manage entire.\nFact space safe ready you speak. Begin window game may.\nImagine person section. Art whose read white glass expect table. Couple go parent live.\nOnly stop mouth after risk green. Enough although to bed chance agree feel. Student business total peace collection prepare my through. Wonder notice capital meeting rest seven news top.\nToday if impact provide. Tough soldier bit different offer study.\nSix her daughter artist by paper hear else. Yard staff various top military relationship professional."
      }
    ]
  },
  {
    "timestamp": 1596559614,
    "title": "twagner wrote on Veronica Wood's timeline.",
    "tags": [
      "Brian Short",
      "Jessica Robbins",
      "David Greer DDS"
    ],
    "data": []
  },
  {
    "timestamp": 1603507553,
    "title": "twagner wrote on Shane Farmer's timeline.",
    "tags": [
      "Richard Mitchell",
      "Mary Freeman",
      "Renee Lopez"
    ],
    "data": []
  },
  {
    "timestamp": 1598720600,
    "title": "twagner wrote on Kenneth Snow's timeline.",
    "tags": [
      "Jorge Campbell",
      "John Maxwell",
      "Jamie Barber"
    ],
    "attachments": {
      "data": [
        {
          "external_context": {
            "url": "https://www.collins.com/"
          }
        }
      ]
    },
    "data": []
  },
  {
    "timestamp": 1582076079,
    "title": "twagner wrote on Ivan Williams's timeline.",
    "tags": [],
    "data": []
  },
  {
    "timestamp": 1587192899,
    "title": "twagner wrote on Lori Graves's timeline.",
    "tags": [
      "Erik Gay",
      "Jesse Anderson",
      "Eric Herrera"
    ],
    "data": []
  },
  {
    "timestamp": 1587442981,
    "title": "twagner wrote on Sharon Jackson's timeline.",
    "tags": [],
    "data": []
  },
  {
    "timestamp": 1582628777,
    "title": "twagner wrote on Jessica Baldwin's timeline.",
    "tags": [
      "Scott Nichols PhD",
      "Mrs. Vanessa Roberts",
      "Martin Sanders"
    ],
    "attachments": {
      "data": [
        {
          "external_context": {
            "url": "https://www.brooks-monroe.com/"
          }
        }
      ]
    },
    "data": []
  },
  {
    "timestamp": 1587334514,
    "title": "twagner wrote on David Reyes's timeline.",
    "tags": [],
    "data": []
  },
  {
    "timestamp": 1590947012,
    "title": "twagner wrote on Derrick Carroll's timeline.",
    "tags": [],
    "data": [
      {
        "post": "Child enter event none floor though that. Occur growth number guess. Pretty evening they art.\nWant project write. Fact air interest knowledge former collection shake. Newspaper wide kind work.\nStory plan person color training.\nBook bit enough scientist ball few serve box. Environmental future foreign seem name nature lead.\nNecessary off executive born week great body. Them key office quickly night still father executive. Become around less contain back attack. Seek few social land."
      }
    ]
  },
  {
    "timestamp": 1599097442,
    "title": "twagner wrote on Brian Marshall's timeline.",
    "tags": [
      "Catherine Jenkins",
      "Wendy Mejia",
      "Jimmy Flynn"
    ],
    "attachments": {
      "data": [
        {
          "external_context": {
            "url": "http://peters.com/"
          }
        }
      ]
    },
    "data": [
      {
        "post": "Structure official question leave despite series. Group special let speak clearly.\nWeek herself environmental plan president least. Surface deep environmental reveal may better change.\nSuch beat similar phone style reveal. Hard travel production fast pressure walk picture.\nExplain big war our power office. Measure carry room future animal. Fact low give where.\nName trial friend.\nTop size million. Traditional arrive want mean chance crime training address. Pressure activity wind force will beyond."
      }
    ]
  },
  {
    "timestamp": 1587503998,
    "title": "twagner wrote on Angela Garcia's timeline.",
    "tags": [
      "Gary Baldwin",
      "Susan Henson",
      "Patrick Lopez"
    ],
    "attachments": {
      "data": [
        {
          "external_context": {
            "url": "https://www.romero-berry.net/"
          }
        }
      ]
    },
    "data": []
  },
  {
    "timestamp": 1586857421,
    "title": "twagner wrote on Keith Arnold's timeline.",
    "tags": [],
    "attachments": {
      "data": [
        {
          "for_sale_item": {
            "title": "Synchronized attitude-oriented moderator",
            "price": "$814",
            "seller": "twagner",
            "created_timestamp": 1595897884,
            "updated_timestamp": 1596077843,
            "category": "Sports & outdoor",
            "marketplace": "live-offer-similar",
            "location": {
              "coordinate": {
                "lattitude": "3.8801",
                "longitude": "-77.03116"
              }
            },
            "description": "Leave brother seat yeah hot both late. Claim always federal night soon. Degree agency life pay."
          }
        },
        {
          "media": {
            "uri": "https://www.lorempixel.com/249/27",
            "creation_timestamp": 1595897884,
            "media_metadata": {
              "upload_ip": "152.202.50.242"
            },
            "title": ""
          }
        }
      ]
    },
    "data": []
  },
  {
    "timestamp": 1587741159,
    "title": "twagner wrote on Matthew Kirby's timeline.",
    "tags": [],
    "data": []
  },
  {
    "timestamp": 1578047163,
    "title": "twagner wrote on Mr. Jesus Alexander's timeline.",
    "tags": [],
    "attachments": {
      "data": [
        {
          "external_context": {
            "url": "https://www.church.biz/"
          }
        }
      ]
    },
    "data": []
  },
  {
    "timestamp": 1602075102,
    "title": "twagner wrote on Daniel Colon's timeline.",
    "tags": [
      "Trevor Cooper",
      "Michelle Dennis",
      "Kimberly Howell MD"
    ],
    "data": [
      {
        "post": "Significant mind glass performance deal speak five simple. Arm entire such source.\nOver area game meeting above. Ago structure field call firm decide everybody. Add because there own arrive.\nState detail sound manager which organization collection. Two himself fall sell.\nYear red activity do continue one. Through body score financial sport. Standard husband war rich. Land ask college science role law issue image."
      }
    ]
  },
  {
    "timestamp": 1590858371,
    "title": "twagner wrote on Jillian Allen's timeline.",
    "tags": [],
    "data": [
      {
        "post": "During leader enjoy idea price face. Rich group glass economic their can almost move.\nHis young how. Continue ground position size.\nMemory right guy speech television government. Perform country skill without against effort second. Outside begin book population interest all example.\nDrive argue happen process nice. Cause may consumer enjoy five option avoid. Visit allow drop staff line generation.\nPresent most weight billion hundred player. Option tell owner single."
      }
    ]
  },
  {
    "timestamp": 1610382975,
    "title": "twagner wrote on Patrick Lopez's timeline.",
    "tags": [
      "Tonya Jensen",
      "Matthew Gonzalez",
      "Lauren Miller"
    ],
    "data": []
  },
  {
    "timestamp": 1578563853,
    "title": "twagner wrote on Andrew Curtis's timeline.",
    "tags": [
      "Robert Robinson",
      "Raymond Hutchinson"
    ],
    "data": []
  },
  {
    "timestamp": 1601194212,
    "title": "twagner wrote on Samantha Burke's timeline.",
    "tags": [],
    "attachments": {
      "data": [
        {
          "external_context": {
            "url": "http://www.ruiz.org/"
          }
        }
      ]
    },
    "data": []
  },
  {
    "timestamp": 1579157045,
    "title": "twagner wrote on Brian Cummings's timeline.",
    "tags": [
      "Christina Bradley",
      "Heather Horn",
      "Lisa Mccall"
    ],
    "attachments": {
      "data": [
        {
          "external_context": {
            "url": "http://webb.com/"
          }
        }
      ]
    },
    "data": []
  },
  {
    "timestamp": 1602167312,
    "title": "twagner wrote on Richard Barry's timeline.",
    "tags": [
      "Joshua Nunez",
      "Jacqueline Bridges",
      "Jennifer Johnston"
    ],
    "data": [
      {
        "post": "Appear speak above edge social raise pass. Mean art find last. Economic red citizen some factor campaign.\nAcross young radio behind newspaper.\nAuthor that machine lay ago. Ball wear option approach window. Box group through everyone simply item thank.\nHere art his ago democratic four. Drop industry team city idea movement.\nSeries like happy both. Enjoy staff rule sign Mrs section. Fill heart seem run many him player leg."
      }
    ]
  },
  {
    "timestamp": 1605552117,
    "title": "twagner wrote on Chad Gutierrez's timeline.",
    "tags": [],
    "data": []
  },
  {
    "timestamp": 1583867322,
    "title": "twagner wrote on Teresa Gonzales's timeline.",
    "tags": [
      "Randall Thomas",
      "Tina Dean"
    ],
    "attachments": {
      "data": [
        {
          "for_sale_item": {
            "title": "Horizontal multi-tasking instruction set",
            "price": "$621",
            "seller": "twagner",
            "created_timestamp": 1579373542,
            "updated_timestamp": 1584081318,
            "category": "Sports & outdoor",
            "marketplace": "some-health",
            "location": {
              "coordinate": {
                "lattitude": "41.15376",
                "longitude": "-87.88754"
              }
            },
            "description": "Black price join someone behind. Choice other exist fine itself."
          }
        },
        {
          "media": {
            "uri": "https://dummyimage.com/652x115",
            "creation_timestamp": 1579373542,
            "media_metadata": {
              "upload_ip": "49.170.108.90"
            },
            "title": ""
          }
        }
      ]
    },
    "data": []
  },
  {
    "timestamp": 1588428806,
    "title": "twagner wrote on Mr. Steven Conley's timeline.",
    "tags": [
      "Donna Zimmerman",
      "John Mayo"
    ],
    "attachments": {
      "data": [
        {
          "external_context": {
            "url": "http://davis-hoffman.com/"
          }
        }
      ]
    },
    "data": [
      {
        "post": "Question remember close simple try organization subject. Environment raise trade growth go decision. Among physical very billion play book church.\nAgent market whether nice. Question floor individual majority appear.\nOffer upon class so practice experience end. School visit bank impact.\nHouse day point far movie. Brother organization none list manage write. Maybe sister of yet clear nearly their.",
        "update_timestamp": 1596235577
      }
    ]
  },
  {
    "timestamp": 1595833635,
    "title": "twagner wrote on Benjamin Ball's timeline.",
    "tags": [
      "Philip Richardson",
      "Ashley Porter",
      "Michael Foster"
    ],
    "data": []
  },
  {
    "timestamp": 1609911253,
    "title": "twagner wrote on Benjamin Banks's timeline.",
    "tags": [
      "Jennifer Black",
      "Patrick Figueroa",
      "Sandra Warner"
    ],
    "attachments": {
      "data": [
        {
          "for_sale_item": {
            "title": "Fully-configurable stable adapter",
            "price": "$18",
            "seller": "twagner",
            "created_timestamp": 1593794011,
            "updated_timestamp": 1586322466,
            "category": "Electronics",
            "marketplace": "teach-hair-side",
            "location": {
              "coordinate": {
                "lattitude": "50.11861",
                "longitude": "-5.53715"
              }
            },
            "description": "Pick step stand ability capital. Child environmental statement old table only. Activity professor main movie need along."
          }
        },
        {
          "media": {
            "uri": "https://placeimg.com/941/690/any",
            "creation_timestamp": 1593794011,
            "media_metadata": {
              "upload_ip": "160.103.34.72"
            },
            "title": ""
          }
        }
      ]
    },
    "data": []
  },
  {
    "timestamp": 1594906160,
    "title": "twagner wrote on Laura Lopez's timeline.",
    "tags": [
      "Cindy Hernandez",
      "Brittney Jacobs"
    ],
    "data": []
  },
  {
    "timestamp": 1609412318,
    "title": "twagner wrote on Maria Dixon's timeline.",
    "tags": [
      "Melanie Smith",
      "Kelsey Shaffer",
      "Brandon Park"
    ],
    "data": []
  },
  {
    "timestamp": 1588886935,
    "title": "twagner wrote on Rachel Moss's timeline.",
    "tags": [],
    "data": []
  },
  {
    "timestamp": 1586250175,
    "title": "twagner wrote on Jay Maddox's timeline.",
    "tags": [],
    "attachments": {
      "data": [
        {
          "external_context": {
            "url": "https://www.turner.com/"
          }
        }
      ]
    },
    "data": [
      {
        "post": "Table personal operation. Wind picture everyone director expert trade away. Be international strategy just model trouble thousand.\nMaintain different side on modern large. Increase defense property onto. Gun news that offer every who save.\nIdea free explain strong operation. Determine fill music improve situation under factor.\nOn beyond prove still. Arrive tell position national safe drive return policy."
      }
    ]
  },
  {
    "timestamp": 1609129176,
    "title": "twagner wrote on Elizabeth White's timeline.",
    "tags": [
      "Robert Gregory"
    ],
    "data": []
  },
  {
    "timestamp": 1587746506,
    "title": "twagner wrote on Denise Conley's timeline.",
    "tags": [
      "Alexis Mueller",
      "Kimberly Graves"
    ],
    "data": [
      {
        "post": "Bed degree life best prove create pick everything. Respond environment away experience service.\nToo part guy run box whole huge.\nNear quickly will growth outside sell represent. See if myself. And painting collection. Build blood often car.\nPrevent watch father late American such. Mrs its cost three market inside author.\nNewspaper begin international PM each staff. Artist miss however ahead. Change service ability society consider."
      }
    ]
  },
  {
    "timestamp": 1596665385,
    "title": "twagner wrote on Dr. Rhonda Mooney's timeline.",
    "tags": [],
    "attachments": {
      "data": [
        {
          "external_context": {
            "url": "http://www.hinton-walsh.net/",
            "name": "Forward avoid across without however free.",
            "source": "Ellison, Cruz and Campbell"
          }
        }
      ]
    },
    "data": []
  },
  {
    "timestamp": 1602070279,
    "title": "twagner wrote on Catherine Poole's timeline.",
    "tags": [
      "John Fowler",
      "Mary Adams",
      "Christina Castaneda"
    ],
    "data": []
  },
  {
    "timestamp": 1595193453,
    "title": "twagner wrote on Karen Lopez's timeline.",
    "tags": [
      "Lauren Good"
    ],
    "attachments": {
      "data": [
        {
          "external_context": {
            "url": "http://www.white-payne.com/",
            "name": "End share health.",
            "source": "Rios-Hanson"
          }
        }
      ]
    },
    "data": []
  },
  {
    "timestamp": 1604174323,
    "title": "twagner wrote on Deborah Rivera's timeline.",
    "tags": [
      "Nancy Quinn"
    ],
    "attachments": {
      "data": [
        {
          "external_context": {
            "url": "https://williams.com/"
          }
        }
      ]
    },
    "data": []
  },
  {
    "timestamp": 1585959223,
    "title": "twagner wrote on Ashley Ingram's timeline.",
    "tags": [
      "Scott White"
    ],
    "data": [
      {
        "post": "Speech get themselves staff if cold. Eye key total heart yard before case. On activity produce there.\nSocial any under science meet. Player consider run PM even we. Side skill night compare.\nStart current such future per analysis. Building road computer service them name nothing federal.\nStructure knowledge area into somebody during stage. Capital Mr idea big save.\nClearly chance against should. Position attorney area war oil green. Lawyer general while article.\nFilm interesting sort. Nature father understand."
      }
    ]
  },
  {
    "timestamp": 1606559789,
    "title": "twagner wrote on William Wilson's timeline.",
    "tags": [
      "Michael Hill",
      "Jessica Allen"
    ],
    "data": []
  },
  {
    "timestamp": 1610257341,
    "title": "twagner wrote on Nicholas Li's timeline.",
    "tags": [
      "Shaun Holt",
      "Maria Rocha"
    ],
    "data": []
  },
  {
    "timestamp": 1603125234,
    "title": "twagner wrote on Jessica Henderson's timeline.",
    "tags": [
      "Jorge Marshall"
    ],
    "attachments": {
      "data": [
        {
          "external_context": {
            "url": "https://sanchez-lopez.com/"
          }
        }
      ]
    },
    "data": []
  },
  {
    "timestamp": 1604754394,
    "title": "twagner wrote on Joshua Rollins's timeline.",
    "tags": [
      "Amy Castillo",
      "Jennifer Butler"
    ],
    "data": []
  },
  {
    "timestamp": 1601613678,
    "title": "twagner wrote on Stephanie Schmidt's timeline.",
    "tags": [
      "James Mcdonald"
    ],
    "data": []
  },
  {
    "timestamp": 1583958626,
    "title": "twagner wrote on Kelly Jackson's timeline.",
    "tags": [
      "Charles Miller",
      "Jennifer Steele",
      "Joe Horton"
    ],
    "data": []
  },
  {
    "timestamp": 1578901915,
    "title": "twagner wrote on Derek Shelton's timeline.",
    "tags": [
      "Jonathan Jackson",
      "Alyssa Lee",
      "Michelle Villarreal"
    ],
    "data": []
  },
  {
    "timestamp": 1578181360,
    "title": "twagner wrote on Joe Evans's timeline.",
    "tags": [],
    "data": [
      {
        "post": "Science list consumer. Service administration per without American research. Wait east claim.\nAction not including they perform. Dream military exactly central wait prove network peace.\nGood be hospital other which blood yourself. Person live cut. Good near tend stop certain.\nResponse even recent floor degree nor. Dinner cell news accept front team.\nParent compare recent cover feeling. Cup ok throughout score product student send. Four me election government see south fast."
      }
    ]
  },
  {
    "timestamp": 1594392755,
    "title": "twagner wrote on Nicolas Pacheco's timeline.",
    "tags": [
      "William Scott",
      "Timothy Robinson MD"
    ],
    "attachments": {
      "data": [
        {
          "external_context": {
            "url": "https://www.marshall.net/"
          }
        }
      ]
    },
    "data": []
  },
  {
    "timestamp": 1609351036,
    "title": "twagner wrote on Julie Howard's timeline.",
    "tags": [
      "Elizabeth Gonzalez"
    ],
    "attachments": {
      "data": [
        {
          "external_context": {
            "url": "https://www.brown.com/",
            "name": "Pattern there health.",
            "source": "Jones LLC"
          }
        }
      ]
    },
    "data": [
      {
        "post": "Leave firm perform away surface value people. Practice girl society fund understand life nothing minute. Why everything give enough spring foot sometimes democratic.\nUsually own ready professional. Order crime age hit character be rich.\nAddress eight low pass member sound. Ask lot police each lot course because look. Your several four too.\nStrategy natural decision decade. Hard power describe most body interview receive. Sound moment speech sell."
      }
    ]
  },
  {
    "timestamp": 1585017363,
    "title": "twagner wrote on Jacob Cochran's timeline.",
    "tags": [],
    "attachments": {
      "data": [
        {
          "for_sale_item": {
            "title": "Right-sized systemic function",
            "price": "\u17db459",
            "seller": "twagner",
            "created_timestamp": 1592645929,
            "updated_timestamp": 1579238894,
            "category": "Sports & outdoor",
            "marketplace": "nice-approach",
            "location": {
              "coordinate": {
                "lattitude": "11.86064",
                "longitude": "9.0027"
              }
            },
            "description": "Hotel forget someone and. Sign author administration. Rise today team contain ground."
          }
        },
        {
          "media": {
            "uri": "https://placekitten.com/739/963",
            "creation_timestamp": 1592645929,
            "media_metadata": {
              "upload_ip": "49.108.39.200"
            },
            "title": ""
          }
        },
        {
          "media": {
            "uri": "https://dummyimage.com/7x534",
            "creation_timestamp": 1592645929,
            "media_metadata": {
              "upload_ip": "96.22.249.111"
            },
            "title": ""
          }
        }
      ]
    },
    "data": []
  },
  {
    "timestamp": 1585517467,
    "title": "twagner wrote on Alejandra Bass's timeline.",
    "tags": [
      "Morgan Coleman",
      "Stephen Stewart"
    ],
    "attachments": {
      "data": [
        {
          "external_context": {
            "url": "http://www.duncan-fisher.org/",
            "name": "Recently animal bag easy serious center art.",
            "source": "Kennedy, Saunders and Hayes"
          }
        }
      ]
    },
    "data": []
  },
  {
    "timestamp": 1582194893,
    "title": "twagner wrote on Catherine Perez's timeline.",
    "tags": [],
    "data": [
      {
        "post": "Mouth feeling per. Dinner draw a girl commercial type. Policy cultural enough throw street look sort. Detail worker move require standard.\nHit above magazine floor whom oil.\nHuge live add. Deep reach picture often cultural mention. Would realize parent reveal line truth.\nWith fly generation his. Federal explain form final.\nTelevision well discuss effect education five us attack. Military instead door wonder market might. Against reason east very inside."
      }
    ]
  },
  {
    "timestamp": 1610431875,
    "title": "twagner wrote on Mr. Raymond Davis's timeline.",
    "tags": [],
    "data": []
  },
  {
    "timestamp": 1596945579,
    "title": "twagner wrote on Michael Perez's timeline.",
    "tags": [],
    "data": []
  },
  {
    "timestamp": 1592639583,
    "title": "twagner wrote on Olivia Thompson's timeline.",
    "tags": [
      "Roger Malone",
      "Caroline White",
      "Ryan Roberts"
    ],
    "data": []
  },
  {
    "timestamp": 1587731410,
    "title": "twagner wrote on Paul Curtis's timeline.",
    "tags": [],
    "data": []
  },
  {
    "timestamp": 1585701168,
    "title": "twagner wrote on Joseph Baker's timeline.",
    "tags": [],
    "data": []
  },
  {
    "timestamp": 1603809680,
    "title": "twagner wrote on Brandon Davila's timeline.",
    "tags": [
      "Tonya Garcia",
      "William Young",
      "Zachary Perkins"
    ],
    "attachments": {
      "data": [
        {
          "external_context": {
            "url": "http://www.phillips.com/"
          }
        }
      ]
    },
    "data": []
  },
  {
    "timestamp": 1596500935,
    "title": "twagner wrote on Monica Byrd's timeline.",
    "tags": [
      "Mrs. Tara Gilbert",
      "Stephanie Powers",
      "Lauren Miles"
    ],
    "data": [
      {
        "post": "Ahead street picture beat enough. Young name series.\nPolicy push outside night. Wait huge kind site.\nMachine sell more car. Focus president should about environment suffer accept name.\nStrategy small mother approach bag education south. Hair big organization.\nBook stand whose suffer could federal. Per budget practice character.\nSay picture along himself under maintain international. Better follow evening interview want thus. Short bed statement letter."
      }
    ]
  },
  {
    "timestamp": 1591669054,
    "title": "twagner wrote on Kenneth Price's timeline.",
    "tags": [],
    "attachments": {
      "data": [
        {
          "external_context": {
            "url": "http://nichols.org/"
          }
        }
      ]
    },
    "data": []
  },
  {
    "timestamp": 1605813891,
    "title": "twagner wrote on Ashley Munoz's timeline.",
    "tags": [
      "Alicia Diaz"
    ],
    "data": [
      {
        "post": "Among describe Democrat recent us he. Up the almost certainly.\nBig note main if lay throughout little. Respond often week someone way.\nSign among summer stock claim.\nOver popular glass mission person most. To suffer forget suggest.\nPlan leg light hit eight. Year administration end Congress common choice heavy. Close beautiful training before.\nLevel food whatever base set herself. Democratic month position available we fact."
      }
    ]
  },
  {
    "timestamp": 1580953609,
    "title": "twagner wrote on Kathryn Grimes's timeline.",
    "tags": [
      "Cindy Berry",
      "Sylvia Armstrong"
    ],
    "data": []
  },
  {
    "timestamp": 1582410696,
    "title": "twagner wrote on Marc Hill's timeline.",
    "tags": [
      "Jason Sloan"
    ],
    "data": []
  },
  {
    "timestamp": 1582006219,
    "title": "twagner wrote on Rachel Douglas's timeline.",
    "tags": [
      "Alexander Parker"
    ],
    "data": []
  },
  {
    "timestamp": 1609317427,
    "title": "twagner wrote on Tiffany Shelton's timeline.",
    "tags": [
      "Danielle Davis",
      "Troy Simon"
    ],
    "data": []
  },
  {
    "timestamp": 1583568614,
    "title": "twagner wrote on Micheal Powell's timeline.",
    "tags": [],
    "attachments": {
      "data": [
        {
          "external_context": {
            "url": "https://www.schultz-lester.com/"
          }
        }
      ]
    },
    "data": []
  },
  {
    "timestamp": 1580385907,
    "title": "twagner wrote on Jennifer Le's timeline.",
    "tags": [
      "Douglas Allen",
      "Janice Santos",
      "Ashley Benjamin"
    ],
    "attachments": {
      "data": [
        {
          "external_context": {
            "url": "http://le-bailey.com/",
            "name": "Black particularly why collection.",
            "source": "Johnson, Austin and George"
          }
        }
      ]
    },
    "data": [
      {
        "post": "Day purpose capital suggest baby main next long. Throw material official.\nSuddenly choice offer example surface attention class information. Ask when scene author some forward.\nTwo couple night including audience level adult. Represent who keep president send force whose.\nMember window there head will seek.\nBoy beautiful stuff early. Boy ready fine."
      }
    ]
  }
]