[
  {
    "timestamp": 1603594808,
    "title": "twagner wrote on Jeffrey Elliott's timeline.",
    "tags": [
      "Martin James"
    ],
    "attachments": {
      "data": [
        {
          "external_context": {
            "url": "http://www.estes-wilson.biz/"
          }
        }
      ]
    },
    "data": []
  },
  {
    "timestamp": 1593156722,
    "title": "twagner wrote on Kayla Montgomery's timeline.",
    "tags": [
      "Kevin Garcia MD",
      "Nicholas Rogers",
      "Shane Chavez"
    ],
    "data": []
  },
  {
    "timestamp": 1601553276,
    "title": "twagner wrote on Carolyn Carpenter's timeline.",
    "tags": [],
    "attachments": {
      "data": [
        {
          "external_context": {
            "url": "https://www.richardson.com/"
          }
        }
      ]
    },
    "data": [
      {
        "post": "Pay assume before woman mention listen. Protect poor few recently shake. Never baby interest do old. Idea page population police seem.\nRisk heavy find clearly something. Gas meeting without direction.\nPart bank walk market. Tell sport to word message only.\nMain us politics citizen start. Follow key time because capital clear law conference. Teach for stay address box here.",
        "update_timestamp": 1606250722
      }
    ]
  },
  {
    "timestamp": 1604750782,
    "title": "twagner wrote on Ronald Cain's timeline.",
    "tags": [
      "Stephanie Ball",
      "Vanessa Rodriguez",
      "Melissa Larson"
    ],
    "data": []
  },
  {
    "timestamp": 1588635025,
    "title": "twagner wrote on Mary Larson's timeline.",
    "tags": [
      "Barbara Rios",
      "Laura Smith",
      "Jonathan Smith"
    ],
    "data": []
  },
  {
    "timestamp": 1590838173,
    "title": "twagner wrote on Katherine Beard's timeline.",
    "tags": [
      "Stephen Castro",
      "Laura Flores",
      "Stephanie Atkins"
    ],
    "attachments": {
      "data": [
        {
          "external_context": {
            "url": "https://white.net/"
          }
        }
      ]
    },
    "data": []
  },
  {
    "timestamp": 1605853664,
    "title": "twagner wrote on Michelle Gonzalez's timeline.",
    "tags": [],
    "data": []
  },
  {
    "timestamp": 1598441060,
    "title": "twagner wrote on Carl Simpson's timeline.",
    "tags": [],
    "data": []
  },
  {
    "timestamp": 1582013131,
    "title": "twagner wrote on Raymond Larson's timeline.",
    "tags": [],
    "data": []
  },
  {
    "timestamp": 1585819531,
    "title": "twagner wrote on David Jordan's timeline.",
    "tags": [],
    "attachments": {
      "data": [
        {
          "external_context": {
            "url": "http://smith-kelly.info/"
          }
        }
      ]
    },
    "data": []
  },
  {
    "timestamp": 1606986741,
    "title": "twagner wrote on Lisa Johnson's timeline.",
    "tags": [
      "Justin Graves",
      "Paula Mullins MD"
    ],
    "data": []
  },
  {
    "timestamp": 1597159693,
    "title": "twagner wrote on David Richard's timeline.",
    "tags": [],
    "data": []
  },
  {
    "timestamp": 1581972424,
    "title": "twagner wrote on Ian Davis's timeline.",
    "tags": [],
    "data": []
  },
  {
    "timestamp": 1600954456,
    "title": "twagner wrote on Frank Burns's timeline.",
    "tags": [],
    "data": []
  },
  {
    "timestamp": 1579064987,
    "title": "twagner wrote on Robert Mayer's timeline.",
    "tags": [
      "Vanessa Diaz",
      "Kayla Williams"
    ],
    "data": []
  },
  {
    "timestamp": 1591344352,
    "title": "twagner wrote on Brandon Peters's timeline.",
    "tags": [
      "Megan Monroe",
      "Vanessa Mclaughlin",
      "Robert Williams"
    ],
    "data": []
  },
  {
    "timestamp": 1579210684,
    "title": "twagner wrote on Tina Wyatt MD's timeline.",
    "tags": [
      "Nicholas Summers",
      "Alexander Gonzales"
    ],
    "attachments": {
      "data": [
        {
          "external_context": {
            "url": "http://crawford.org/"
          }
        }
      ]
    },
    "data": []
  },
  {
    "timestamp": 1598096432,
    "title": "twagner wrote on Christina James's timeline.",
    "tags": [
      "Mark King"
    ],
    "attachments": {
      "data": [
        {
          "external_context": {
            "url": "https://gilmore-howard.com/"
          }
        }
      ]
    },
    "data": []
  },
  {
    "timestamp": 1578026632,
    "title": "twagner wrote on Alex Contreras MD's timeline.",
    "tags": [],
    "attachments": {
      "data": [
        {
          "external_context": {
            "url": "http://www.jones-melton.net/",
            "name": "Information me by family development.",
            "source": "Graves, Oconnor and Bryant"
          }
        }
      ]
    },
    "data": []
  },
  {
    "timestamp": 1595839157,
    "title": "twagner wrote on Jordan Morris's timeline.",
    "tags": [
      "Mitchell Grant"
    ],
    "data": []
  },
  {
    "timestamp": 1603802523,
    "title": "twagner wrote on Jeremy Tran's timeline.",
    "tags": [
      "Sarah Kemp"
    ],
    "data": []
  },
  {
    "timestamp": 1606563638,
    "title": "twagner wrote on Carolyn Norton's timeline.",
    "tags": [],
    "attachments": {
      "data": [
        {
          "external_context": {
            "url": "https://www.haynes.net/",
            "name": "Beautiful scientist big.",
            "source": "Myers-Bernard"
          }
        }
      ]
    },
    "data": [
      {
        "post": "Wrong per appear however. Structure chance some whole. Debate bed box power manage usually.\nActivity agreement strategy ground without cut fight. Child society return whom determine.\nEconomic way drug economy. Adult reason you week live. Sea beautiful name president card play.\nMiddle blood activity someone teach. Prove second fast rich.\nIf weight future use network.\nShe experience image. Computer attorney tonight."
      }
    ]
  },
  {
    "timestamp": 1601700109,
    "title": "twagner wrote on Craig Baldwin's timeline.",
    "tags": [],
    "data": []
  },
  {
    "timestamp": 1590863927,
    "title": "twagner wrote on Victor Nguyen's timeline.",
    "tags": [],
    "attachments": {
      "data": [
        {
          "for_sale_item": {
            "title": "Reverse-engineered contextually-based product",
            "price": "$481",
            "seller": "twagner",
            "created_timestamp": 1592214214,
            "updated_timestamp": 1598389972,
            "category": "Sports & outdoor",
            "marketplace": "you-modern-action",
            "location": {
              "coordinate": {
                "lattitude": "-3.20333",
                "longitude": "-52.20639"
              }
            },
            "description": "Standard sure someone drug south. Road fight member financial. Create significant shoulder organization paper everything old."
          }
        },
        {
          "media": {
            "uri": "https://placeimg.com/383/897/any",
            "creation_timestamp": 1592214214,
            "media_metadata": {
              "upload_ip": "3.91.69.251"
            },
            "title": ""
          }
        },
        {
          "media": {
            "uri": "https://dummyimage.com/261x766",
            "creation_timestamp": 1592214214,
            "media_metadata": {
              "upload_ip": "209.200.49.154"
            },
            "title": ""
          }
        }
      ]
    },
    "data": []
  },
  {
    "timestamp": 1586122236,
    "title": "twagner wrote on Raymond Valentine's timeline.",
    "tags": [
      "Sherry Long",
      "Stacy Williams",
      "Emily Russo"
    ],
    "attachments": {
      "data": [
        {
          "external_context": {
            "url": "https://www.johnson-owen.biz/"
          }
        }
      ]
    },
    "data": []
  },
  {
    "timestamp": 1583170381,
    "title": "twagner wrote on Daniel Martin's timeline.",
    "tags": [],
    "data": []
  },
  {
    "timestamp": 1597665496,
    "title": "twagner wrote on Joseph Neal's timeline.",
    "tags": [
      "Patrick Bryant",
      "Michael Hays",
      "Sandra Davis"
    ],
    "data": []
  },
  {
    "timestamp": 1610380257,
    "title": "twagner wrote on Amanda Rodriguez's timeline.",
    "tags": [
      "Brandon Velazquez",
      "Alfred Knight"
    ],
    "attachments": {
      "data": [
        {
          "external_context": {
            "url": "http://moore.net/"
          }
        }
      ]
    },
    "data": [
      {
        "post": "Early since available we. Year pretty particularly someone past. And attack prove decade side.\nLaugh season area wait her there avoid future. Exist rule box nor art reach budget. South find book data physical.\nWell raise concern collection old feeling magazine. Reflect resource of themselves world. Lose in body experience head wonder."
      }
    ]
  },
  {
    "timestamp": 1600307851,
    "title": "twagner wrote on Sandra Sanchez's timeline.",
    "tags": [
      "Jacob Gonzalez"
    ],
    "data": []
  },
  {
    "timestamp": 1588825041,
    "title": "twagner wrote on Brian Edwards's timeline.",
    "tags": [
      "Donald Wood",
      "Emily Beltran",
      "Cindy Hill"
    ],
    "attachments": {
      "data": [
        {
          "for_sale_item": {
            "title": "Centralized object-oriented success",
            "price": "\u20b4644",
            "seller": "twagner",
            "created_timestamp": 1601558716,
            "updated_timestamp": 1596986548,
            "category": "Sports & outdoor",
            "marketplace": "run-and-story",
            "location": {
              "coordinate": {
                "lattitude": "22.37066",
                "longitude": "114.10479"
              }
            },
            "description": "Follow treatment I develop again fire son. Boy form who successful wall ground measure fine. Rise guess over ground official."
          }
        },
        {
          "media": {
            "uri": "https://placekitten.com/26/162",
            "creation_timestamp": 1601558716,
            "media_metadata": {
              "upload_ip": "56.199.7.122"
            },
            "title": ""
          }
        },
        {
          "media": {
            "uri": "https://www.lorempixel.com/819/1",
            "creation_timestamp": 1601558716,
            "media_metadata": {
              "upload_ip": "139.212.72.251"
            },
            "title": ""
          }
        }
      ]
    },
    "data": []
  },
  {
    "timestamp": 1607082633,
    "title": "twagner wrote on Tracy Page's timeline.",
    "tags": [],
    "attachments": {
      "data": [
        {
          "external_context": {
            "url": "https://www.roberts.com/"
          }
        }
      ]
    },
    "data": []
  },
  {
    "timestamp": 1609875146,
    "title": "twagner wrote on Amy Franklin's timeline.",
    "tags": [
      "Austin Boyle",
      "Todd Reyes",
      "Ronald Hernandez"
    ],
    "data": []
  },
  {
    "timestamp": 1589495455,
    "title": "twagner wrote on Michael Richardson's timeline.",
    "tags": [
      "Maria Rodriguez"
    ],
    "data": []
  },
  {
    "timestamp": 1594718321,
    "title": "twagner wrote on Emily Gonzalez's timeline.",
    "tags": [
      "Nicole Schroeder",
      "Jennifer Cook",
      "Hunter Morgan"
    ],
    "data": []
  },
  {
    "timestamp": 1586052465,
    "title": "twagner wrote on Nicole Willis's timeline.",
    "tags": [
      "Sarah Chase",
      "Jake Ayala",
      "Debra Lawrence"
    ],
    "attachments": {
      "data": [
        {
          "external_context": {
            "url": "http://www.mccoy-clements.com/"
          }
        }
      ]
    },
    "data": []
  },
  {
    "timestamp": 1582773382,
    "title": "twagner wrote on Ashley White's timeline.",
    "tags": [
      "Donna Barber"
    ],
    "data": []
  },
  {
    "timestamp": 1579927727,
    "title": "twagner wrote on Michael White's timeline.",
    "tags": [
      "Gregory Lloyd",
      "Alexandria Wright"
    ],
    "data": []
  },
  {
    "timestamp": 1604145589,
    "title": "twagner wrote on Jason Mccormick's timeline.",
    "tags": [],
    "data": []
  },
  {
    "timestamp": 1586799454,
    "title": "twagner wrote on Nicholas Martin's timeline.",
    "tags": [
      "Derrick Lester",
      "David Williams",
      "Cassandra Montes"
    ],
    "attachments": {
      "data": [
        {
          "external_context": {
            "url": "http://www.gray.com/",
            "name": "With face national single though foot since.",
            "source": "Martinez, Larson and Harris"
          }
        }
      ]
    },
    "data": [
      {
        "post": "Trial opportunity myself recent deal. Final camera rule hope city. Soldier us result career leg would.\nExactly feeling up Mrs. Thus side treat development. Suffer first per fire sing movement appear.\nNot letter tax information.\nEducation seat begin before method daughter. Argue dinner card weight. Imagine phone message each author.\nStudy establish drop rather difficult difficult. Put of debate street company major hold."
      }
    ]
  },
  {
    "timestamp": 1587114241,
    "title": "twagner wrote on Raymond Lambert's timeline.",
    "tags": [
      "Michael George",
      "Caitlin Avila"
    ],
    "attachments": {
      "data": [
        {
          "external_context": {
            "url": "https://www.hughes-carter.com/"
          }
        }
      ]
    },
    "data": []
  },
  {
    "timestamp": 1592183012,
    "title": "twagner wrote on Samantha Patterson's timeline.",
    "tags": [],
    "data": []
  },
  {
    "timestamp": 1589887509,
    "title": "twagner wrote on Leslie Torres's timeline.",
    "tags": [
      "Whitney Brown"
    ],
    "data": []
  },
  {
    "timestamp": 1592267972,
    "title": "twagner wrote on George Johnson's timeline.",
    "tags": [
      "Kayla Taylor",
      "Scott Lynch",
      "Marcia Williams"
    ],
    "attachments": {
      "data": [
        {
          "external_context": {
            "url": "http://www.mays-harris.info/"
          }
        }
      ]
    },
    "data": []
  },
  {
    "timestamp": 1600811186,
    "title": "twagner wrote on Jesse Ferguson's timeline.",
    "tags": [],
    "attachments": {
      "data": [
        {
          "external_context": {
            "url": "https://www.howard-turner.net/"
          }
        }
      ]
    },
    "data": []
  },
  {
    "timestamp": 1589345839,
    "title": "twagner wrote on Barbara Johnson's timeline.",
    "tags": [
      "Stephanie Mejia"
    ],
    "attachments": {
      "data": [
        {
          "external_context": {
            "url": "https://www.gallegos.info/"
          }
        }
      ]
    },
    "data": [
      {
        "post": "Read effort kid how state game. Stay how group way. Interest prevent guess science draw science. Light happen without company thing and street.\nStandard couple others you. Support against beyond.\nStyle morning social future success. Now week in here teach perhaps seem husband.\nLeft seem before particular understand by.\nWorker five wait use enter common. Design data truth successful. Increase money risk worry material fly nice."
      }
    ]
  },
  {
    "timestamp": 1581574154,
    "title": "twagner wrote on Mercedes Burke's timeline.",
    "tags": [],
    "data": []
  },
  {
    "timestamp": 1584879381,
    "title": "twagner wrote on James Townsend's timeline.",
    "tags": [
      "Gerald Hughes",
      "Eric Campbell",
      "Jessica Davis"
    ],
    "attachments": {
      "data": [
        {
          "external_context": {
            "url": "https://www.smith-watson.info/"
          }
        }
      ]
    },
    "data": [
      {
        "post": "Various her onto itself read matter. List return life member meeting smile coach.\nFast medical technology indeed someone travel. Else hotel herself born lay make. Lead yet bar movement break difficult.\nOther model fall. Officer let dinner later audience.\nMr trade meeting reality. Pressure democratic use card good discuss grow.\nPartner door investment window. Pull give opportunity say full difficult capital produce."
      }
    ]
  },
  {
    "timestamp": 1597256072,
    "title": "twagner wrote on Thomas Foster's timeline.",
    "tags": [],
    "data": []
  },
  {
    "timestamp": 1585551567,
    "title": "twagner wrote on Michael Ortega's timeline.",
    "tags": [
      "Anna Salazar",
      "Aaron Arnold",
      "Jeffery Rhodes"
    ],
    "data": []
  },
  {
    "timestamp": 1592633861,
    "title": "twagner wrote on Janet Collins's timeline.",
    "tags": [
      "Billy Young",
      "Bryan Keller",
      "Brian Gentry"
    ],
    "attachments": {
      "data": [
        {
          "external_context": {
            "url": "https://www.stevens.info/"
          }
        }
      ]
    },
    "data": [
      {
        "post": "Total laugh ok create. Billion discuss red set. Economy decide reality give bad add.\nLearn walk present cut against. Truth loss from I matter lose.\nWay establish more family change. Now significant begin there watch reality box. Event law live.\nYoung suffer chance determine. Whether common hair.\nArticle name small grow tree citizen compare. School bag report total. Still interest enter than station society evening. Talk every out left."
      }
    ]
  },
  {
    "timestamp": 1596282783,
    "title": "twagner wrote on Robert Jackson's timeline.",
    "tags": [
      "Collin Cabrera",
      "Jeanette Noble",
      "Laurie Sawyer"
    ],
    "attachments": {
      "data": [
        {
          "for_sale_item": {
            "title": "Total optimal ability",
            "price": "$424",
            "seller": "twagner",
            "created_timestamp": 1594360748,
            "updated_timestamp": 1597997826,
            "category": "Electronics",
            "marketplace": "one-local-nature",
            "location": {
              "coordinate": {
                "lattitude": "36.65",
                "longitude": "138.31667"
              }
            },
            "description": "Open civil apply morning own good. Suddenly job reduce matter discuss."
          }
        },
        {
          "media": {
            "uri": "https://placeimg.com/852/656/any",
            "creation_timestamp": 1594360748,
            "media_metadata": {
              "upload_ip": "135.20.64.215"
            },
            "title": ""
          }
        },
        {
          "media": {
            "uri": "https://dummyimage.com/660x477",
            "creation_timestamp": 1594360748,
            "media_metadata": {
              "upload_ip": "189.204.72.167"
            },
            "title": ""
          }
        }
      ]
    },
    "data": []
  },
  {
    "timestamp": 1601684150,
    "title": "twagner wrote on Adam Martinez's timeline.",
    "tags": [
      "Mary Goodman",
      "Adam Williams"
    ],
    "data": []
  },
  {
    "timestamp": 1584214330,
    "title": "twagner wrote on Nicole Wilson's timeline.",
    "tags": [
      "William Gilbert",
      "Justin Oliver"
    ],
    "data": []
  },
  {
    "timestamp": 1592458527,
    "title": "twagner wrote on Mario Carrillo's timeline.",
    "tags": [
      "Kurt Carr",
      "Patricia Gray"
    ],
    "data": []
  },
  {
    "timestamp": 1590209048,
    "title": "twagner wrote on Jennifer Wallace's timeline.",
    "tags": [
      "Tracy Esparza",
      "Tracy Hobbs",
      "Nichole Solomon"
    ],
    "attachments": {
      "data": [
        {
          "for_sale_item": {
            "title": "Cross-platform optimal firmware",
            "price": "\u00a3775",
            "seller": "twagner",
            "created_timestamp": 1588826784,
            "updated_timestamp": 1582739432,
            "category": "Electronics",
            "marketplace": "because-instead-old",
            "location": {
              "coordinate": {
                "lattitude": "25.75728",
                "longitude": "75.37991"
              }
            },
            "description": "Political build current beautiful guy affect. Western stock do message will. Interview market fund."
          }
        },
        {
          "media": {
            "uri": "https://placeimg.com/477/497/any",
            "creation_timestamp": 1588826784,
            "media_metadata": {
              "upload_ip": "44.9.25.63"
            },
            "title": ""
          }
        },
        {
          "media": {
            "uri": "https://dummyimage.com/194x174",
            "creation_timestamp": 1588826784,
            "media_metadata": {
              "upload_ip": "187.117.249.110"
            },
            "title": ""
          }
        }
      ]
    },
    "data": []
  },
  {
    "timestamp": 1607090631,
    "title": "twagner wrote on Benjamin Bailey's timeline.",
    "tags": [
      "Bianca Young",
      "Mario Burke"
    ],
    "attachments": {
      "data": [
        {
          "external_context": {
            "url": "https://odom-werner.info/"
          }
        }
      ]
    },
    "data": []
  },
  {
    "timestamp": 1591110726,
    "title": "twagner wrote on Kathleen Smith's timeline.",
    "tags": [
      "William Mejia",
      "Jennifer Brown",
      "Samuel Kelly"
    ],
    "attachments": {
      "data": [
        {
          "external_context": {
            "url": "http://www.noble-morton.org/"
          }
        }
      ]
    },
    "data": [
      {
        "post": "Author newspaper subject here probably plant. Economic could budget clearly water raise.\nRoom budget drop campaign support including rate. Too billion fine debate.\nFine very activity town quickly idea call group. Indicate fly meeting computer attorney mean clear play. Debate spend speak challenge catch sea. War require various would purpose little better.\nEffort finally growth national. Radio look car possible rich effect. Alone specific leader significant my."
      }
    ]
  },
  {
    "timestamp": 1586945912,
    "title": "twagner wrote on Joseph Rivera's timeline.",
    "tags": [
      "James Schmidt",
      "Benjamin Smith"
    ],
    "attachments": {
      "data": [
        {
          "external_context": {
            "url": "http://tran.com/"
          }
        }
      ]
    },
    "data": []
  },
  {
    "timestamp": 1596566399,
    "title": "twagner wrote on Joseph Jones's timeline.",
    "tags": [],
    "attachments": {
      "data": [
        {
          "for_sale_item": {
            "title": "Centralized fresh-thinking synergy",
            "price": "$483",
            "seller": "twagner",
            "created_timestamp": 1610656133,
            "updated_timestamp": 1602931084,
            "category": "Health & Lifestyle",
            "marketplace": "few-far-meet-fly",
            "location": {
              "coordinate": {
                "lattitude": "7.6",
                "longitude": "4.18333"
              }
            },
            "description": "Kid friend past so. Use quickly course method form anyone floor. Us serious floor democratic compare manage."
          }
        },
        {
          "media": {
            "uri": "https://dummyimage.com/814x688",
            "creation_timestamp": 1610656133,
            "media_metadata": {
              "upload_ip": "35.99.158.55"
            },
            "title": ""
          }
        },
        {
          "media": {
            "uri": "https://www.lorempixel.com/294/803",
            "creation_timestamp": 1610656133,
            "media_metadata": {
              "upload_ip": "120.116.155.165"
            },
            "title": ""
          }
        }
      ]
    },
    "data": [
      {
        "post": "Sport large present race good against perhaps despite. Discuss become across parent. Student board writer break edge other measure response.\nServe theory respond enough team artist. Later different how work summer finish. Them though star well organization involve should.\nQuite customer think even good. Prepare both war age to the today. Enter low cold station state yes.\nPass address politics story pick. Imagine spring exist necessary Mrs agent."
      }
    ]
  },
  {
    "timestamp": 1609910555,
    "title": "twagner wrote on Jennifer Baker's timeline.",
    "tags": [
      "Scott Johnson"
    ],
    "attachments": {
      "data": [
        {
          "external_context": {
            "url": "https://www.peck.com/",
            "name": "Process reflect above fact score approach.",
            "source": "Nicholson Group"
          }
        }
      ]
    },
    "data": [
      {
        "post": "Person skill father moment decade. Product discover employee network.\nOwn poor prepare according and manager whose. Election on bag dinner huge five past least.\nStay two off finish thousand treatment mother.\nJoin material important change plant that scene. Organization herself sense ten year fast agree.\nChurch training how. Among without black never heart treat with. Interview white appear marriage nature five similar window."
      }
    ]
  },
  {
    "timestamp": 1585610318,
    "title": "twagner wrote on Ryan Scott's timeline.",
    "tags": [
      "Jimmy Fisher",
      "Michael Lewis",
      "Steven Moore"
    ],
    "data": []
  },
  {
    "timestamp": 1589049573,
    "title": "twagner wrote on Marie Lamb's timeline.",
    "tags": [
      "Michael Hernandez",
      "Sheila Caldwell",
      "Carolyn Orozco"
    ],
    "attachments": {
      "data": [
        {
          "external_context": {
            "url": "http://www.johnson.com/"
          }
        }
      ]
    },
    "data": []
  },
  {
    "timestamp": 1581592611,
    "title": "twagner wrote on Angelica Cannon's timeline.",
    "tags": [
      "Andrea Chapman",
      "Robin Ortega"
    ],
    "data": []
  },
  {
    "timestamp": 1580732874,
    "title": "twagner wrote on Tara Hernandez's timeline.",
    "tags": [
      "Daniel Duncan",
      "Justin Hernandez"
    ],
    "data": []
  },
  {
    "timestamp": 1595448303,
    "title": "twagner wrote on Harold Scott's timeline.",
    "tags": [
      "Nathaniel Snyder",
      "Derek Parker",
      "Joe Leonard"
    ],
    "data": []
  },
  {
    "timestamp": 1578061088,
    "title": "twagner wrote on Scott Shelton's timeline.",
    "tags": [
      "Amber Yang"
    ],
    "data": []
  },
  {
    "timestamp": 1605229145,
    "title": "twagner wrote on David Mueller's timeline.",
    "tags": [
      "Christopher Wood",
      "Joel Richards"
    ],
    "attachments": {
      "data": [
        {
          "external_context": {
            "url": "https://www.vasquez.com/",
            "name": "Film certain interesting door call.",
            "source": "Miller-Higgins"
          }
        }
      ]
    },
    "data": []
  },
  {
    "timestamp": 1607798296,
    "title": "twagner wrote on Ryan Meyers's timeline.",
    "tags": [
      "Mr. George Wright"
    ],
    "data": []
  },
  {
    "timestamp": 1609243086,
    "title": "twagner wrote on Gina Roberts's timeline.",
    "tags": [],
    "data": [
      {
        "post": "Discussion attorney long. Of green audience threat present. Couple yard model.\nFamily put race.\nVote simply ask sense. Week man old trouble. Size plant truth conference artist various moment.\nCreate single imagine head number public sometimes federal. Consider treat newspaper report really life stop.\nRest discuss rule hope. Agree anyone per different enough try role.\nCentury recognize ok size within detail. Dog body discover item happen whom. Color never image deal policy."
      }
    ]
  },
  {
    "timestamp": 1604540469,
    "title": "twagner wrote on James Martinez's timeline.",
    "tags": [
      "Jennifer Smith",
      "Kelsey Krueger",
      "Samantha Alvarado"
    ],
    "data": []
  },
  {
    "timestamp": 1606826326,
    "title": "twagner wrote on Mrs. Suzanne Munoz's timeline.",
    "tags": [
      "Jonathan Brady",
      "Cynthia Reed",
      "Jeffery Gonzales"
    ],
    "attachments": {
      "data": [
        {
          "external_context": {
            "url": "https://www.thomas.info/",
            "name": "Record meet middle kitchen.",
            "source": "Jones, Krause and Miller"
          }
        }
      ]
    },
    "data": [
      {
        "post": "Enough base stay wear should never report. Teach hit project perform society different significant.\nExecutive lawyer account person theory. Measure prepare rate front.\nTend clear language range staff performance identify. Most least model. Blood nation air be level.\nPage story exist car. Animal draw room often nation unit."
      }
    ]
  },
  {
    "timestamp": 1578629893,
    "title": "twagner wrote on Jacob Johnson's timeline.",
    "tags": [
      "Ashley Blair"
    ],
    "data": []
  },
  {
    "timestamp": 1583505663,
    "title": "twagner wrote on Amanda Reeves's timeline.",
    "tags": [
      "Chad Roman",
      "Kristi Hernandez",
      "Melinda Rogers"
    ],
    "attachments": {
      "data": [
        {
          "external_context": {
            "url": "http://smith.net/"
          }
        }
      ]
    },
    "data": []
  },
  {
    "timestamp": 1583458997,
    "title": "twagner wrote on Brandon Hahn's timeline.",
    "tags": [],
    "data": []
  },
  {
    "timestamp": 1592432571,
    "title": "twagner wrote on Kelly Nguyen's timeline.",
    "tags": [
      "Andrew Clark"
    ],
    "attachments": {
      "data": [
        {
          "external_context": {
            "url": "http://www.perry.com/"
          }
        }
      ]
    },
    "data": []
  },
  {
    "timestamp": 1603308004,
    "title": "twagner wrote on Melissa Nelson's timeline.",
    "tags": [
      "Joshua Smith",
      "Jonathan Evans",
      "Melissa Dodson"
    ],
    "data": [
      {
        "post": "Either management onto learn machine total learn discussion.\nMission loss assume after popular summer. First politics political Mrs community marriage. Wide tend financial until must former discover.\nRead why total check dream data. Cut population the organization enter. Various check choose adult return trouble common."
      }
    ]
  },
  {
    "timestamp": 1585460400,
    "title": "twagner wrote on Dana Simmons DDS's timeline.",
    "tags": [
      "Olivia Williams",
      "Daniel Clark"
    ],
    "data": []
  },
  {
    "timestamp": 1597277143,
    "title": "twagner wrote on Benjamin Potter's timeline.",
    "tags": [
      "Christine Moreno",
      "Kelly Robertson",
      "Clayton Ballard"
    ],
    "attachments": {
      "data": [
        {
          "external_context": {
            "url": "https://stout.net/"
          }
        }
      ]
    },
    "data": []
  },
  {
    "timestamp": 1602614620,
    "title": "twagner wrote on Juan Mullins's timeline.",
    "tags": [
      "Linda Prince"
    ],
    "data": []
  },
  {
    "timestamp": 1593082899,
    "title": "twagner wrote on Michelle Reese's timeline.",
    "tags": [
      "Earl Bowman",
      "Sarah Rivera",
      "Ashley Rivera"
    ],
    "data": []
  },
  {
    "timestamp": 1588256112,
    "title": "twagner wrote on Patrick Haynes's timeline.",
    "tags": [
      "Dana Mullins"
    ],
    "attachments": {
      "data": [
        {
          "for_sale_item": {
            "title": "Realigned object-oriented groupware",
            "price": "\u20a6642",
            "seller": "twagner",
            "created_timestamp": 1605150149,
            "updated_timestamp": 1606073753,
            "category": "Sports & outdoor",
            "marketplace": "every-left-field",
            "location": {
              "coordinate": {
                "lattitude": "40.93121",
                "longitude": "-73.89875"
              }
            },
            "description": "Newspaper commercial grow start interview term brother. Occur actually when control."
          }
        },
        {
          "media": {
            "uri": "https://www.lorempixel.com/292/646",
            "creation_timestamp": 1605150149,
            "media_metadata": {
              "upload_ip": "104.98.46.84"
            },
            "title": ""
          }
        },
        {
          "media": {
            "uri": "https://placeimg.com/535/574/any",
            "creation_timestamp": 1605150149,
            "media_metadata": {
              "upload_ip": "192.89.176.198"
            },
            "title": ""
          }
        }
      ]
    },
    "data": []
  },
  {
    "timestamp": 1598678248,
    "title": "twagner wrote on Jessica Stein's timeline.",
    "tags": [
      "Kyle Mercer"
    ],
    "data": []
  },
  {
    "timestamp": 1605656495,
    "title": "twagner wrote on Charles Hanna's timeline.",
    "tags": [
      "Briana Bridges",
      "James Jones",
      "Mary Woods"
    ],
    "attachments": {
      "data": [
        {
          "external_context": {
            "url": "https://www.lyons.com/"
          }
        }
      ]
    },
    "data": []
  },
  {
    "timestamp": 1592786911,
    "title": "twagner wrote on Colleen Harris's timeline.",
    "tags": [
      "Rebecca Lopez"
    ],
    "attachments": {
      "data": [
        {
          "external_context": {
            "url": "https://king-huffman.com/"
          }
        }
      ]
    },
    "data": []
  },
  {
    "timestamp": 1603148464,
    "title": "twagner wrote on Erin Graves's timeline.",
    "tags": [
      "Alexis Richardson"
    ],
    "data": []
  },
  {
    "timestamp": 1580369816,
    "title": "twagner wrote on Luke Thompson's timeline.",
    "tags": [
      "Mary Davidson",
      "Michael Murphy"
    ],
    "attachments": {
      "data": [
        {
          "external_context": {
            "url": "http://jones.com/",
            "name": "Fish member must author camera.",
            "source": "Carney PLC"
          }
        }
      ]
    },
    "data": []
  },
  {
    "timestamp": 1605190418,
    "title": "twagner wrote on Kurt Robertson's timeline.",
    "tags": [],
    "attachments": {
      "data": [
        {
          "external_context": {
            "url": "http://medina.com/"
          }
        }
      ]
    },
    "data": []
  },
  {
    "timestamp": 1610457760,
    "title": "twagner wrote on Frank Vargas's timeline.",
    "tags": [
      "Stephen Garrett"
    ],
    "data": []
  },
  {
    "timestamp": 1596214662,
    "title": "twagner wrote on Kayla Roberts's timeline.",
    "tags": [],
    "attachments": {
      "data": [
        {
          "for_sale_item": {
            "title": "Business-focused real-time leverage",
            "price": "$658",
            "seller": "twagner",
            "created_timestamp": 1596446066,
            "updated_timestamp": 1604145527,
            "category": "Electronics",
            "marketplace": "trip-group-anyone",
            "location": {
              "coordinate": {
                "lattitude": "2.2139",
                "longitude": "102.3278"
              }
            },
            "description": "Look they official. His down hit safe success clearly according. Couple gun relationship develop charge sell."
          }
        },
        {
          "media": {
            "uri": "https://dummyimage.com/25x929",
            "creation_timestamp": 1596446066,
            "media_metadata": {
              "upload_ip": "43.58.61.96"
            },
            "title": ""
          }
        }
      ]
    },
    "data": [
      {
        "post": "Herself foreign tough measure water vote time. Whom company interview land say single check.\nWriter seem see central at. Compare may decision grow consider together five. Occur describe positive will while boy left time. Smile everybody defense worry stand perhaps glass.\nDemocrat certainly party nature. National leg key test information.\nBlack charge upon toward. Enter result lay remember simple term start."
      }
    ]
  },
  {
    "timestamp": 1590665032,
    "title": "twagner wrote on Karen Romero's timeline.",
    "tags": [
      "Justin Contreras"
    ],
    "attachments": {
      "data": [
        {
          "external_context": {
            "url": "http://bowen.net/"
          }
        }
      ]
    },
    "data": []
  },
  {
    "timestamp": 1606714984,
    "title": "twagner wrote on Shawn Deleon's timeline.",
    "tags": [],
    "data": []
  },
  {
    "timestamp": 1581581001,
    "title": "twagner wrote on Tara Villegas DDS's timeline.",
    "tags": [],
    "attachments": {
      "data": [
        {
          "external_context": {
            "url": "http://www.liu.net/"
          }
        }
      ]
    },
    "data": []
  },
  {
    "timestamp": 1584364834,
    "title": "twagner wrote on Debra Cole's timeline.",
    "tags": [],
    "data": []
  },
  {
    "timestamp": 1592878614,
    "title": "twagner wrote on Deanna Sosa's timeline.",
    "tags": [
      "Robert Brown"
    ],
    "data": []
  },
  {
    "timestamp": 1579729387,
    "title": "twagner wrote on Timothy Hanson's timeline.",
    "tags": [
      "Ryan Bush",
      "Rachael White"
    ],
    "attachments": {
      "data": [
        {
          "external_context": {
            "url": "https://jensen-carroll.com/"
          }
        }
      ]
    },
    "data": []
  },
  {
    "timestamp": 1592236597,
    "title": "twagner wrote on Emily Williams's timeline.",
    "tags": [
      "Amy Spencer DVM"
    ],
    "attachments": {
      "data": [
        {
          "external_context": {
            "url": "http://www.nunez.org/",
            "name": "Level stand write garden.",
            "source": "Villarreal Inc"
          }
        }
      ]
    },
    "data": []
  },
  {
    "timestamp": 1602869532,
    "title": "twagner wrote on Matthew Price's timeline.",
    "tags": [
      "Robert Newman"
    ],
    "data": []
  },
  {
    "timestamp": 1586755653,
    "title": "twagner wrote on Kelly Frank's timeline.",
    "tags": [
      "Janet Barton",
      "Linda Foster",
      "Matthew Hull"
    ],
    "attachments": {
      "data": [
        {
          "for_sale_item": {
            "title": "Automated zero-defect contingency",
            "price": "$700",
            "seller": "twagner",
            "created_timestamp": 1591102614,
            "updated_timestamp": 1578491476,
            "category": "Sports & outdoor",
            "marketplace": "order-capital",
            "location": {
              "coordinate": {
                "lattitude": "16.75973",
                "longitude": "-93.11308"
              }
            },
            "description": "Alone home particularly marriage become. Care short inside within well middle summer. Same about take."
          }
        },
        {
          "media": {
            "uri": "https://placekitten.com/351/61",
            "creation_timestamp": 1591102614,
            "media_metadata": {
              "upload_ip": "222.220.92.199"
            },
            "title": ""
          }
        }
      ]
    },
    "data": []
  },
  {
    "timestamp": 1581274875,
    "title": "twagner wrote on Margaret Garcia's timeline.",
    "tags": [
      "Jennifer Mclaughlin"
    ],
    "data": []
  },
  {
    "timestamp": 1579549342,
    "title": "twagner wrote on Robert Leonard's timeline.",
    "tags": [
      "Amy Moore",
      "Bonnie Berry"
    ],
    "data": [
      {
        "post": "Cover find age because final compare itself. Letter unit world why space. Rise team sure arm western.\nSuch beat field new teacher war. Material too sort risk administration just.\nMake meeting church. Want age agency move wear magazine adult structure. System only soldier.\nCollege herself admit project federal loss phone. Yard international so explain pay now senior job. Contain authority idea rather big wish. Management player level prove four."
      }
    ]
  }
]