{"page_likes": [{"name": "Wood, Miller and Perez", "timestamp": 1590076866}, {"name": "Allen, Nelson and Chan", "timestamp": 1595454149}, {"name": "Cruz-White", "timestamp": 1602229519}, {"name": "Freeman, Rivera and Estrada", "timestamp": 1589068133}, {"name": "Evans, Fisher and Montgomery", "timestamp": 1584076036}, {"name": "Thomas PLC", "timestamp": 1598879664}, {"name": "Johnston, English and Gates", "timestamp": 1593318467}, {"name": "Mendoza, Crosby and Wright", "timestamp": 1585308056}, {"name": "Cooper, Dawson and Brooks", "timestamp": 1588433018}, {"name": "Ross-Green", "timestamp": 1582198661}, {"name": "Price-Wilson", "timestamp": 1600582777}, {"name": "Hart, Fuentes and Becker", "timestamp": 1596020836}, {"name": "Estrada Inc", "timestamp": 1580358230}, {"name": "Richardson-Skinner", "timestamp": 1606216053}, {"name": "Daniel, Wright and Johnson", "timestamp": 1597189696}, {"name": "Garcia-Wilson", "timestamp": 1589699203}, {"name": "Reyes LLC", "timestamp": 1581031090}, {"name": "Leach, King and Lopez", "timestamp": 1600719369}, {"name": "Jenkins-Carr", "timestamp": 1581193915}, {"name": "Perez PLC", "timestamp": 1597161199}]}