{"reactions": [{"timestamp": 1587208682, "data": [{"reaction": {"reaction": "LIKE", "actor": "tyler73"}}], "title": "tyler73 likes Kathryn Jackson's post."}, {"timestamp": 1583311542, "data": [{"reaction": {"reaction": "LIKE", "actor": "tyler73"}}], "title": "tyler73 likes Stephen Jones DDS's post."}, {"timestamp": 1607775733, "data": [{"reaction": {"reaction": "LIKE", "actor": "tyler73"}}], "title": "tyler73 likes Jessica Luna's post."}, {"timestamp": 1598363939, "data": [{"reaction": {"reaction": "LIKE", "actor": "tyler73"}}], "title": "tyler73 likes Madison Hudson's post."}, {"timestamp": 1592515678, "data": [{"reaction": {"reaction": "LIKE", "actor": "tyler73"}}], "title": "tyler73 likes Teresa Morgan's post."}, {"timestamp": 1584155045, "data": [{"reaction": {"reaction": "LIKE", "actor": "tyler73"}}], "title": "tyler73 likes George Lee's post."}, {"timestamp": 1594539407, "data": [{"reaction": {"reaction": "LIKE", "actor": "tyler73"}}], "title": "tyler73 likes John Newman's post."}, {"timestamp": 1600777003, "data": [{"reaction": {"reaction": "LOVE", "actor": "tyler73"}}], "title": "tyler73 likes Sara Williams's post."}, {"timestamp": 1578483690, "data": [{"reaction": {"reaction": "LIKE", "actor": "tyler73"}}], "title": "tyler73 likes Jaime Parker's post."}, {"timestamp": 1579059137, "data": [{"reaction": {"reaction": "LOVE", "actor": "tyler73"}}], "title": "tyler73 likes Paul Clayton's post."}, {"timestamp": 1597368955, "data": [{"reaction": {"reaction": "LIKE", "actor": "tyler73"}}], "title": "tyler73 likes Jonathan Joyce's post."}, {"timestamp": 1600021902, "data": [{"reaction": {"reaction": "LOVE", "actor": "tyler73"}}], "title": "tyler73 likes Angela Duran's post."}, {"timestamp": 1597845160, "data": [{"reaction": {"reaction": "LIKE", "actor": "tyler73"}}], "title": "tyler73 likes David Martin's post."}, {"timestamp": 1602539270, "data": [{"reaction": {"reaction": "LIKE", "actor": "tyler73"}}], "title": "tyler73 likes Janet Ballard's post."}, {"timestamp": 1591110516, "data": [{"reaction": {"reaction": "LIKE", "actor": "tyler73"}}], "title": "tyler73 likes John Jordan's post."}, {"timestamp": 1592384947, "data": [{"reaction": {"reaction": "LIKE", "actor": "tyler73"}}], "title": "tyler73 likes Paul Rodriguez's post."}, {"timestamp": 1597419690, "data": [{"reaction": {"reaction": "LOVE", "actor": "tyler73"}}], "title": "tyler73 likes Theodore Graves's post."}, {"timestamp": 1606536105, "data": [{"reaction": {"reaction": "LIKE", "actor": "tyler73"}}], "title": "tyler73 likes Cynthia Zimmerman's post."}, {"timestamp": 1600796592, "data": [{"reaction": {"reaction": "LIKE", "actor": "tyler73"}}], "title": "tyler73 likes Timothy Kirk's post."}, {"timestamp": 1588435676, "data": [{"reaction": {"reaction": "LIKE", "actor": "tyler73"}}], "title": "tyler73 likes Shawn Mcneil's post."}]}