{
  "comments_v2": [
    {
      "timestamp": 1617835879,
      "title": "charlesthompson replied to Carlos Flores's comment."
    },
    {
      "timestamp": 1582434363,
      "title": "charlesthompson commented on Darlene Stone's video."
    },
    {
      "timestamp": 1606269634,
      "title": "charlesthompson commented on Shirley Thomas's video."
    },
    {
      "timestamp": 1616654133,
      "title": "charlesthompson commented on Ryan Griffin's photo."
    },
    {
      "timestamp": 1611600389,
      "title": "charlesthompson commented on Mrs. Rebecca Cooper's video.",
      "attachments": [
        {
          "data": [
            {
              "external_context": {
                "url": "http://thomas.com/"
              },
              "media": {
                "uri": "https://www.lorempixel.com/388/8"
              }
            }
          ]
        }
      ]
    },
    {
      "timestamp": 1616550165,
      "title": "charlesthompson commented on Stephen Williamson's photo."
    },
    {
      "timestamp": 1601694457,
      "title": "charlesthompson commented on Yolanda Smith's photo."
    },
    {
      "timestamp": 1622013547,
      "title": "charlesthompson commented on Lindsay Ponce's photo.",
      "attachments": [
        {
          "data": [
            {
              "external_context": {
                "url": "https://salazar-davies.com/"
              },
              "media": {
                "uri": "https://dummyimage.com/879x639"
              }
            }
          ]
        }
      ]
    },
    {
      "timestamp": 1617287030,
      "title": "charlesthompson commented on Michelle Santiago's post.",
      "attachments": [
        {
          "data": [
            {
              "external_context": {
                "url": "https://www.melton.com/"
              },
              "media": {
                "uri": "https://placekitten.com/265/684"
              }
            }
          ]
        }
      ],
      "data": [
        {
          "comment": {
            "timestamp": 1621949873,
            "comment": "Source the coach weight. Against executive meet pay. Example politics international call show result.",
            "author": "charlesthompson",
            "group": "White-Garcia"
          }
        }
      ]
    },
    {
      "timestamp": 1611982258,
      "title": "charlesthompson commented on Martin Price's photo.",
      "data": [
        {
          "comment": {
            "timestamp": 1596824052,
            "comment": "Allow behind our keep artist say. Commercial fill itself happen. Inside population show center worker indeed.",
            "author": "charlesthompson",
            "group": "Martinez-Price"
          }
        }
      ]
    },
    {
      "timestamp": 1609365009,
      "title": "charlesthompson commented on Norma Garrison's photo.",
      "attachments": [
        {
          "data": [
            {
              "external_context": {
                "url": "https://lopez-mccormick.com/"
              },
              "media": {
                "uri": "https://dummyimage.com/564x66"
              }
            }
          ]
        }
      ]
    },
    {
      "timestamp": 1600490623,
      "title": "charlesthompson commented on Jennifer Johnson's photo."
    },
    {
      "timestamp": 1611592845,
      "title": "charlesthompson commented on Elizabeth Jones's post."
    },
    {
      "timestamp": 1612195781,
      "title": "charlesthompson commented on her own post."
    },
    {
      "timestamp": 1604192078,
      "title": "charlesthompson replied to Sandra Payne's comment.",
      "data": [
        {
          "comment": {
            "timestamp": 1578095599,
            "comment": "Feeling ask course member.\nMain season picture. Card less buy live. Center instead vote report situation half campaign.\nEasy always fight house. Difficult step idea remain must.",
            "author": "charlesthompson",
            "group": "Medina Inc"
          }
        }
      ]
    },
    {
      "timestamp": 1621268190,
      "title": "charlesthompson commented on her own post."
    },
    {
      "timestamp": 1604629234,
      "title": "charlesthompson commented on her own post.",
      "data": [
        {
          "comment": {
            "timestamp": 1616625852,
            "comment": "Responsibility general officer appear foot pass near. Window exactly successful push. Establish that occur family image.",
            "author": "charlesthompson",
            "group": "Hunter, Nelson and Mendoza"
          }
        }
      ]
    },
    {
      "timestamp": 1583923974,
      "title": "charlesthompson commented on Benjamin Sharp's video.",
      "data": [
        {
          "comment": {
            "timestamp": 1614568016,
            "comment": "Still PM music I before her sing green. Sound religious them own mission black similar. Friend place over knowledge offer summer civil. Administration keep easy parent.",
            "author": "charlesthompson",
            "group": "Owens and Sons"
          }
        }
      ]
    },
    {
      "timestamp": 1600803017,
      "title": "charlesthompson commented on Kevin Martinez's photo.",
      "attachments": [
        {
          "data": [
            {
              "external_context": {
                "url": "https://long.com/"
              },
              "media": {
                "uri": "https://placeimg.com/842/792/any"
              }
            }
          ]
        }
      ],
      "data": [
        {
          "comment": {
            "timestamp": 1579146619,
            "comment": "Maintain room material. Best inside poor life.\nTrip several administration right entire. Save offer market small partner. Reason leg garden business.",
            "author": "charlesthompson",
            "group": "Cohen-Bailey"
          }
        }
      ]
    },
    {
      "timestamp": 1609555459,
      "title": "charlesthompson replied to Kayla Allen's comment.",
      "attachments": [
        {
          "data": [
            {
              "external_context": {
                "url": "http://www.matthews-lawson.info/"
              },
              "media": {
                "uri": "https://placekitten.com/365/91"
              }
            }
          ]
        }
      ]
    },
    {
      "timestamp": 1589101449,
      "title": "charlesthompson commented on Brenda Nelson's photo.",
      "attachments": [
        {
          "data": [
            {
              "external_context": {
                "url": "http://www.anderson.com/"
              },
              "media": {
                "uri": "https://placeimg.com/888/998/any"
              }
            }
          ]
        }
      ],
      "data": [
        {
          "comment": {
            "timestamp": 1620577540,
            "comment": "Low small pressure send fly candidate. Him similar customer ever.\nEspecially floor nature dog. Decide task administration mouth without. Direction company claim design music.",
            "author": "charlesthompson",
            "group": "Bradley PLC"
          }
        }
      ]
    },
    {
      "timestamp": 1602039933,
      "title": "charlesthompson replied to Kenneth Patrick's comment."
    },
    {
      "timestamp": 1613168424,
      "title": "charlesthompson commented on Janice Mendoza's post.",
      "data": [
        {
          "comment": {
            "timestamp": 1616609859,
            "comment": "Family life third enter entire that produce. Themselves method off data season cell. Ability the soldier work brother. Feeling myself important guy.",
            "author": "charlesthompson",
            "group": "Fernandez Inc"
          }
        }
      ]
    },
    {
      "timestamp": 1614909628,
      "title": "charlesthompson commented on Emily White's video.",
      "data": [
        {
          "comment": {
            "timestamp": 1601314337,
            "comment": "Begin boy five pull she contain whatever.\nAround board during address name. Management site best about stock.",
            "author": "charlesthompson",
            "group": "Hill-Serrano"
          }
        }
      ]
    },
    {
      "timestamp": 1596582249,
      "title": "charlesthompson commented on Robert Hall's photo.",
      "attachments": [
        {
          "data": [
            {
              "external_context": {
                "url": "http://barker.org/"
              },
              "media": {
                "uri": "https://www.lorempixel.com/360/61"
              }
            }
          ]
        }
      ]
    },
    {
      "timestamp": 1607517774,
      "title": "charlesthompson commented on Adam Hernandez's photo.",
      "attachments": [
        {
          "data": [
            {
              "external_context": {
                "url": "https://www.myers.com/"
              },
              "media": {
                "uri": "https://placekitten.com/816/575"
              }
            }
          ]
        }
      ]
    },
    {
      "timestamp": 1621558571,
      "title": "charlesthompson commented on Nicole Todd's post."
    },
    {
      "timestamp": 1622273772,
      "title": "charlesthompson commented on Michelle Johnson's photo."
    },
    {
      "timestamp": 1608576267,
      "title": "charlesthompson commented on James Smith's photo."
    },
    {
      "timestamp": 1620599612,
      "title": "charlesthompson commented on Hannah Tucker's video.",
      "attachments": [
        {
          "data": [
            {
              "external_context": {
                "url": "http://www.nguyen-davis.com/"
              },
              "media": {
                "uri": "https://dummyimage.com/442x270"
              }
            }
          ]
        }
      ],
      "data": [
        {
          "comment": {
            "timestamp": 1595424390,
            "comment": "See know fly approach situation. Pass dinner skill fly race pull. Successful would key father particularly white never.",
            "author": "charlesthompson",
            "group": "Cook-Watson"
          }
        }
      ]
    },
    {
      "timestamp": 1599707936,
      "title": "charlesthompson commented on Amy Hart's video.",
      "data": [
        {
          "comment": {
            "timestamp": 1580347648,
            "comment": "Purpose yeah score suffer range. Statement on education assume recently after value. Finally fine level recent wide risk oil. Indeed can gas throughout put true let.",
            "author": "charlesthompson",
            "group": "Cooley Ltd"
          }
        }
      ]
    },
    {
      "timestamp": 1597469906,
      "title": "charlesthompson commented on Richard Richards's photo."
    },
    {
      "timestamp": 1613508867,
      "title": "charlesthompson replied to Raven Johnson's comment.",
      "attachments": [
        {
          "data": [
            {
              "external_context": {
                "url": "https://clark.com/"
              },
              "media": {
                "uri": "https://placekitten.com/651/578"
              }
            }
          ]
        }
      ]
    },
    {
      "timestamp": 1612259306,
      "title": "charlesthompson commented on her own post.",
      "data": [
        {
          "comment": {
            "timestamp": 1584395428,
            "comment": "Rate theory figure call market. Recent understand focus ball we value nation. He wall organization.",
            "author": "charlesthompson",
            "group": "Maynard, Brown and Yang"
          }
        }
      ]
    },
    {
      "timestamp": 1587629688,
      "title": "charlesthompson commented on Shelly Wallace's photo.",
      "data": [
        {
          "comment": {
            "timestamp": 1605671783,
            "comment": "Woman hair director yet ready low. See true author.",
            "author": "charlesthompson",
            "group": "Gordon PLC"
          }
        }
      ]
    },
    {
      "timestamp": 1621233706,
      "title": "charlesthompson commented on Sarah Higgins's photo.",
      "attachments": [
        {
          "data": [
            {
              "external_context": {
                "url": "http://www.nguyen.com/"
              },
              "media": {
                "uri": "https://placekitten.com/970/813"
              }
            }
          ]
        }
      ],
      "data": [
        {
          "comment": {
            "timestamp": 1620975590,
            "comment": "He face role fast receive poor. Despite campaign process. Care consider indicate choice economic military likely case.",
            "author": "charlesthompson",
            "group": "Barrett, Estes and Weeks"
          }
        }
      ]
    },
    {
      "timestamp": 1600890845,
      "title": "charlesthompson commented on Lauren Williams's photo."
    },
    {
      "timestamp": 1611624568,
      "title": "charlesthompson commented on Joshua Proctor's video."
    },
    {
      "timestamp": 1616951966,
      "title": "charlesthompson commented on Karen Robinson's photo."
    },
    {
      "timestamp": 1611259754,
      "title": "charlesthompson commented on Melissa Evans's video."
    },
    {
      "timestamp": 1588457878,
      "title": "charlesthompson commented on Walter Wright's post."
    },
    {
      "timestamp": 1580897958,
      "title": "charlesthompson commented on her own post.",
      "attachments": [
        {
          "data": [
            {
              "external_context": {
                "url": "https://galvan-stokes.info/"
              },
              "media": {
                "uri": "https://dummyimage.com/511x721"
              }
            }
          ]
        }
      ],
      "data": [
        {
          "comment": {
            "timestamp": 1581088540,
            "comment": "Fish for food. Thank take part tell prevent PM wear. Large list give.",
            "author": "charlesthompson",
            "group": "Hendrix PLC"
          }
        }
      ]
    },
    {
      "timestamp": 1607861151,
      "title": "charlesthompson replied to Sheila Doyle's comment.",
      "data": [
        {
          "comment": {
            "timestamp": 1587241944,
            "comment": "Evidence between yes manage main sit. Capital without land music. Across identify budget.\nNews according economic woman skill. Certain chair on middle glass of source.",
            "author": "charlesthompson",
            "group": "Brown, Peterson and Prince"
          }
        }
      ]
    },
    {
      "timestamp": 1608890022,
      "title": "charlesthompson commented on Ashley Everett's photo.",
      "data": [
        {
          "comment": {
            "timestamp": 1589168512,
            "comment": "Relate rather space commercial decade wonder law among. Cost rest with including black protect bed suddenly. Mean attorney at play medical off sea.",
            "author": "charlesthompson",
            "group": "Flores, Alexander and Phillips"
          }
        }
      ]
    },
    {
      "timestamp": 1604418772,
      "title": "charlesthompson commented on Matthew Savage's video."
    },
    {
      "timestamp": 1595138640,
      "title": "charlesthompson commented on Terry Mcintyre's post."
    },
    {
      "timestamp": 1597456367,
      "title": "charlesthompson commented on her own post.",
      "data": [
        {
          "comment": {
            "timestamp": 1596761279,
            "comment": "Take pressure mind hit their tonight. Cost gun theory system reach property develop.\nRecognize single police bill board its billion. Best drug travel environment.",
            "author": "charlesthompson",
            "group": "Woods-Solis"
          }
        }
      ]
    },
    {
      "timestamp": 1590250749,
      "title": "charlesthompson replied to Mark Barker's comment.",
      "data": [
        {
          "comment": {
            "timestamp": 1600967317,
            "comment": "Culture newspaper reflect together. Today game push guy event Congress young. Bed work later practice.",
            "author": "charlesthompson",
            "group": "Howard-Marsh"
          }
        }
      ]
    },
    {
      "timestamp": 1602663295,
      "title": "charlesthompson commented on Aaron Davenport's post."
    },
    {
      "timestamp": 1582329809,
      "title": "charlesthompson replied to Stephanie Long's comment."
    }
  ]
}