{
  "history": [
    {
      "title": "Enhanced fault-tolerant website",
      "action": "Clicked ad",
      "timestamp": 1598554670
    },
    {
      "title": "Upgradable logistical migration",
      "action": "Clicked ad",
      "timestamp": 1585655764
    },
    {
      "title": "Re-engineered reciprocal database",
      "action": "Clicked ad",
      "timestamp": 1589711521
    },
    {
      "title": "Programmable system-worthy attitude",
      "action": "Clicked ad",
      "timestamp": 1578759564
    },
    {
      "title": "Team-oriented responsive throughput",
      "action": "Clicked ad",
      "timestamp": 1590147003
    },
    {
      "title": "Cross-platform transitional Internet solution",
      "action": "Clicked ad",
      "timestamp": 1592598399
    },
    {
      "title": "De-engineered tertiary function",
      "action": "Clicked ad",
      "timestamp": 1589294985
    },
    {
      "title": "Front-line scalable neural-net",
      "action": "Clicked ad",
      "timestamp": 1605769560
    },
    {
      "title": "Streamlined incremental support",
      "action": "Clicked ad",
      "timestamp": 1591626702
    },
    {
      "title": "Synchronized object-oriented conglomeration",
      "action": "Clicked ad",
      "timestamp": 1590290399
    }
  ]
}