{
  "companies_followed": [
    {
      "company_name": "Serrano-Mann",
      "timestamp": 1625053935
    },
    {
      "company_name": "Harris, Davis and Alexander",
      "timestamp": 1618511805
    },
    {
      "company_name": "Davidson Ltd",
      "timestamp": 1582438141
    },
    {
      "company_name": "Garcia, Conrad and Knight",
      "timestamp": 1628253605
    },
    {
      "company_name": "Bailey Group",
      "timestamp": 1623858452
    },
    {
      "company_name": "Weaver-Boyd",
      "timestamp": 1583182438
    },
    {
      "company_name": "Smith Inc",
      "timestamp": 1610668910
    },
    {
      "company_name": "Adams-Harvey",
      "timestamp": 1591831334
    },
    {
      "company_name": "Aguilar and Sons",
      "timestamp": 1603163932
    },
    {
      "company_name": "Martinez, Hayes and Martinez",
      "timestamp": 1602925468
    },
    {
      "company_name": "Harper Group",
      "timestamp": 1612814770
    },
    {
      "company_name": "Johnson-Hubbard",
      "timestamp": 1600587152
    },
    {
      "company_name": "Smith Group",
      "timestamp": 1614815454
    },
    {
      "company_name": "Sparks-Allen",
      "timestamp": 1609081763
    },
    {
      "company_name": "Mann PLC",
      "timestamp": 1610041870
    },
    {
      "company_name": "Kirby, Edwards and Decker",
      "timestamp": 1628412096
    },
    {
      "company_name": "Guzman-Garcia",
      "timestamp": 1592635318
    },
    {
      "company_name": "Cook Group",
      "timestamp": 1621893224
    },
    {
      "company_name": "Rodriguez, Mays and Richards",
      "timestamp": 1599599427
    },
    {
      "company_name": "Carr, Mcclain and Marshall",
      "timestamp": 1598137624
    }
  ]
}