{
  "companies_followed": [
    {
      "company_name": "Kim-Suarez",
      "timestamp": 1638967278
    },
    {
      "company_name": "Mayer-Wallace",
      "timestamp": 1593287415
    },
    {
      "company_name": "Brady, Robinson and Delgado",
      "timestamp": 1621384091
    },
    {
      "company_name": "Rocha, Ortega and Cook",
      "timestamp": 1606350772
    },
    {
      "company_name": "Jensen, Gonzalez and Santos",
      "timestamp": 1628666782
    },
    {
      "company_name": "Bradley-Evans",
      "timestamp": 1600858011
    },
    {
      "company_name": "Mora, Santos and Fischer",
      "timestamp": 1616867040
    },
    {
      "company_name": "Thompson Group",
      "timestamp": 1588028299
    },
    {
      "company_name": "Phillips-Winters",
      "timestamp": 1609999846
    },
    {
      "company_name": "Ellis, Edwards and Rodriguez",
      "timestamp": 1584500614
    },
    {
      "company_name": "Ruiz, Edwards and Chavez",
      "timestamp": 1611792874
    },
    {
      "company_name": "Romero LLC",
      "timestamp": 1583736863
    },
    {
      "company_name": "Hall-Solomon",
      "timestamp": 1577894523
    },
    {
      "company_name": "Gray, Sawyer and Foster",
      "timestamp": 1652433971
    },
    {
      "company_name": "Miller Group",
      "timestamp": 1639524701
    },
    {
      "company_name": "Evans Inc",
      "timestamp": 1582404996
    },
    {
      "company_name": "Anderson LLC",
      "timestamp": 1592059402
    },
    {
      "company_name": "Ramirez, Terry and Hardy",
      "timestamp": 1624933766
    },
    {
      "company_name": "Little-Miller",
      "timestamp": 1633597087
    },
    {
      "company_name": "Sawyer-Rice",
      "timestamp": 1637290723
    }
  ]
}