{
  "page_likes": [
    {
      "name": "Arnold, Ho and Wilson",
      "timestamp": 1586833784
    },
    {
      "name": "Garcia-Williams",
      "timestamp": 1579024990
    },
    {
      "name": "Vargas, Salazar and Crawford",
      "timestamp": 1597135357
    },
    {
      "name": "Burch, Hahn and Williams",
      "timestamp": 1592849617
    },
    {
      "name": "Smith-Montgomery",
      "timestamp": 1600934222
    },
    {
      "name": "Barron Inc",
      "timestamp": 1579164784
    },
    {
      "name": "Evans Group",
      "timestamp": 1584969415
    },
    {
      "name": "Jordan, Castro and Roberts",
      "timestamp": 1597404420
    },
    {
      "name": "Gentry and Sons",
      "timestamp": 1593371099
    },
    {
      "name": "Johnson-Sullivan",
      "timestamp": 1582120461
    },
    {
      "name": "Pham-Tucker",
      "timestamp": 1594356997
    },
    {
      "name": "Cruz PLC",
      "timestamp": 1609211106
    },
    {
      "name": "Lee, Hampton and Levy",
      "timestamp": 1592931171
    },
    {
      "name": "Smith-Hammond",
      "timestamp": 1580945890
    },
    {
      "name": "Pineda, Walters and Johnson",
      "timestamp": 1611205644
    },
    {
      "name": "Rogers, Jones and Kennedy",
      "timestamp": 1599201449
    },
    {
      "name": "Davis PLC",
      "timestamp": 1604499238
    },
    {
      "name": "Mason LLC",
      "timestamp": 1611279485
    },
    {
      "name": "Hobbs-Foster",
      "timestamp": 1585750112
    },
    {
      "name": "Mcconnell, Petty and Reyes",
      "timestamp": 1587054003
    }
  ]
}