{
  "reactions": [
    {
      "timestamp": 1582052390,
      "data": [
        {
          "reaction": {
            "reaction": "LIKE",
            "actor": "todd47"
          }
        }
      ],
      "title": "todd47 likes Larry Beltran's post."
    },
    {
      "timestamp": 1600531168,
      "data": [
        {
          "reaction": {
            "reaction": "LIKE",
            "actor": "todd47"
          }
        }
      ],
      "title": "todd47 likes Fernando Smith's post."
    },
    {
      "timestamp": 1581521993,
      "data": [
        {
          "reaction": {
            "reaction": "LIKE",
            "actor": "todd47"
          }
        }
      ],
      "title": "todd47 likes Thomas Hernandez's post."
    },
    {
      "timestamp": 1596045664,
      "data": [
        {
          "reaction": {
            "reaction": "LIKE",
            "actor": "todd47"
          }
        }
      ],
      "title": "todd47 likes Whitney Jones's post."
    },
    {
      "timestamp": 1612297746,
      "data": [
        {
          "reaction": {
            "reaction": "LIKE",
            "actor": "todd47"
          }
        }
      ],
      "title": "todd47 likes Keith Shaw's post."
    },
    {
      "timestamp": 1608885704,
      "data": [
        {
          "reaction": {
            "reaction": "LIKE",
            "actor": "todd47"
          }
        }
      ],
      "title": "todd47 likes Justin Aguilar's post."
    },
    {
      "timestamp": 1579788618,
      "data": [
        {
          "reaction": {
            "reaction": "LIKE",
            "actor": "todd47"
          }
        }
      ],
      "title": "todd47 likes Rodney Carey's post."
    },
    {
      "timestamp": 1589620242,
      "data": [
        {
          "reaction": {
            "reaction": "LIKE",
            "actor": "todd47"
          }
        }
      ],
      "title": "todd47 likes Christina Turner's post."
    },
    {
      "timestamp": 1600921161,
      "data": [
        {
          "reaction": {
            "reaction": "LIKE",
            "actor": "todd47"
          }
        }
      ],
      "title": "todd47 likes Amy Hicks's post."
    },
    {
      "timestamp": 1604071319,
      "data": [
        {
          "reaction": {
            "reaction": "LIKE",
            "actor": "todd47"
          }
        }
      ],
      "title": "todd47 likes Shawn Roberts's post."
    },
    {
      "timestamp": 1606834154,
      "data": [
        {
          "reaction": {
            "reaction": "LIKE",
            "actor": "todd47"
          }
        }
      ],
      "title": "todd47 likes Jacob Merritt's post."
    },
    {
      "timestamp": 1601248894,
      "data": [
        {
          "reaction": {
            "reaction": "LIKE",
            "actor": "todd47"
          }
        }
      ],
      "title": "todd47 likes Ryan Ortiz's post."
    },
    {
      "timestamp": 1608651593,
      "data": [
        {
          "reaction": {
            "reaction": "LIKE",
            "actor": "todd47"
          }
        }
      ],
      "title": "todd47 likes Rachel Howard's post."
    },
    {
      "timestamp": 1586718117,
      "data": [
        {
          "reaction": {
            "reaction": "LIKE",
            "actor": "todd47"
          }
        }
      ],
      "title": "todd47 likes Patricia Garcia's post."
    },
    {
      "timestamp": 1605322310,
      "data": [
        {
          "reaction": {
            "reaction": "LIKE",
            "actor": "todd47"
          }
        }
      ],
      "title": "todd47 likes Jack Wilson's post."
    },
    {
      "timestamp": 1584234647,
      "data": [
        {
          "reaction": {
            "reaction": "LIKE",
            "actor": "todd47"
          }
        }
      ],
      "title": "todd47 likes Michelle Strong's post."
    },
    {
      "timestamp": 1593326424,
      "data": [
        {
          "reaction": {
            "reaction": "LIKE",
            "actor": "todd47"
          }
        }
      ],
      "title": "todd47 likes Tracy Mcconnell's post."
    },
    {
      "timestamp": 1603859138,
      "data": [
        {
          "reaction": {
            "reaction": "LIKE",
            "actor": "todd47"
          }
        }
      ],
      "title": "todd47 likes Kathleen Moore's post."
    },
    {
      "timestamp": 1582547610,
      "data": [
        {
          "reaction": {
            "reaction": "LIKE",
            "actor": "todd47"
          }
        }
      ],
      "title": "todd47 likes Jacob Meyers's post."
    },
    {
      "timestamp": 1587011631,
      "data": [
        {
          "reaction": {
            "reaction": "LOVE",
            "actor": "todd47"
          }
        }
      ],
      "title": "todd47 likes Mrs. Robin Hammond MD's post."
    }
  ]
}