{
  "history": [
    {
      "title": "Polarized zero tolerance service-desk",
      "action": "Clicked ad",
      "timestamp": 1599396577
    },
    {
      "title": "Cloned tertiary focus group",
      "action": "Clicked ad",
      "timestamp": 1578971631
    },
    {
      "title": "Profound incremental hardware",
      "action": "Clicked ad",
      "timestamp": 1598470967
    },
    {
      "title": "Enterprise-wide fresh-thinking toolset",
      "action": "Clicked ad",
      "timestamp": 1593544620
    },
    {
      "title": "Ameliorated directional task-force",
      "action": "Clicked ad",
      "timestamp": 1597057479
    },
    {
      "title": "Re-contextualized cohesive solution",
      "action": "Clicked ad",
      "timestamp": 1596171568
    },
    {
      "title": "Proactive secondary migration",
      "action": "Clicked ad",
      "timestamp": 1591767660
    },
    {
      "title": "Multi-layered coherent superstructure",
      "action": "Clicked ad",
      "timestamp": 1593612994
    },
    {
      "title": "Triple-buffered mission-critical service-desk",
      "action": "Clicked ad",
      "timestamp": 1579434835
    },
    {
      "title": "De-engineered web-enabled neural-net",
      "action": "Clicked ad",
      "timestamp": 1584841528
    }
  ]
}